Experiment_Family,Design_Name,Transmit_Power_W,TX_Diameter_m,RX_Diameter_m,Slot_Rate_Hz,PPM_Order,Packet_Bits,Background_Photons_Per_Slot,Route_Name,N_Worlds,Mean_End_To_End_Packet_Success,Minimum,Maximum,Worlds_At_Least_50pct,Worlds_At_Least_90pct,Worlds_At_Least_99pct,Worlds_At_Least_99_9pct
Baseline,Baseline,10,0.20000000000000001,0.20000000000000001,1000000,16,8192,0,Direct_Earth_to_Mars,100,2.0318336492769748e-07,0,1.916420232539778e-05,0,0,0,0
Baseline,Baseline,10,0.20000000000000001,0.20000000000000001,1000000,16,8192,0,Earth_Relay0_Mars,100,1.0609821141300661e-33,0,1.0196247201264345e-31,0,0,0,0
Baseline,Baseline,10,0.20000000000000001,0.20000000000000001,1000000,16,8192,0,Earth_Relay1_Mars,100,1.2971647605598136e-98,0,1.297162921605529e-96,0,0,0,0
Baseline,Baseline,10,0.20000000000000001,0.20000000000000001,1000000,16,8192,0,Earth_Relay2_Mars,100,3.3771733933401175e-08,0,3.2312553277969095e-06,0,0,0,0
Baseline,Baseline,10,0.20000000000000001,0.20000000000000001,1000000,16,8192,0.01,Direct_Earth_to_Mars,100,7.1417463928134478e-11,0,7.0582182350925273e-09,0,0,0,0
Baseline,Baseline,10,0.20000000000000001,0.20000000000000001,1000000,16,8192,0.01,Earth_Relay0_Mars,100,3.2294144291216352e-50,0,3.1285009456237687e-48,0,0,0,0
Baseline,Baseline,10,0.20000000000000001,0.20000000000000001,1000000,16,8192,0.01,Earth_Relay1_Mars,100,5.238640524711421e-135,0,5.2385678681066279e-133,0,0,0,0
Baseline,Baseline,10,0.20000000000000001,0.20000000000000001,1000000,16,8192,0.01,Earth_Relay2_Mars,100,4.2852307060914593e-12,0,4.2510528764216468e-10,0,0,0,0
Baseline,Baseline,10,0.20000000000000001,0.20000000000000001,1000000,16,8192,0.10000000000000001,Direct_Earth_to_Mars,100,1.9611329688004448e-29,0,1.9611275187928283e-27,0,0,0,0
Baseline,Baseline,10,0.20000000000000001,0.20000000000000001,1000000,16,8192,0.10000000000000001,Earth_Relay0_Mars,100,1.0974623763655028e-136,0,1.0835038181136977e-134,0,0,0,0
Baseline,Baseline,10,0.20000000000000001,0.20000000000000001,1000000,16,8192,0.10000000000000001,Earth_Relay1_Mars,100,0,0,9.8813129168249309e-324,0,0,0,0
Baseline,Baseline,10,0.20000000000000001,0.20000000000000001,1000000,16,8192,0.10000000000000001,Earth_Relay2_Mars,100,5.7300195113270193e-33,0,5.7300129202772654e-31,0,0,0,0
Baseline,Baseline,10,0.20000000000000001,0.20000000000000001,1000000,16,8192,1,Direct_Earth_to_Mars,100,7.6069921594581266e-146,0,7.6069921594581263e-144,0,0,0,0
Baseline,Baseline,10,0.20000000000000001,0.20000000000000001,1000000,16,8192,1,Earth_Relay0_Mars,100,0,0,0,0,0,0,0
Baseline,Baseline,10,0.20000000000000001,0.20000000000000001,1000000,16,8192,1,Earth_Relay1_Mars,100,0,0,0,0,0,0,0
Baseline,Baseline,10,0.20000000000000001,0.20000000000000001,1000000,16,8192,1,Earth_Relay2_Mars,100,5.6168713853142084e-159,0,5.6168713853142084e-157,0,0,0,0
Baseline,Baseline,10,0.20000000000000001,0.20000000000000001,1000000,16,8192,4,Direct_Earth_to_Mars,100,0,0,0,0,0,0,0
Baseline,Baseline,10,0.20000000000000001,0.20000000000000001,1000000,16,8192,4,Earth_Relay0_Mars,100,0,0,0,0,0,0,0
Baseline,Baseline,10,0.20000000000000001,0.20000000000000001,1000000,16,8192,4,Earth_Relay1_Mars,100,0,0,0,0,0,0,0
Baseline,Baseline,10,0.20000000000000001,0.20000000000000001,1000000,16,8192,4,Earth_Relay2_Mars,100,0,0,0,0,0,0,0
Transmit_Power,Power_25W,25,0.20000000000000001,0.20000000000000001,1000000,16,8192,0,Direct_Earth_to_Mars,100,0.073796744831862812,0,0.99584047468691517,7,5,2,0
Transmit_Power,Power_25W,25,0.20000000000000001,0.20000000000000001,1000000,16,8192,0,Earth_Relay0_Mars,100,0.092768011645394152,0,0.74773023342238798,10,0,0,0
Transmit_Power,Power_25W,25,0.20000000000000001,0.20000000000000001,1000000,16,8192,0,Earth_Relay1_Mars,100,9.0827707159368175e-05,0,0.0068690237990079598,0,0,0,0
Transmit_Power,Power_25W,25,0.20000000000000001,0.20000000000000001,1000000,16,8192,0,Earth_Relay2_Mars,100,0.071660597139945575,0,0.99393361453890572,7,5,1,0
Transmit_Power,Power_25W,25,0.20000000000000001,0.20000000000000001,1000000,16,8192,0.01,Direct_Earth_to_Mars,100,0.063780606398911505,0,0.98813727727970402,7,4,0,0
Transmit_Power,Power_25W,25,0.20000000000000001,0.20000000000000001,1000000,16,8192,0.01,Earth_Relay0_Mars,100,0.045457122039956693,0,0.51906797690525219,1,0,0,0
Transmit_Power,Power_25W,25,0.20000000000000001,0.20000000000000001,1000000,16,8192,0.01,Earth_Relay1_Mars,100,1.1253373104325925e-06,0,0.00010237110059003649,0,0,0,0
Transmit_Power,Power_25W,25,0.20000000000000001,0.20000000000000001,1000000,16,8192,0.01,Earth_Relay2_Mars,100,0.06159010937676232,0,0.98306383765600469,7,4,0,0
Transmit_Power,Power_25W,25,0.20000000000000001,0.20000000000000001,1000000,16,8192,0.10000000000000001,Direct_Earth_to_Mars,100,0.042937570491360065,0,0.93384542736813658,4,1,0,0
Transmit_Power,Power_25W,25,0.20000000000000001,0.20000000000000001,1000000,16,8192,0.10000000000000001,Earth_Relay0_Mars,100,0.0016257119486150469,0,0.053487959900106644,0,0,0,0
Transmit_Power,Power_25W,25,0.20000000000000001,0.20000000000000001,1000000,16,8192,0.10000000000000001,Earth_Relay1_Mars,100,6.781399368302971e-17,0,6.7795883180209701e-15,0,0,0,0
Transmit_Power,Power_25W,25,0.20000000000000001,0.20000000000000001,1000000,16,8192,0.10000000000000001,Earth_Relay2_Mars,100,0.039185820045919549,0,0.90846246215470494,4,1,0,0
Transmit_Power,Power_25W,25,0.20000000000000001,0.20000000000000001,1000000,16,8192,1,Direct_Earth_to_Mars,100,0.00215962498223366,0,0.14902734527120579,0,0,0,0
Transmit_Power,Power_25W,25,0.20000000000000001,0.20000000000000001,1000000,16,8192,1,Earth_Relay0_Mars,100,7.955507466204154e-19,0,7.922271205648947e-17,0,0,0,0
Transmit_Power,Power_25W,25,0.20000000000000001,0.20000000000000001,1000000,16,8192,1,Earth_Relay1_Mars,100,3.6729071889019181e-97,0,3.672907188901911e-95,0,0,0,0
Transmit_Power,Power_25W,25,0.20000000000000001,0.20000000000000001,1000000,16,8192,1,Earth_Relay2_Mars,100,0.0011090855197391897,0,0.08245010855967716,0,0,0,0
Transmit_Power,Power_25W,25,0.20000000000000001,0.20000000000000001,1000000,16,8192,4,Direct_Earth_to_Mars,100,8.7437832667128585e-18,0,8.7436895314881713e-16,0,0,0,0
Transmit_Power,Power_25W,25,0.20000000000000001,0.20000000000000001,1000000,16,8192,4,Earth_Relay0_Mars,100,1.1840819672228316e-126,0,1.1840817983217582e-124,0,0,0,0
Transmit_Power,Power_25W,25,0.20000000000000001,0.20000000000000001,1000000,16,8192,4,Earth_Relay1_Mars,100,0,0,0,0,0,0,0
Transmit_Power,Power_25W,25,0.20000000000000001,0.20000000000000001,1000000,16,8192,4,Earth_Relay2_Mars,100,6.706918008872221e-21,0,6.7069005725590178e-19,0,0,0,0
Transmit_Power,Power_50W,50,0.20000000000000001,0.20000000000000001,1000000,16,8192,0,Direct_Earth_to_Mars,100,0.15257908093944736,0,0.99999999151577867,15,13,11,8
Transmit_Power,Power_50W,50,0.20000000000000001,0.20000000000000001,1000000,16,8192,0,Earth_Relay0_Mars,100,0.23488790655192954,0,0.99996014957572732,24,21,20,19
Transmit_Power,Power_50W,50,0.20000000000000001,0.20000000000000001,1000000,16,8192,0,Earth_Relay1_Mars,100,0.065329259379080615,0,0.98820551420113845,7,3,0,0
Transmit_Power,Power_50W,50,0.20000000000000001,0.20000000000000001,1000000,16,8192,0,Earth_Relay2_Mars,100,0.15072983898391348,0,0.9999999819222013,15,12,11,8
Transmit_Power,Power_50W,50,0.20000000000000001,0.20000000000000001,1000000,16,8192,0.01,Direct_Earth_to_Mars,100,0.13898911242965195,0,0.99999995871144254,14,11,10,7
Transmit_Power,Power_50W,50,0.20000000000000001,0.20000000000000001,1000000,16,8192,0.01,Earth_Relay0_Mars,100,0.22912914955007491,0,0.99985817725248038,24,21,19,12
Transmit_Power,Power_50W,50,0.20000000000000001,0.20000000000000001,1000000,16,8192,0.01,Earth_Relay1_Mars,100,0.049053672379535229,0,0.96837003136652655,4,3,0,0
Transmit_Power,Power_50W,50,0.20000000000000001,0.20000000000000001,1000000,16,8192,0.01,Earth_Relay2_Mars,100,0.13736015738987978,0,0.99999991417007916,14,11,10,7
Transmit_Power,Power_50W,50,0.20000000000000001,0.20000000000000001,1000000,16,8192,0.10000000000000001,Direct_Earth_to_Mars,100,0.11751034575608203,0,0.99999959112378012,11,11,7,7
Transmit_Power,Power_50W,50,0.20000000000000001,0.20000000000000001,1000000,16,8192,0.10000000000000001,Earth_Relay0_Mars,100,0.20952268819630493,0,0.99898479996939804,21,20,14,0
Transmit_Power,Power_50W,50,0.20000000000000001,0.20000000000000001,1000000,16,8192,0.10000000000000001,Earth_Relay1_Mars,100,0.026374735859482037,0,0.84019506349012718,3,0,0,0
Transmit_Power,Power_50W,50,0.20000000000000001,0.20000000000000001,1000000,16,8192,0.10000000000000001,Earth_Relay2_Mars,100,0.1160097560269982,0,0.99999917208504174,11,11,7,7
Transmit_Power,Power_50W,50,0.20000000000000001,0.20000000000000001,1000000,16,8192,1,Direct_Earth_to_Mars,100,0.085236008891186682,0,0.99992339198683056,9,7,5,3
Transmit_Power,Power_50W,50,0.20000000000000001,0.20000000000000001,1000000,16,8192,1,Earth_Relay0_Mars,100,0.14982400242565325,0,0.94134879916634617,19,4,0,0
Transmit_Power,Power_50W,50,0.20000000000000001,0.20000000000000001,1000000,16,8192,1,Earth_Relay1_Mars,100,0.00021976168731894805,0,0.018135998376784604,0,0,0,0
Transmit_Power,Power_50W,50,0.20000000000000001,0.20000000000000001,1000000,16,8192,1,Earth_Relay2_Mars,100,0.082867802135711502,0,0.99985880696460472,8,7,5,3
Transmit_Power,Power_50W,50,0.20000000000000001,0.20000000000000001,1000000,16,8192,4,Direct_Earth_to_Mars,100,0.049472900875345303,0,0.98278085053470632,5,3,0,0
Transmit_Power,Power_50W,50,0.20000000000000001,0.20000000000000001,1000000,16,8192,4,Earth_Relay0_Mars,100,0.0013476935976594201,0,0.053905026244595679,0,0,0,0
Transmit_Power,Power_50W,50,0.20000000000000001,0.20000000000000001,1000000,16,8192,4,Earth_Relay1_Mars,100,4.6724552525145239e-28,0,4.6724551882763551e-26,0,0,0,0
Transmit_Power,Power_50W,50,0.20000000000000001,0.20000000000000001,1000000,16,8192,4,Earth_Relay2_Mars,100,0.045622769560892618,0,0.97227043558367676,4,2,0,0
Transmit_Power,Power_100W,100,0.20000000000000001,0.20000000000000001,1000000,16,8192,0,Direct_Earth_to_Mars,100,0.26910785825093803,3.8013697541581468e-247,1,28,23,21,16
Transmit_Power,Power_100W,100,0.20000000000000001,0.20000000000000001,1000000,16,8192,0,Earth_Relay0_Mars,100,0.28496716252484172,0,0.99999999999863576,29,24,24,24
Transmit_Power,Power_100W,100,0.20000000000000001,0.20000000000000001,1000000,16,8192,0,Earth_Relay1_Mars,100,0.1676138085848223,0,0.99999993127926479,17,14,11,9
Transmit_Power,Power_100W,100,0.20000000000000001,0.20000000000000001,1000000,16,8192,0,Earth_Relay2_Mars,100,0.26821494666548201,0,1,28,23,20,16
Transmit_Power,Power_100W,100,0.20000000000000001,0.20000000000000001,1000000,16,8192,0.01,Direct_Earth_to_Mars,100,0.25747104948999955,3.7520530862238608e-302,1,28,22,19,16
Transmit_Power,Power_100W,100,0.20000000000000001,0.20000000000000001,1000000,16,8192,0.01,Earth_Relay0_Mars,100,0.26642417927955792,0,0.99999999999431566,26,24,24,24
Transmit_Power,Power_100W,100,0.20000000000000001,0.20000000000000001,1000000,16,8192,0.01,Earth_Relay1_Mars,100,0.15118150999662244,0,0.99999968814522933,15,13,11,7
Transmit_Power,Power_100W,100,0.20000000000000001,0.20000000000000001,1000000,16,8192,0.01,Earth_Relay2_Mars,100,0.25604588819452195,0,1,26,22,19,15
Transmit_Power,Power_100W,100,0.20000000000000001,0.20000000000000001,1000000,16,8192,0.10000000000000001,Direct_Earth_to_Mars,100,0.22394935655908704,0,0.99999999999340616,22,20,16,14
Transmit_Power,Power_100W,100,0.20000000000000001,0.20000000000000001,1000000,16,8192,0.10000000000000001,Earth_Relay0_Mars,100,0.24388213009018347,0,0.99999999991973709,24,24,24,24
Transmit_Power,Power_100W,100,0.20000000000000001,0.20000000000000001,1000000,16,8192,0.10000000000000001,Earth_Relay1_Mars,100,0.12680948891026225,0,0.99999713132867496,13,11,7,4
Transmit_Power,Power_100W,100,0.20000000000000001,0.20000000000000001,1000000,16,8192,0.10000000000000001,Earth_Relay2_Mars,100,0.22213112908050217,0,0.99999999999522515,22,20,16,14
Transmit_Power,Power_100W,100,0.20000000000000001,0.20000000000000001,1000000,16,8192,1,Direct_Earth_to_Mars,100,0.16824647578695859,0,0.99999999999954525,16,14,12,11
Transmit_Power,Power_100W,100,0.20000000000000001,0.20000000000000001,1000000,16,8192,1,Earth_Relay0_Mars,100,0.23916321281125971,0,0.99999996446194994,24,24,21,20
Transmit_Power,Power_100W,100,0.20000000000000001,0.20000000000000001,1000000,16,8192,1,Earth_Relay1_Mars,100,0.083772680840481881,0,0.99958712342598588,9,5,3,1
Transmit_Power,Power_100W,100,0.20000000000000001,0.20000000000000001,1000000,16,8192,1,Earth_Relay2_Mars,100,0.16603894891304627,0,1,16,14,11,11
Transmit_Power,Power_100W,100,0.20000000000000001,0.20000000000000001,1000000,16,8192,4,Direct_Earth_to_Mars,100,0.12115239493363367,0,0.99999999979763743,12,11,10,7
Transmit_Power,Power_100W,100,0.20000000000000001,0.20000000000000001,1000000,16,8192,4,Earth_Relay0_Mars,100,0.21389959869633376,0,0.99996449936432574,21,20,19,14
Transmit_Power,Power_100W,100,0.20000000000000001,0.20000000000000001,1000000,16,8192,4,Earth_Relay1_Mars,100,0.030659049784310475,0,0.93691014395559535,3,1,0,0
Transmit_Power,Power_100W,100,0.20000000000000001,0.20000000000000001,1000000,16,8192,4,Earth_Relay2_Mars,100,0.11946196167753279,0,0.99999999939814188,11,11,9,7
Aperture,TX_RX_30cm,10,0.29999999999999999,0.29999999999999999,1000000,16,8192,0,Direct_Earth_to_Mars,100,0.15452693032699694,0,0.99999999388660399,16,13,11,9
Aperture,TX_RX_30cm,10,0.29999999999999999,0.29999999999999999,1000000,16,8192,0,Earth_Relay0_Mars,100,0.23542569501169422,0,0.99996808213636745,24,22,20,19
Aperture,TX_RX_30cm,10,0.29999999999999999,0.29999999999999999,1000000,16,8192,0,Earth_Relay1_Mars,100,0.067542225543715181,0,0.98984755521784162,7,4,0,0
Aperture,TX_RX_30cm,10,0.29999999999999999,0.29999999999999999,1000000,16,8192,0,Earth_Relay2_Mars,100,0.15264357778706614,0,0.99999998684756986,15,13,11,8
Aperture,TX_RX_30cm,10,0.29999999999999999,0.29999999999999999,1000000,16,8192,0.01,Direct_Earth_to_Mars,100,0.14061588302112016,0,0.99999996992937712,14,11,11,7
Aperture,TX_RX_30cm,10,0.29999999999999999,0.29999999999999999,1000000,16,8192,0.01,Earth_Relay0_Mars,100,0.23011858998461346,0,0.99988533514008993,24,21,19,13
Aperture,TX_RX_30cm,10,0.29999999999999999,0.29999999999999999,1000000,16,8192,0.01,Earth_Relay1_Mars,100,0.051011457403149885,0,0.97251534919627336,4,3,0,0
Aperture,TX_RX_30cm,10,0.29999999999999999,0.29999999999999999,1000000,16,8192,0.01,Earth_Relay2_Mars,100,0.13897092974505013,0,0.99999993690130595,14,11,10,7
Aperture,TX_RX_30cm,10,0.29999999999999999,0.29999999999999999,1000000,16,8192,0.10000000000000001,Direct_Earth_to_Mars,100,0.11888808124864121,0,0.99999969883838258,11,11,8,7
Aperture,TX_RX_30cm,10,0.29999999999999999,0.29999999999999999,1000000,16,8192,0.10000000000000001,Earth_Relay0_Mars,100,0.21110251761712662,0,0.99917124221307119,21,20,17,1
Aperture,TX_RX_30cm,10,0.29999999999999999,0.29999999999999999,1000000,16,8192,0.10000000000000001,Earth_Relay1_Mars,100,0.027692734432234502,0,0.85876593334098983,3,0,0,0
Aperture,TX_RX_30cm,10,0.29999999999999999,0.29999999999999999,1000000,16,8192,0.10000000000000001,Earth_Relay2_Mars,100,0.11736035858101786,0,0.99999938454194137,11,11,7,7
Aperture,TX_RX_30cm,10,0.29999999999999999,0.29999999999999999,1000000,16,8192,1,Direct_Earth_to_Mars,100,0.08695981859468023,0,0.99994125348342944,9,7,5,3
Aperture,TX_RX_30cm,10,0.29999999999999999,0.29999999999999999,1000000,16,8192,1,Earth_Relay0_Mars,100,0.15505424472069179,0,0.95026966603361274,19,6,0,0
Aperture,TX_RX_30cm,10,0.29999999999999999,0.29999999999999999,1000000,16,8192,1,Earth_Relay1_Mars,100,0.00034107566070652018,0,0.027188264643237505,0,0,0,0
Aperture,TX_RX_30cm,10,0.29999999999999999,0.29999999999999999,1000000,16,8192,1,Earth_Relay2_Mars,100,0.084583014685098962,0,0.99989078545573817,8,7,5,3
Aperture,TX_RX_30cm,10,0.29999999999999999,0.29999999999999999,1000000,16,8192,4,Direct_Earth_to_Mars,100,0.051437095118873344,0,0.98601719205521754,5,3,0,0
Aperture,TX_RX_30cm,10,0.29999999999999999,0.29999999999999999,1000000,16,8192,4,Earth_Relay0_Mars,100,0.0020927223496243061,0,0.076184744406664631,0,0,0,0
Aperture,TX_RX_30cm,10,0.29999999999999999,0.29999999999999999,1000000,16,8192,4,Earth_Relay1_Mars,100,2.914037647935467e-26,0,2.9140375479914348e-24,0,0,0,0
Aperture,TX_RX_30cm,10,0.29999999999999999,0.29999999999999999,1000000,16,8192,4,Earth_Relay2_Mars,100,0.047718142509803801,0,0.97728715077165573,5,3,0,0
Aperture,TX_RX_50cm,10,0.5,0.5,1000000,16,8192,0,Direct_Earth_to_Mars,100,0.62695835463714389,0.00032320159786401888,1,62,54,47,45
Aperture,TX_RX_50cm,10,0.5,0.5,1000000,16,8192,0,Earth_Relay0_Mars,100,0.60036227824242672,0,1,60,55,48,39
Aperture,TX_RX_50cm,10,0.5,0.5,1000000,16,8192,0,Earth_Relay1_Mars,100,0.59488993126778611,0,1,60,46,42,33
Aperture,TX_RX_50cm,10,0.5,0.5,1000000,16,8192,0,Earth_Relay2_Mars,100,0.58963038003650547,0,1,58,50,45,42
Aperture,TX_RX_50cm,10,0.5,0.5,1000000,16,8192,0.01,Direct_Earth_to_Mars,100,0.58067324666762532,6.6403718963184817e-07,1,59,47,46,43
Aperture,TX_RX_50cm,10,0.5,0.5,1000000,16,8192,0.01,Earth_Relay0_Mars,100,0.5650364007983999,0,1,57,50,44,39
Aperture,TX_RX_50cm,10,0.5,0.5,1000000,16,8192,0.01,Earth_Relay1_Mars,100,0.53052225268386832,0,1,52,46,39,32
Aperture,TX_RX_50cm,10,0.5,0.5,1000000,16,8192,0.01,Earth_Relay2_Mars,100,0.548126587945305,0,1,55,45,44,41
Aperture,TX_RX_50cm,10,0.5,0.5,1000000,16,8192,0.10000000000000001,Direct_Earth_to_Mars,100,0.50901060264989129,1.4213690687281657e-21,1,51,46,43,39
Aperture,TX_RX_50cm,10,0.5,0.5,1000000,16,8192,0.10000000000000001,Earth_Relay0_Mars,100,0.5160453516376744,0,1,53,45,39,38
Aperture,TX_RX_50cm,10,0.5,0.5,1000000,16,8192,0.10000000000000001,Earth_Relay1_Mars,100,0.45052586092824243,0,1,46,39,32,31
Aperture,TX_RX_50cm,10,0.5,0.5,1000000,16,8192,0.10000000000000001,Earth_Relay2_Mars,100,0.4816191821538387,0,1,47,44,41,39
Aperture,TX_RX_50cm,10,0.5,0.5,1000000,16,8192,1,Direct_Earth_to_Mars,100,0.43829030990039963,8.5553266788651027e-121,1,45,40,33,29
Aperture,TX_RX_50cm,10,0.5,0.5,1000000,16,8192,1,Earth_Relay0_Mars,100,0.40703007554278769,0,1,39,39,37,36
Aperture,TX_RX_50cm,10,0.5,0.5,1000000,16,8192,1,Earth_Relay1_Mars,100,0.34574804973339907,0,1,33,31,27,24
Aperture,TX_RX_50cm,10,0.5,0.5,1000000,16,8192,1,Earth_Relay2_Mars,100,0.41956751939075809,0,1,42,39,33,29
Aperture,TX_RX_50cm,10,0.5,0.5,1000000,16,8192,4,Direct_Earth_to_Mars,100,0.32716170797860572,0,1,33,29,28,28
Aperture,TX_RX_50cm,10,0.5,0.5,1000000,16,8192,4,Earth_Relay0_Mars,100,0.3691521901201118,0,1,37,36,32,29
Aperture,TX_RX_50cm,10,0.5,0.5,1000000,16,8192,4,Earth_Relay1_Mars,100,0.27829160407287912,0,1,27,24,20,17
Aperture,TX_RX_50cm,10,0.5,0.5,1000000,16,8192,4,Earth_Relay2_Mars,100,0.32450436837302815,0,1,33,29,28,28
Aperture,TX_RX_100cm,10,1,1,1000000,16,8192,0,Direct_Earth_to_Mars,100,1,1,1,100,100,100,100
Aperture,TX_RX_100cm,10,1,1,1000000,16,8192,0,Earth_Relay0_Mars,100,0.93999999999999995,0,1,94,94,94,94
Aperture,TX_RX_100cm,10,1,1,1000000,16,8192,0,Earth_Relay1_Mars,100,0.91000000000000003,0,1,91,91,91,91
Aperture,TX_RX_100cm,10,1,1,1000000,16,8192,0,Earth_Relay2_Mars,100,0.92000000000000004,0,1,92,92,92,92
Aperture,TX_RX_100cm,10,1,1,1000000,16,8192,0.01,Direct_Earth_to_Mars,100,1,1,1,100,100,100,100
Aperture,TX_RX_100cm,10,1,1,1000000,16,8192,0.01,Earth_Relay0_Mars,100,0.93999999999999995,0,1,94,94,94,94
Aperture,TX_RX_100cm,10,1,1,1000000,16,8192,0.01,Earth_Relay1_Mars,100,0.91000000000000003,0,1,91,91,91,91
Aperture,TX_RX_100cm,10,1,1,1000000,16,8192,0.01,Earth_Relay2_Mars,100,0.92000000000000004,0,1,92,92,92,92
Aperture,TX_RX_100cm,10,1,1,1000000,16,8192,0.10000000000000001,Direct_Earth_to_Mars,100,1,1,1,100,100,100,100
Aperture,TX_RX_100cm,10,1,1,1000000,16,8192,0.10000000000000001,Earth_Relay0_Mars,100,0.93999999999999995,0,1,94,94,94,94
Aperture,TX_RX_100cm,10,1,1,1000000,16,8192,0.10000000000000001,Earth_Relay1_Mars,100,0.91000000000000003,0,1,91,91,91,91
Aperture,TX_RX_100cm,10,1,1,1000000,16,8192,0.10000000000000001,Earth_Relay2_Mars,100,0.92000000000000004,0,1,92,92,92,92
Aperture,TX_RX_100cm,10,1,1,1000000,16,8192,1,Direct_Earth_to_Mars,100,1,1,1,100,100,100,100
Aperture,TX_RX_100cm,10,1,1,1000000,16,8192,1,Earth_Relay0_Mars,100,0.93999999999999995,0,1,94,94,94,94
Aperture,TX_RX_100cm,10,1,1,1000000,16,8192,1,Earth_Relay1_Mars,100,0.91000000000000003,0,1,91,91,91,91
Aperture,TX_RX_100cm,10,1,1,1000000,16,8192,1,Earth_Relay2_Mars,100,0.92000000000000004,0,1,92,92,92,92
Aperture,TX_RX_100cm,10,1,1,1000000,16,8192,4,Direct_Earth_to_Mars,100,1,1,1,100,100,100,100
Aperture,TX_RX_100cm,10,1,1,1000000,16,8192,4,Earth_Relay0_Mars,100,0.93999999999999995,0,1,94,94,94,94
Aperture,TX_RX_100cm,10,1,1,1000000,16,8192,4,Earth_Relay1_Mars,100,0.91000000000000003,0,1,91,91,91,91
Aperture,TX_RX_100cm,10,1,1,1000000,16,8192,4,Earth_Relay2_Mars,100,0.92000000000000004,0,1,92,92,92,92
Slot_Rate,Slot_Rate_100000Hz,10,0.20000000000000001,0.20000000000000001,100000,16,8192,0,Direct_Earth_to_Mars,100,0.26910785825100075,3.8013697541581468e-247,1,28,23,21,16
Slot_Rate,Slot_Rate_100000Hz,10,0.20000000000000001,0.20000000000000001,100000,16,8192,0,Earth_Relay0_Mars,100,0.28496716252489518,0,0.99999999999909051,29,24,24,24
Slot_Rate,Slot_Rate_100000Hz,10,0.20000000000000001,0.20000000000000001,100000,16,8192,0,Earth_Relay1_Mars,100,0.16761380858487382,0,0.99999993127767317,17,14,11,9
Slot_Rate,Slot_Rate_100000Hz,10,0.20000000000000001,0.20000000000000001,100000,16,8192,0,Earth_Relay2_Mars,100,0.26821494666545581,0,1,28,23,20,16
Slot_Rate,Slot_Rate_100000Hz,10,0.20000000000000001,0.20000000000000001,100000,16,8192,0.01,Direct_Earth_to_Mars,100,0.25747104948993516,3.7520530862213016e-302,1,28,22,19,16
Slot_Rate,Slot_Rate_100000Hz,10,0.20000000000000001,0.20000000000000001,100000,16,8192,0.01,Earth_Relay0_Mars,100,0.26642417927959078,0,0.99999999999317879,26,24,24,24
Slot_Rate,Slot_Rate_100000Hz,10,0.20000000000000001,0.20000000000000001,100000,16,8192,0.01,Earth_Relay1_Mars,100,0.15118150999654803,0,0.99999968814227347,15,13,11,7
Slot_Rate,Slot_Rate_100000Hz,10,0.20000000000000001,0.20000000000000001,100000,16,8192,0.01,Earth_Relay2_Mars,100,0.25604588819454294,0,1,26,22,19,15
Slot_Rate,Slot_Rate_100000Hz,10,0.20000000000000001,0.20000000000000001,100000,16,8192,0.10000000000000001,Direct_Earth_to_Mars,100,0.22394935655903339,0,0.99999999999340616,22,20,16,14
Slot_Rate,Slot_Rate_100000Hz,10,0.20000000000000001,0.20000000000000001,100000,16,8192,0.10000000000000001,Earth_Relay0_Mars,100,0.24388213009012977,0,0.99999999991973709,24,24,24,24
Slot_Rate,Slot_Rate_100000Hz,10,0.20000000000000001,0.20000000000000001,100000,16,8192,0.10000000000000001,Earth_Relay1_Mars,100,0.12680948891017954,0,0.99999713132958445,13,11,7,4
Slot_Rate,Slot_Rate_100000Hz,10,0.20000000000000001,0.20000000000000001,100000,16,8192,0.10000000000000001,Earth_Relay2_Mars,100,0.22213112908046753,0,0.99999999999477041,22,20,16,14
Slot_Rate,Slot_Rate_100000Hz,10,0.20000000000000001,0.20000000000000001,100000,16,8192,1,Direct_Earth_to_Mars,100,0.16824647578694418,0,0.99999999999954525,16,14,12,11
Slot_Rate,Slot_Rate_100000Hz,10,0.20000000000000001,0.20000000000000001,100000,16,8192,1,Earth_Relay0_Mars,100,0.23916321281130973,0,0.99999996446308681,24,24,21,20
Slot_Rate,Slot_Rate_100000Hz,10,0.20000000000000001,0.20000000000000001,100000,16,8192,1,Earth_Relay1_Mars,100,0.083772680840480424,0,0.99958712342825873,9,5,3,1
Slot_Rate,Slot_Rate_100000Hz,10,0.20000000000000001,0.20000000000000001,100000,16,8192,1,Earth_Relay2_Mars,100,0.16603894891299942,0,1,16,14,11,11
Slot_Rate,Slot_Rate_100000Hz,10,0.20000000000000001,0.20000000000000001,100000,16,8192,4,Direct_Earth_to_Mars,100,0.12115239493362878,0,0.99999999979763743,12,11,10,7
Slot_Rate,Slot_Rate_100000Hz,10,0.20000000000000001,0.20000000000000001,100000,16,8192,4,Earth_Relay0_Mars,100,0.21389959869634473,0,0.99996449936159737,21,20,19,14
Slot_Rate,Slot_Rate_100000Hz,10,0.20000000000000001,0.20000000000000001,100000,16,8192,4,Earth_Relay1_Mars,100,0.030659049784335202,0,0.93691014395815164,3,1,0,0
Slot_Rate,Slot_Rate_100000Hz,10,0.20000000000000001,0.20000000000000001,100000,16,8192,4,Earth_Relay2_Mars,100,0.1194619616776194,0,0.99999999939927875,11,11,9,7
Slot_Rate,Slot_Rate_250000Hz,10,0.20000000000000001,0.20000000000000001,250000,16,8192,0,Direct_Earth_to_Mars,100,0.12341882502892912,0,0.99999839631678988,12,11,7,7
Slot_Rate,Slot_Rate_250000Hz,10,0.20000000000000001,0.20000000000000001,250000,16,8192,0,Earth_Relay0_Mars,100,0.21540783798349025,0,0.99861039622580017,21,20,14,0
Slot_Rate,Slot_Rate_250000Hz,10,0.20000000000000001,0.20000000000000001,250000,16,8192,0,Earth_Relay1_Mars,100,0.031968198867079266,0,0.87598900544260849,3,0,0,0
Slot_Rate,Slot_Rate_250000Hz,10,0.20000000000000001,0.20000000000000001,250000,16,8192,0,Earth_Relay2_Mars,100,0.12186189503457756,0,0.99999706234074615,11,11,7,7
Slot_Rate,Slot_Rate_250000Hz,10,0.20000000000000001,0.20000000000000001,250000,16,8192,0.01,Direct_Earth_to_Mars,100,0.11296521415590996,0,0.99999350655472807,11,10,7,5
Slot_Rate,Slot_Rate_250000Hz,10,0.20000000000000001,0.20000000000000001,250000,16,8192,0.01,Earth_Relay0_Mars,100,0.20312137532273186,0,0.99579891630193529,20,19,7,0
Slot_Rate,Slot_Rate_250000Hz,10,0.20000000000000001,0.20000000000000001,250000,16,8192,0.01,Earth_Relay1_Mars,100,0.021525781130942293,0,0.73190050549206331,3,0,0,0
Slot_Rate,Slot_Rate_250000Hz,10,0.20000000000000001,0.20000000000000001,250000,16,8192,0.01,Earth_Relay2_Mars,100,0.11152966987413135,0,0.99998837848394406,11,9,7,5
Slot_Rate,Slot_Rate_250000Hz,10,0.20000000000000001,0.20000000000000001,250000,16,8192,0.10000000000000001,Direct_Earth_to_Mars,100,0.097225469951530988,0,0.99994693595094541,11,7,7,4
Slot_Rate,Slot_Rate_250000Hz,10,0.20000000000000001,0.20000000000000001,250000,16,8192,0.10000000000000001,Earth_Relay0_Mars,100,0.17673301482553005,0,0.97475242536897855,19,11,0,0
Slot_Rate,Slot_Rate_250000Hz,10,0.20000000000000001,0.20000000000000001,250000,16,8192,0.10000000000000001,Earth_Relay1_Mars,100,0.004370791493119898,0,0.23210785565151371,0,0,0,0
Slot_Rate,Slot_Rate_250000Hz,10,0.20000000000000001,0.20000000000000001,250000,16,8192,0.10000000000000001,Earth_Relay2_Mars,100,0.095443947596601325,0,0.99990727531527357,10,7,6,3
Slot_Rate,Slot_Rate_250000Hz,10,0.20000000000000001,0.20000000000000001,250000,16,8192,1,Direct_Earth_to_Mars,100,0.062428892811762629,0,0.99499465964804001,7,4,1,0
Slot_Rate,Slot_Rate_250000Hz,10,0.20000000000000001,0.20000000000000001,250000,16,8192,1,Earth_Relay0_Mars,100,0.02635876846727396,0,0.4211240641915473,0,0,0,0
Slot_Rate,Slot_Rate_250000Hz,10,0.20000000000000001,0.20000000000000001,250000,16,8192,1,Earth_Relay1_Mars,100,6.968806336444717e-12,0,6.9641402322237803e-10,0,0,0,0
Slot_Rate,Slot_Rate_250000Hz,10,0.20000000000000001,0.20000000000000001,250000,16,8192,1,Earth_Relay2_Mars,100,0.06027831735992626,0,0.99197401700952936,7,4,1,0
Slot_Rate,Slot_Rate_250000Hz,10,0.20000000000000001,0.20000000000000001,250000,16,8192,4,Direct_Earth_to_Mars,100,0.01423999644878267,0,0.63928297811680035,1,0,0,0
Slot_Rate,Slot_Rate_250000Hz,10,0.20000000000000001,0.20000000000000001,250000,16,8192,4,Earth_Relay0_Mars,100,1.4600329367334055e-11,0,1.4361679367002387e-09,0,0,0,0
Slot_Rate,Slot_Rate_250000Hz,10,0.20000000000000001,0.20000000000000001,250000,16,8192,4,Earth_Relay1_Mars,100,2.4760204796020121e-81,0,2.4760204796020116e-79,0,0,0,0
Slot_Rate,Slot_Rate_250000Hz,10,0.20000000000000001,0.20000000000000001,250000,16,8192,4,Earth_Relay2_Mars,100,0.01054713028036559,0,0.52657146501414331,1,0,0,0
Slot_Rate,Slot_Rate_500000Hz,10,0.20000000000000001,0.20000000000000001,500000,16,8192,0,Direct_Earth_to_Mars,100,0.049332767308548207,0,0.94430127049606372,5,2,0,0
Slot_Rate,Slot_Rate_500000Hz,10,0.20000000000000001,0.20000000000000001,500000,16,8192,0,Earth_Relay0_Mars,100,0.0085699402458170367,0,0.17311503073553886,0,0,0,0
Slot_Rate,Slot_Rate_500000Hz,10,0.20000000000000001,0.20000000000000001,500000,16,8192,0,Earth_Relay1_Mars,100,4.5966069405637752e-10,0,4.496356083621853e-08,0,0,0,0
Slot_Rate,Slot_Rate_500000Hz,10,0.20000000000000001,0.20000000000000001,500000,16,8192,0,Earth_Relay2_Mars,100,0.046174200342338982,0,0.92536548265947249,5,1,0,0
Slot_Rate,Slot_Rate_500000Hz,10,0.20000000000000001,0.20000000000000001,500000,16,8192,0.01,Direct_Earth_to_Mars,100,0.035858885201841904,0,0.86759147391106239,4,0,0,0
Slot_Rate,Slot_Rate_500000Hz,10,0.20000000000000001,0.20000000000000001,500000,16,8192,0.01,Earth_Relay0_Mars,100,0.00087037628941743171,0,0.029540622883073134,0,0,0,0
Slot_Rate,Slot_Rate_500000Hz,10,0.20000000000000001,0.20000000000000001,500000,16,8192,0.01,Earth_Relay1_Mars,100,4.3991043389618102e-15,0,4.3870156339896759e-13,0,0,0,0
Slot_Rate,Slot_Rate_500000Hz,10,0.20000000000000001,0.20000000000000001,500000,16,8192,0.01,Earth_Relay2_Mars,100,0.032131300335654679,0,0.82793673599968254,4,0,0,0
Slot_Rate,Slot_Rate_500000Hz,10,0.20000000000000001,0.20000000000000001,500000,16,8192,0.10000000000000001,Direct_Earth_to_Mars,100,0.011222986936475806,0,0.4960783184693992,0,0,0,0
Slot_Rate,Slot_Rate_500000Hz,10,0.20000000000000001,0.20000000000000001,500000,16,8192,0.10000000000000001,Earth_Relay0_Mars,100,1.1844133033588335e-08,0,9.9054192580318673e-07,0,0,0,0
Slot_Rate,Slot_Rate_500000Hz,10,0.20000000000000001,0.20000000000000001,500000,16,8192,0.10000000000000001,Earth_Relay1_Mars,100,5.681193355127768e-42,0,5.6811927908899051e-40,0,0,0,0
Slot_Rate,Slot_Rate_500000Hz,10,0.20000000000000001,0.20000000000000001,500000,16,8192,0.10000000000000001,Earth_Relay2_Mars,100,0.0083640087514163467,0,0.40077347063512164,0,0,0,0
Slot_Rate,Slot_Rate_500000Hz,10,0.20000000000000001,0.20000000000000001,500000,16,8192,1,Direct_Earth_to_Mars,100,6.6224734728008222e-08,0,6.5397791874781184e-06,0,0,0,0
Slot_Rate,Slot_Rate_500000Hz,10,0.20000000000000001,0.20000000000000001,500000,16,8192,1,Earth_Relay0_Mars,100,2.226908604554659e-55,0,2.2268227999645866e-53,0,0,0,0
Slot_Rate,Slot_Rate_500000Hz,10,0.20000000000000001,0.20000000000000001,500000,16,8192,1,Earth_Relay1_Mars,100,1.7089768211881253e-203,0,1.7089768211881254e-201,0,0,0,0
Slot_Rate,Slot_Rate_500000Hz,10,0.20000000000000001,0.20000000000000001,500000,16,8192,1,Earth_Relay2_Mars,100,4.3253785880670203e-09,0,4.2970431824119309e-07,0,0,0,0
Slot_Rate,Slot_Rate_500000Hz,10,0.20000000000000001,0.20000000000000001,500000,16,8192,4,Direct_Earth_to_Mars,100,1.6935220027824488e-55,0,1.6935220027814202e-53,0,0,0,0
Slot_Rate,Slot_Rate_500000Hz,10,0.20000000000000001,0.20000000000000001,500000,16,8192,4,Earth_Relay0_Mars,100,1.1219826845128474e-282,0,1.1211133475118698e-280,0,0,0,0
Slot_Rate,Slot_Rate_500000Hz,10,0.20000000000000001,0.20000000000000001,500000,16,8192,4,Earth_Relay1_Mars,100,0,0,0,0,0,0,0
Slot_Rate,Slot_Rate_500000Hz,10,0.20000000000000001,0.20000000000000001,500000,16,8192,4,Earth_Relay2_Mars,100,2.913465049035132e-63,0,2.913465049034896e-61,0,0,0,0
Slot_Rate,Slot_Rate_2000000Hz,10,0.20000000000000001,0.20000000000000001,2000000,16,8192,0,Direct_Earth_to_Mars,100,6.8659804438517957e-70,0,6.8659804246708334e-68,0,0,0,0
Slot_Rate,Slot_Rate_2000000Hz,10,0.20000000000000001,0.20000000000000001,2000000,16,8192,0,Earth_Relay0_Mars,100,4.0100884896420289e-235,0,3.9997863886020197e-233,0,0,0,0
Slot_Rate,Slot_Rate_2000000Hz,10,0.20000000000000001,0.20000000000000001,2000000,16,8192,0,Earth_Relay1_Mars,100,0,0,0,0,0,0,0
Slot_Rate,Slot_Rate_2000000Hz,10,0.20000000000000001,0.20000000000000001,2000000,16,8192,0,Earth_Relay2_Mars,100,2.1690655953828416e-75,0,2.1690655919734441e-73,0,0,0,0
Slot_Rate,Slot_Rate_2000000Hz,10,0.20000000000000001,0.20000000000000001,2000000,16,8192,0.01,Direct_Earth_to_Mars,100,4.8720022000004448e-95,0,4.8720021998879852e-93,0,0,0,0
Slot_Rate,Slot_Rate_2000000Hz,10,0.20000000000000001,0.20000000000000001,2000000,16,8192,0.01,Earth_Relay0_Mars,100,2.4066780569254524e-303,0,2.4065706298911546e-301,0,0,0,0
Slot_Rate,Slot_Rate_2000000Hz,10,0.20000000000000001,0.20000000000000001,2000000,16,8192,0.01,Earth_Relay1_Mars,100,0,0,0,0,0,0,0
Slot_Rate,Slot_Rate_2000000Hz,10,0.20000000000000001,0.20000000000000001,2000000,16,8192,0.01,Earth_Relay2_Mars,100,6.8339924310333231e-102,0,6.8339924309415662e-100,0,0,0,0
Slot_Rate,Slot_Rate_2000000Hz,10,0.20000000000000001,0.20000000000000001,2000000,16,8192,0.10000000000000001,Direct_Earth_to_Mars,100,5.4194651763769151e-226,0,5.4194651763769149e-224,0,0,0,0
Slot_Rate,Slot_Rate_2000000Hz,10,0.20000000000000001,0.20000000000000001,2000000,16,8192,0.10000000000000001,Earth_Relay0_Mars,100,0,0,0,0,0,0,0
Slot_Rate,Slot_Rate_2000000Hz,10,0.20000000000000001,0.20000000000000001,2000000,16,8192,0.10000000000000001,Earth_Relay1_Mars,100,0,0,0,0,0,0,0
Slot_Rate,Slot_Rate_2000000Hz,10,0.20000000000000001,0.20000000000000001,2000000,16,8192,0.10000000000000001,Earth_Relay2_Mars,100,4.1338894807301403e-240,0,4.1338894807301405e-238,0,0,0,0
Slot_Rate,Slot_Rate_2000000Hz,10,0.20000000000000001,0.20000000000000001,2000000,16,8192,1,Direct_Earth_to_Mars,100,0,0,0,0,0,0,0
Slot_Rate,Slot_Rate_2000000Hz,10,0.20000000000000001,0.20000000000000001,2000000,16,8192,1,Earth_Relay0_Mars,100,0,0,0,0,0,0,0
Slot_Rate,Slot_Rate_2000000Hz,10,0.20000000000000001,0.20000000000000001,2000000,16,8192,1,Earth_Relay1_Mars,100,0,0,0,0,0,0,0
Slot_Rate,Slot_Rate_2000000Hz,10,0.20000000000000001,0.20000000000000001,2000000,16,8192,1,Earth_Relay2_Mars,100,0,0,0,0,0,0,0
Slot_Rate,Slot_Rate_2000000Hz,10,0.20000000000000001,0.20000000000000001,2000000,16,8192,4,Direct_Earth_to_Mars,100,0,0,0,0,0,0,0
Slot_Rate,Slot_Rate_2000000Hz,10,0.20000000000000001,0.20000000000000001,2000000,16,8192,4,Earth_Relay0_Mars,100,0,0,0,0,0,0,0
Slot_Rate,Slot_Rate_2000000Hz,10,0.20000000000000001,0.20000000000000001,2000000,16,8192,4,Earth_Relay1_Mars,100,0,0,0,0,0,0,0
Slot_Rate,Slot_Rate_2000000Hz,10,0.20000000000000001,0.20000000000000001,2000000,16,8192,4,Earth_Relay2_Mars,100,0,0,0,0,0,0,0
PPM_Order,PPM_4,10,0.20000000000000001,0.20000000000000001,1000000,4,8192,0,Direct_Earth_to_Mars,100,3.6856624307845435e-12,0,3.6726665076878175e-10,0,0,0,0
PPM_Order,PPM_4,10,0.20000000000000001,0.20000000000000001,1000000,4,8192,0,Earth_Relay0_Mars,100,1.0412818728253596e-64,0,1.0396345698929096e-62,0,0,0,0
PPM_Order,PPM_4,10,0.20000000000000001,0.20000000000000001,1000000,4,8192,0,Earth_Relay1_Mars,100,1.6826316451911527e-194,0,1.6826316451881919e-192,0,0,0,0
PPM_Order,PPM_4,10,0.20000000000000001,0.20000000000000001,1000000,4,8192,0,Earth_Relay2_Mars,100,1.0461920868908923e-13,0,1.0441010993415914e-11,0,0,0,0
PPM_Order,PPM_4,10,0.20000000000000001,0.20000000000000001,1000000,4,8192,0.01,Direct_Earth_to_Mars,100,1.5355232297330063e-13,0,1.5326591738282249e-11,0,0,0,0
PPM_Order,PPM_4,10,0.20000000000000001,0.20000000000000001,1000000,4,8192,0.01,Earth_Relay0_Mars,100,3.4773934848671788e-71,0,3.4720345029749994e-69,0,0,0,0
PPM_Order,PPM_4,10,0.20000000000000001,0.20000000000000001,1000000,4,8192,0.01,Earth_Relay1_Mars,100,3.4191590374096008e-208,0,3.4191590373871507e-206,0,0,0,0
PPM_Order,PPM_4,10,0.20000000000000001,0.20000000000000001,1000000,4,8192,0.01,Earth_Relay2_Mars,100,2.903138530686131e-15,0,2.9001859048495253e-13,0,0,0,0
PPM_Order,PPM_4,10,0.20000000000000001,0.20000000000000001,1000000,4,8192,0.10000000000000001,Direct_Earth_to_Mars,100,5.7171527035907092e-25,0,5.7170893889125964e-23,0,0,0,0
PPM_Order,PPM_4,10,0.20000000000000001,0.20000000000000001,1000000,4,8192,0.10000000000000001,Earth_Relay0_Mars,100,1.7496496644392874e-123,0,1.7469586981966887e-121,0,0,0,0
PPM_Order,PPM_4,10,0.20000000000000001,0.20000000000000001,1000000,4,8192,0.10000000000000001,Earth_Relay1_Mars,100,2.5062878091074962e-317,0,2.5062872063474082e-315,0,0,0,0
PPM_Order,PPM_4,10,0.20000000000000001,0.20000000000000001,1000000,4,8192,0.10000000000000001,Earth_Relay2_Mars,100,4.1009388955150613e-28,0,4.1009203931149367e-26,0,0,0,0
PPM_Order,PPM_4,10,0.20000000000000001,0.20000000000000001,1000000,4,8192,1,Direct_Earth_to_Mars,100,6.4883106582047671e-118,0,6.488310658204767e-116,0,0,0,0
PPM_Order,PPM_4,10,0.20000000000000001,0.20000000000000001,1000000,4,8192,1,Earth_Relay0_Mars,100,0,0,0,0,0,0,0
PPM_Order,PPM_4,10,0.20000000000000001,0.20000000000000001,1000000,4,8192,1,Earth_Relay1_Mars,100,0,0,0,0,0,0,0
PPM_Order,PPM_4,10,0.20000000000000001,0.20000000000000001,1000000,4,8192,1,Earth_Relay2_Mars,100,1.138021019574966e-129,0,1.138021019574966e-127,0,0,0,0
PPM_Order,PPM_4,10,0.20000000000000001,0.20000000000000001,1000000,4,8192,4,Direct_Earth_to_Mars,100,0,0,0,0,0,0,0
PPM_Order,PPM_4,10,0.20000000000000001,0.20000000000000001,1000000,4,8192,4,Earth_Relay0_Mars,100,0,0,0,0,0,0,0
PPM_Order,PPM_4,10,0.20000000000000001,0.20000000000000001,1000000,4,8192,4,Earth_Relay1_Mars,100,0,0,0,0,0,0,0
PPM_Order,PPM_4,10,0.20000000000000001,0.20000000000000001,1000000,4,8192,4,Earth_Relay2_Mars,100,0,0,0,0,0,0,0
PPM_Order,PPM_8,10,0.20000000000000001,0.20000000000000001,1000000,8,8192,0,Direct_Earth_to_Mars,100,5.2385595042147458e-09,0,5.1194091371472322e-07,0,0,0,0
PPM_Order,PPM_8,10,0.20000000000000001,0.20000000000000001,1000000,8,8192,0,Earth_Relay0_Mars,100,4.7726465821002964e-44,0,4.7084317073286237e-42,0,0,0,0
PPM_Order,PPM_8,10,0.20000000000000001,0.20000000000000001,1000000,8,8192,0,Earth_Relay1_Mars,100,1.3647489404176971e-130,0,1.3647489200506826e-128,0,0,0,0
PPM_Order,PPM_8,10,0.20000000000000001,0.20000000000000001,1000000,8,8192,0,Earth_Relay2_Mars,100,4.8430945980901447e-10,0,4.7672512907244089e-08,0,0,0,0
PPM_Order,PPM_8,10,0.20000000000000001,0.20000000000000001,1000000,8,8192,0.01,Direct_Earth_to_Mars,100,3.3587418059290878e-11,0,3.3309491224454008e-09,0,0,0,0
PPM_Order,PPM_8,10,0.20000000000000001,0.20000000000000001,1000000,8,8192,0.01,Earth_Relay0_Mars,100,1.7538484814451083e-54,0,1.7326134659473227e-52,0,0,0,0
PPM_Order,PPM_8,10,0.20000000000000001,0.20000000000000001,1000000,8,8192,0.01,Earth_Relay1_Mars,100,2.8043467731327547e-153,0,2.8043465506963184e-151,0,0,0,0
PPM_Order,PPM_8,10,0.20000000000000001,0.20000000000000001,1000000,8,8192,0.01,Earth_Relay2_Mars,100,1.6241916602776887e-12,0,1.6155367169877975e-10,0,0,0,0
PPM_Order,PPM_8,10,0.20000000000000001,0.20000000000000001,1000000,8,8192,0.10000000000000001,Direct_Earth_to_Mars,100,1.0920877476584401e-26,0,1.0920795374559292e-24,0,0,0,0
PPM_Order,PPM_8,10,0.20000000000000001,0.20000000000000001,1000000,8,8192,0.10000000000000001,Earth_Relay0_Mars,100,1.4941303044858272e-126,0,1.4835347930704874e-124,0,0,0,0
PPM_Order,PPM_8,10,0.20000000000000001,0.20000000000000001,1000000,8,8192,0.10000000000000001,Earth_Relay1_Mars,100,2.5781469472187894e-309,0,2.5698357621785691e-307,0,0,0,0
PPM_Order,PPM_8,10,0.20000000000000001,0.20000000000000001,1000000,8,8192,0.10000000000000001,Earth_Relay2_Mars,100,6.0536127566084467e-30,0,6.0535934353036682e-28,0,0,0,0
PPM_Order,PPM_8,10,0.20000000000000001,0.20000000000000001,1000000,8,8192,1,Direct_Earth_to_Mars,100,3.4312257118611974e-131,0,3.4312257118611976e-129,0,0,0,0
PPM_Order,PPM_8,10,0.20000000000000001,0.20000000000000001,1000000,8,8192,1,Earth_Relay0_Mars,100,0,0,0,0,0,0,0
PPM_Order,PPM_8,10,0.20000000000000001,0.20000000000000001,1000000,8,8192,1,Earth_Relay1_Mars,100,0,0,0,0,0,0,0
PPM_Order,PPM_8,10,0.20000000000000001,0.20000000000000001,1000000,8,8192,1,Earth_Relay2_Mars,100,1.3072158159810807e-143,0,1.3072158159810808e-141,0,0,0,0
PPM_Order,PPM_8,10,0.20000000000000001,0.20000000000000001,1000000,8,8192,4,Direct_Earth_to_Mars,100,0,0,0,0,0,0,0
PPM_Order,PPM_8,10,0.20000000000000001,0.20000000000000001,1000000,8,8192,4,Earth_Relay0_Mars,100,0,0,0,0,0,0,0
PPM_Order,PPM_8,10,0.20000000000000001,0.20000000000000001,1000000,8,8192,4,Earth_Relay1_Mars,100,0,0,0,0,0,0,0
PPM_Order,PPM_8,10,0.20000000000000001,0.20000000000000001,1000000,8,8192,4,Earth_Relay2_Mars,100,0,0,0,0,0,0,0
PPM_Order,PPM_32,10,0.20000000000000001,0.20000000000000001,1000000,32,8192,0,Direct_Earth_to_Mars,100,1.857951445352032e-06,0,0.0001677299104141899,0,0,0,0
PPM_Order,PPM_32,10,0.20000000000000001,0.20000000000000001,1000000,32,8192,0,Earth_Relay0_Mars,100,1.7016092821321003e-27,0,1.5764228686110419e-25,0,0,0,0
PPM_Order,PPM_32,10,0.20000000000000001,0.20000000000000001,1000000,32,8192,0,Earth_Relay1_Mars,100,1.8294196511026753e-79,0,1.8293791493377062e-77,0,0,0,0
PPM_Order,PPM_32,10,0.20000000000000001,0.20000000000000001,1000000,32,8192,0,Earth_Relay2_Mars,100,4.3792138136266364e-07,0,4.0354171799173751e-05,0,0,0,0
PPM_Order,PPM_32,10,0.20000000000000001,0.20000000000000001,1000000,32,8192,0.01,Direct_Earth_to_Mars,100,8.3109610230111926e-12,0,8.2407315127694466e-10,0,0,0,0
PPM_Order,PPM_32,10,0.20000000000000001,0.20000000000000001,1000000,32,8192,0.01,Earth_Relay0_Mars,100,3.4041377988347446e-53,0,3.238383189634535e-51,0,0,0,0
PPM_Order,PPM_32,10,0.20000000000000001,0.20000000000000001,1000000,32,8192,0.01,Earth_Relay1_Mars,100,9.8401217856128546e-137,0,9.8353990128686476e-135,0,0,0,0
PPM_Order,PPM_32,10,0.20000000000000001,0.20000000000000001,1000000,32,8192,0.01,Earth_Relay2_Mars,100,4.0378367526278779e-13,0,4.014619801756436e-11,0,0,0,0
PPM_Order,PPM_32,10,0.20000000000000001,0.20000000000000001,1000000,32,8192,0.10000000000000001,Direct_Earth_to_Mars,100,4.4597065144289816e-31,0,4.4596982787449857e-29,0,0,0,0
PPM_Order,PPM_32,10,0.20000000000000001,0.20000000000000001,1000000,32,8192,0.10000000000000001,Earth_Relay0_Mars,100,5.3069862090053853e-141,0,5.1709594465202537e-139,0,0,0,0
PPM_Order,PPM_32,10,0.20000000000000001,0.20000000000000001,1000000,32,8192,0.10000000000000001,Earth_Relay1_Mars,100,0,0,0,0,0,0,0
PPM_Order,PPM_32,10,0.20000000000000001,0.20000000000000001,1000000,32,8192,0.10000000000000001,Earth_Relay2_Mars,100,9.9708936440825953e-35,0,9.9708858953728758e-33,0,0,0,0
PPM_Order,PPM_32,10,0.20000000000000001,0.20000000000000001,1000000,32,8192,1,Direct_Earth_to_Mars,100,1.5305765993433893e-161,0,1.5305765993433894e-159,0,0,0,0
PPM_Order,PPM_32,10,0.20000000000000001,0.20000000000000001,1000000,32,8192,1,Earth_Relay0_Mars,100,0,0,0,0,0,0,0
PPM_Order,PPM_32,10,0.20000000000000001,0.20000000000000001,1000000,32,8192,1,Earth_Relay1_Mars,100,0,0,0,0,0,0,0
PPM_Order,PPM_32,10,0.20000000000000001,0.20000000000000001,1000000,32,8192,1,Earth_Relay2_Mars,100,2.0931571482041722e-175,0,2.0931571482041721e-173,0,0,0,0
PPM_Order,PPM_32,10,0.20000000000000001,0.20000000000000001,1000000,32,8192,4,Direct_Earth_to_Mars,100,0,0,0,0,0,0,0
PPM_Order,PPM_32,10,0.20000000000000001,0.20000000000000001,1000000,32,8192,4,Earth_Relay0_Mars,100,0,0,0,0,0,0,0
PPM_Order,PPM_32,10,0.20000000000000001,0.20000000000000001,1000000,32,8192,4,Earth_Relay1_Mars,100,0,0,0,0,0,0,0
PPM_Order,PPM_32,10,0.20000000000000001,0.20000000000000001,1000000,32,8192,4,Earth_Relay2_Mars,100,0,0,0,0,0,0,0
PPM_Order,PPM_64,10,0.20000000000000001,0.20000000000000001,1000000,64,8192,0,Direct_Earth_to_Mars,100,8.2836327167978274e-06,0,0.00071360549232133796,0,0,0,0
PPM_Order,PPM_64,10,0.20000000000000001,0.20000000000000001,1000000,64,8192,0,Earth_Relay0_Mars,100,2.4028607855483095e-23,0,2.1324155414398282e-21,0,0,0,0
PPM_Order,PPM_64,10,0.20000000000000001,0.20000000000000001,1000000,64,8192,0,Earth_Relay1_Mars,100,1.1070762611672697e-66,0,1.1069205907934716e-64,0,0,0,0
PPM_Order,PPM_64,10,0.20000000000000001,0.20000000000000001,1000000,64,8192,0,Earth_Relay2_Mars,100,2.463166876256984e-06,0,0.00021766747380349386,0,0,0,0
PPM_Order,PPM_64,10,0.20000000000000001,0.20000000000000001,1000000,64,8192,0.01,Direct_Earth_to_Mars,100,1.0767753369524049e-13,0,1.0727710365125941e-11,0,0,0,0
PPM_Order,PPM_64,10,0.20000000000000001,0.20000000000000001,1000000,64,8192,0.01,Earth_Relay0_Mars,100,1.7234974431246572e-61,0,1.6290660643843109e-59,0,0,0,0
PPM_Order,PPM_64,10,0.20000000000000001,0.20000000000000001,1000000,64,8192,0.01,Earth_Relay1_Mars,100,7.1911738109743112e-153,0,7.1507016595051456e-151,0,0,0,0
PPM_Order,PPM_64,10,0.20000000000000001,0.20000000000000001,1000000,64,8192,0.01,Earth_Relay2_Mars,100,3.0920396549746666e-15,0,3.084547023234841e-13,0,0,0,0
PPM_Order,PPM_64,10,0.20000000000000001,0.20000000000000001,1000000,64,8192,0.10000000000000001,Direct_Earth_to_Mars,100,1.5681361750471416e-32,0,1.5681336998850446e-30,0,0,0,0
PPM_Order,PPM_64,10,0.20000000000000001,0.20000000000000001,1000000,64,8192,0.10000000000000001,Earth_Relay0_Mars,100,1.1027727879593917e-142,0,1.0160942023382445e-140,0,0,0,0
PPM_Order,PPM_64,10,0.20000000000000001,0.20000000000000001,1000000,64,8192,0.10000000000000001,Earth_Relay1_Mars,100,1.1982574108587752e-319,0,1.1957524980343601e-317,0,0,0,0
PPM_Order,PPM_64,10,0.20000000000000001,0.20000000000000001,1000000,64,8192,0.10000000000000001,Earth_Relay2_Mars,100,3.1391259150382088e-36,0,3.1391237189885943e-34,0,0,0,0
PPM_Order,PPM_64,10,0.20000000000000001,0.20000000000000001,1000000,64,8192,1,Direct_Earth_to_Mars,100,1.6834691083201907e-177,0,1.6834691083201907e-175,0,0,0,0
PPM_Order,PPM_64,10,0.20000000000000001,0.20000000000000001,1000000,64,8192,1,Earth_Relay0_Mars,100,0,0,0,0,0,0,0
PPM_Order,PPM_64,10,0.20000000000000001,0.20000000000000001,1000000,64,8192,1,Earth_Relay1_Mars,100,0,0,0,0,0,0,0
PPM_Order,PPM_64,10,0.20000000000000001,0.20000000000000001,1000000,64,8192,1,Earth_Relay2_Mars,100,4.985945590240959e-192,0,4.9859455902409591e-190,0,0,0,0
PPM_Order,PPM_64,10,0.20000000000000001,0.20000000000000001,1000000,64,8192,4,Direct_Earth_to_Mars,100,0,0,0,0,0,0,0
PPM_Order,PPM_64,10,0.20000000000000001,0.20000000000000001,1000000,64,8192,4,Earth_Relay0_Mars,100,0,0,0,0,0,0,0
PPM_Order,PPM_64,10,0.20000000000000001,0.20000000000000001,1000000,64,8192,4,Earth_Relay1_Mars,100,0,0,0,0,0,0,0
PPM_Order,PPM_64,10,0.20000000000000001,0.20000000000000001,1000000,64,8192,4,Earth_Relay2_Mars,100,0,0,0,0,0,0,0
Packet_Size,Packet_256bits,10,0.20000000000000001,0.20000000000000001,1000000,16,256,0,Direct_Earth_to_Mars,100,0.033999912510728841,5.9694701723522348e-57,0.71216042456865236,3,0,0,0
Packet_Size,Packet_256bits,10,0.20000000000000001,0.20000000000000001,1000000,16,256,0,Earth_Relay0_Mars,100,0.0076633016899440029,0,0.10752606707442712,0,0,0,0
Packet_Size,Packet_256bits,10,0.20000000000000001,0.20000000000000001,1000000,16,256,0,Earth_Relay1_Mars,100,2.2975950142835672e-05,0,0.0010081637529098335,0,0,0,0
Packet_Size,Packet_256bits,10,0.20000000000000001,0.20000000000000001,1000000,16,256,0,Earth_Relay2_Mars,100,0.031314318698222349,0,0.67362446609882154,3,0,0,0
Packet_Size,Packet_256bits,10,0.20000000000000001,0.20000000000000001,1000000,16,256,0.01,Direct_Earth_to_Mars,100,0.022247650999557542,4.9366161416914793e-59,0.5562521739705375,1,0,0,0
Packet_Size,Packet_256bits,10,0.20000000000000001,0.20000000000000001,1000000,16,256,0.01,Earth_Relay0_Mars,100,0.0018445693135699091,0,0.032770212612130568,0,0,0,0
Packet_Size,Packet_256bits,10,0.20000000000000001,0.20000000000000001,1000000,16,256,0.01,Earth_Relay1_Mars,100,1.6848044412306255e-06,0,7.3489516985595434e-05,0,0,0,0
Packet_Size,Packet_256bits,10,0.20000000000000001,0.20000000000000001,1000000,16,256,0.01,Earth_Relay2_Mars,100,0.01982412587921499,0,0.50949569156142938,1,0,0,0
Packet_Size,Packet_256bits,10,0.20000000000000001,0.20000000000000001,1000000,16,256,0.10000000000000001,Direct_Earth_to_Mars,100,0.0034479389231608249,2.2158728981165758e-76,0.14634935317425424,0,0,0,0
Packet_Size,Packet_256bits,10,0.20000000000000001,0.20000000000000001,1000000,16,256,0.10000000000000001,Earth_Relay0_Mars,100,2.0530038825118501e-06,0,6.5101118681193358e-05,0,0,0,0
Packet_Size,Packet_256bits,10,0.20000000000000001,0.20000000000000001,1000000,16,256,0.10000000000000001,Earth_Relay1_Mars,100,1.9359720489828714e-12,0,8.0977734400222743e-11,0,0,0,0
Packet_Size,Packet_256bits,10,0.20000000000000001,0.20000000000000001,1000000,16,256,0.10000000000000001,Earth_Relay2_Mars,100,0.0025970051879581351,0,0.11348601925260988,0,0,0,0
Packet_Size,Packet_256bits,10,0.20000000000000001,0.20000000000000001,1000000,16,256,1,Direct_Earth_to_Mars,100,4.2631069448471491e-07,2.5378567048574945e-85,3.3692862162492314e-05,0,0,0,0
Packet_Size,Packet_256bits,10,0.20000000000000001,0.20000000000000001,1000000,16,256,1,Earth_Relay0_Mars,100,1.4347660430015447e-18,0,7.4217811539299737e-17,0,0,0,0
Packet_Size,Packet_256bits,10,0.20000000000000001,0.20000000000000001,1000000,16,256,1,Earth_Relay1_Mars,100,7.3659165746590236e-31,0,6.951519986950138e-29,0,0,0,0
Packet_Size,Packet_256bits,10,0.20000000000000001,0.20000000000000001,1000000,16,256,1,Earth_Relay2_Mars,100,1.6412624594864308e-07,0,1.3096996229525276e-05,0,0,0,0
Packet_Size,Packet_256bits,10,0.20000000000000001,0.20000000000000001,1000000,16,256,4,Direct_Earth_to_Mars,100,6.2585258754175959e-17,1.2919869805004087e-83,5.9222858338944345e-15,0,0,0,0
Packet_Size,Packet_256bits,10,0.20000000000000001,0.20000000000000001,1000000,16,256,4,Earth_Relay0_Mars,100,2.2540346866708121e-42,0,1.8287121492383979e-40,0,0,0,0
Packet_Size,Packet_256bits,10,0.20000000000000001,0.20000000000000001,1000000,16,256,4,Earth_Relay1_Mars,100,2.5143908974888599e-57,0,2.5126790216100557e-55,0,0,0,0
Packet_Size,Packet_256bits,10,0.20000000000000001,0.20000000000000001,1000000,16,256,4,Earth_Relay2_Mars,100,9.5954332132677629e-18,0,9.0756268730226847e-16,0,0,0,0
Packet_Size,Packet_1024bits,10,0.20000000000000001,0.20000000000000001,1000000,16,1024,0,Direct_Earth_to_Mars,100,0.0062889172090528191,1.2698228740395952e-225,0.25722391465232042,0,0,0,0
Packet_Size,Packet_1024bits,10,0.20000000000000001,0.20000000000000001,1000000,16,1024,0,Earth_Relay0_Mars,100,3.4922825387086578e-06,0,0.00013367649336482366,0,0,0,0
Packet_Size,Packet_1024bits,10,0.20000000000000001,0.20000000000000001,1000000,16,1024,0,Earth_Relay1_Mars,100,1.3600983188713461e-14,0,1.0330570736046149e-12,0,0,0,0
Packet_Size,Packet_1024bits,10,0.20000000000000001,0.20000000000000001,1000000,16,1024,0,Earth_Relay2_Mars,100,0.0048284345837464725,0,0.20590714150104134,0,0,0,0
Packet_Size,Packet_1024bits,10,0.20000000000000001,0.20000000000000001,1000000,16,1024,0.01,Direct_Earth_to_Mars,100,0.0018688742848476964,5.939056211001441e-234,0.095738558743477017,0,0,0,0
Packet_Size,Packet_1024bits,10,0.20000000000000001,0.20000000000000001,1000000,16,1024,0.01,Earth_Relay0_Mars,100,2.5965799598712491e-08,0,1.1532329336222287e-06,0,0,0,0
Packet_Size,Packet_1024bits,10,0.20000000000000001,0.20000000000000001,1000000,16,1024,0.01,Earth_Relay1_Mars,100,3.9654683724581817e-19,0,2.9167658856014509e-17,0,0,0,0
Packet_Size,Packet_1024bits,10,0.20000000000000001,0.20000000000000001,1000000,16,1024,0.01,Earth_Relay2_Mars,100,0.0012672554488520318,0,0.067384818566394583,0,0,0,0
Packet_Size,Packet_1024bits,10,0.20000000000000001,0.20000000000000001,1000000,16,1024,0.10000000000000001,Direct_Earth_to_Mars,100,5.6112407248941691e-06,2.4109010328559579e-303,0.00045873642868158562,0,0,0,0
Packet_Size,Packet_1024bits,10,0.20000000000000001,0.20000000000000001,1000000,16,1024,0.10000000000000001,Earth_Relay0_Mars,100,3.0473886667033801e-19,0,1.7961963343656997e-17,0,0,0,0
Packet_Size,Packet_1024bits,10,0.20000000000000001,0.20000000000000001,1000000,16,1024,0.10000000000000001,Earth_Relay1_Mars,100,7.9576342613997519e-43,0,4.2999409101946392e-41,0,0,0,0
Packet_Size,Packet_1024bits,10,0.20000000000000001,0.20000000000000001,1000000,16,1024,0.10000000000000001,Earth_Relay2_Mars,100,1.9869174131143803e-06,0,0.00016587061318783507,0,0,0,0
Packet_Size,Packet_1024bits,10,0.20000000000000001,0.20000000000000001,1000000,16,1024,1,Direct_Earth_to_Mars,100,1.2923054077516464e-20,0,1.2886993844551773e-18,0,0,0,0
Packet_Size,Packet_1024bits,10,0.20000000000000001,0.20000000000000001,1000000,16,1024,1,Earth_Relay0_Mars,100,3.4304055747391191e-67,0,3.0341187663708484e-65,0,0,0,0
Packet_Size,Packet_1024bits,10,0.20000000000000001,0.20000000000000001,1000000,16,1024,1,Earth_Relay1_Mars,100,2.3351769362999328e-115,0,2.3351732288412303e-113,0,0,0,0
Packet_Size,Packet_1024bits,10,0.20000000000000001,0.20000000000000001,1000000,16,1024,1,Earth_Relay2_Mars,100,2.9492137330215807e-22,0,2.9422990391347245e-20,0,0,0,0
Packet_Size,Packet_1024bits,10,0.20000000000000001,0.20000000000000001,1000000,16,1024,4,Direct_Earth_to_Mars,100,1.2301599061638724e-59,0,1.2301482626514561e-57,0,0,0,0
Packet_Size,Packet_1024bits,10,0.20000000000000001,0.20000000000000001,1000000,16,1024,4,Earth_Relay0_Mars,100,1.1187403792680676e-161,0,1.1183594213866866e-159,0,0,0,0
Packet_Size,Packet_1024bits,10,0.20000000000000001,0.20000000000000001,1000000,16,1024,4,Earth_Relay1_Mars,100,3.98609876685532e-221,0,3.9860987668547998e-219,0,0,0,0
Packet_Size,Packet_1024bits,10,0.20000000000000001,0.20000000000000001,1000000,16,1024,4,Earth_Relay2_Mars,100,6.7843892051266457e-63,0,6.7843232059899124e-61,0,0,0,0
Packet_Size,Packet_2048bits,10,0.20000000000000001,0.20000000000000001,1000000,16,2048,0,Direct_Earth_to_Mars,100,0.0011376711216412733,0,0.066164142269064211,0,0,0,0
Packet_Size,Packet_2048bits,10,0.20000000000000001,0.20000000000000001,1000000,16,2048,0,Earth_Relay0_Mars,100,3.0987494245945846e-10,0,1.7869404878315746e-08,0,0,0,0
Packet_Size,Packet_2048bits,10,0.20000000000000001,0.20000000000000001,1000000,16,2048,0,Earth_Relay1_Mars,100,1.1221138672005354e-26,0,1.067206917324531e-24,0,0,0,0
Packet_Size,Packet_2048bits,10,0.20000000000000001,0.20000000000000001,1000000,16,2048,0,Earth_Relay2_Mars,100,0.00069904259341920893,0,0.042397750921129858,0,0,0,0
Packet_Size,Packet_2048bits,10,0.20000000000000001,0.20000000000000001,1000000,16,2048,0.01,Direct_Earth_to_Mars,100,0.00012859907614615952,0,0.0091658716302782002,0,0,0,0
Packet_Size,Packet_2048bits,10,0.20000000000000001,0.20000000000000001,1000000,16,2048,0.01,Earth_Relay0_Mars,100,2.0924543320405497e-14,0,1.3299461991909316e-12,0,0,0,0
Packet_Size,Packet_2048bits,10,0.20000000000000001,0.20000000000000001,1000000,16,2048,0.01,Earth_Relay1_Mars,100,9.1342619959228627e-36,0,8.5075232314084184e-34,0,0,0,0
Packet_Size,Packet_2048bits,10,0.20000000000000001,0.20000000000000001,1000000,16,2048,0.01,Earth_Relay2_Mars,100,6.167939997627327e-05,0,0.0045407137732259165,0,0,0,0
Packet_Size,Packet_2048bits,10,0.20000000000000001,0.20000000000000001,1000000,16,2048,0.10000000000000001,Direct_Earth_to_Mars,100,2.1910790090693422e-09,0,2.1043911099953551e-07,0,0,0,0
Packet_Size,Packet_2048bits,10,0.20000000000000001,0.20000000000000001,1000000,16,2048,0.10000000000000001,Earth_Relay0_Mars,100,4.336523483492721e-36,0,3.2263212715887756e-34,0,0,0,0
Packet_Size,Packet_2048bits,10,0.20000000000000001,0.20000000000000001,1000000,16,2048,0.10000000000000001,Earth_Relay1_Mars,100,3.072945701507423e-83,0,1.8489491831165502e-81,0,0,0,0
Packet_Size,Packet_2048bits,10,0.20000000000000001,0.20000000000000001,1000000,16,2048,0.10000000000000001,Earth_Relay2_Mars,100,2.8420684225584207e-10,0,2.7513060319308408e-08,0,0,0,0
Packet_Size,Packet_2048bits,10,0.20000000000000001,0.20000000000000001,1000000,16,2048,1,Direct_Earth_to_Mars,100,1.6607590993421851e-38,0,1.6607461034951528e-36,0,0,0,0
Packet_Size,Packet_2048bits,10,0.20000000000000001,0.20000000000000001,1000000,16,2048,1,Earth_Relay0_Mars,100,9.3527966065892117e-132,0,9.2058766884437584e-130,0,0,0,0
Packet_Size,Packet_2048bits,10,0.20000000000000001,0.20000000000000001,1000000,16,2048,1,Earth_Relay1_Mars,100,5.453034008703754e-228,0,5.4530340086967758e-226,0,0,0,0
Packet_Size,Packet_2048bits,10,0.20000000000000001,0.20000000000000001,1000000,16,2048,1,Earth_Relay2_Mars,100,8.6571714223625618e-42,0,8.6571236356931229e-40,0,0,0,0
Packet_Size,Packet_2048bits,10,0.20000000000000001,0.20000000000000001,1000000,16,2048,4,Direct_Earth_to_Mars,100,1.5132647482399672e-116,0,1.513264748104396e-114,0,0,0,0
Packet_Size,Packet_2048bits,10,0.20000000000000001,0.20000000000000001,1000000,16,2048,4,Earth_Relay0_Mars,100,1.2509742152700362e-320,0,1.2507271824471156e-318,0,0,0,0
Packet_Size,Packet_2048bits,10,0.20000000000000001,0.20000000000000001,1000000,16,2048,4,Earth_Relay1_Mars,100,0,0,0,0,0,0,0
Packet_Size,Packet_2048bits,10,0.20000000000000001,0.20000000000000001,1000000,16,2048,4,Earth_Relay2_Mars,100,4.6027041367689133e-123,0,4.6027041363333248e-121,0,0,0,0
Packet_Size,Packet_4096bits,10,0.20000000000000001,0.20000000000000001,1000000,16,4096,0,Direct_Earth_to_Mars,100,5.5779623572668466e-05,0,0.0043776937222009694,0,0,0,0
Packet_Size,Packet_4096bits,10,0.20000000000000001,0.20000000000000001,1000000,16,4096,0,Earth_Relay0_Mars,100,3.9536141616512848e-18,0,3.1931563070517457e-16,0,0,0,0
Packet_Size,Packet_4096bits,10,0.20000000000000001,0.20000000000000001,1000000,16,4096,0,Earth_Relay1_Mars,100,1.1405908310050626e-50,0,1.1389306043853283e-48,0,0,0,0
Packet_Size,Packet_4096bits,10,0.20000000000000001,0.20000000000000001,1000000,16,4096,0,Earth_Relay2_Mars,100,2.2174972820180424e-05,0,0.0017975692831701674,0,0,0,0
Packet_Size,Packet_4096bits,10,0.20000000000000001,0.20000000000000001,1000000,16,4096,0.01,Direct_Earth_to_Mars,100,9.3470411378849494e-07,0,8.4013202742738759e-05,0,0,0,0
Packet_Size,Packet_4096bits,10,0.20000000000000001,0.20000000000000001,1000000,16,4096,0.01,Earth_Relay0_Mars,100,2.1056895596782185e-26,0,1.7687568927424052e-24,0,0,0,0
Packet_Size,Packet_4096bits,10,0.20000000000000001,0.20000000000000001,1000000,16,4096,0.01,Earth_Relay1_Mars,100,7.2658870480675963e-69,0,7.2377951532953925e-67,0,0,0,0
Packet_Size,Packet_4096bits,10,0.20000000000000001,0.20000000000000001,1000000,16,4096,0.01,Earth_Relay2_Mars,100,2.2519385123251725e-07,0,2.061808157036354e-05,0,0,0,0
Packet_Size,Packet_4096bits,10,0.20000000000000001,0.20000000000000001,1000000,16,4096,0.10000000000000001,Direct_Earth_to_Mars,100,4.4358449338801705e-16,0,4.4284619438274821e-14,0,0,0,0
Packet_Size,Packet_4096bits,10,0.20000000000000001,0.20000000000000001,1000000,16,4096,0.10000000000000001,Earth_Relay0_Mars,100,1.1590950126220502e-69,0,1.0409148947506216e-67,0,0,0,0
Packet_Size,Packet_4096bits,10,0.20000000000000001,0.20000000000000001,1000000,16,4096,0.10000000000000001,Earth_Relay1_Mars,100,4.9102967387060594e-164,0,3.4186130817473583e-162,0,0,0,0
Packet_Size,Packet_4096bits,10,0.20000000000000001,0.20000000000000001,1000000,16,4096,0.10000000000000001,Earth_Relay2_Mars,100,7.5778038363883341e-18,0,7.5696848813390282e-16,0,0,0,0
Packet_Size,Packet_4096bits,10,0.20000000000000001,0.20000000000000001,1000000,16,4096,1,Direct_Earth_to_Mars,100,2.7580776204432249e-74,0,2.7580776202743328e-72,0,0,0,0
Packet_Size,Packet_4096bits,10,0.20000000000000001,0.20000000000000001,1000000,16,4096,1,Earth_Relay0_Mars,100,8.4769700749228591e-261,0,8.4748165602832213e-259,0,0,0,0
Packet_Size,Packet_4096bits,10,0.20000000000000001,0.20000000000000001,1000000,16,4096,1,Earth_Relay1_Mars,100,0,0,0,0,0,0,0
Packet_Size,Packet_4096bits,10,0.20000000000000001,0.20000000000000001,1000000,16,4096,1,Earth_Relay2_Mars,100,7.4945789645960069e-81,0,7.49457896436765e-79,0,0,0,0
Packet_Size,Packet_4096bits,10,0.20000000000000001,0.20000000000000001,1000000,16,4096,4,Direct_Earth_to_Mars,100,2.2899701978554612e-230,0,2.2899701978554613e-228,0,0,0,0
Packet_Size,Packet_4096bits,10,0.20000000000000001,0.20000000000000001,1000000,16,4096,4,Earth_Relay0_Mars,100,0,0,0,0,0,0,0
Packet_Size,Packet_4096bits,10,0.20000000000000001,0.20000000000000001,1000000,16,4096,4,Earth_Relay1_Mars,100,0,0,0,0,0,0,0
Packet_Size,Packet_4096bits,10,0.20000000000000001,0.20000000000000001,1000000,16,4096,4,Earth_Relay2_Mars,100,2.1184885366619899e-243,0,2.1184885366619899e-241,0,0,0,0
Combined,Candidate_Moderate,50,0.5,0.5,250000,16,1024,0,Direct_Earth_to_Mars,100,1,1,1,100,100,100,100
Combined,Candidate_Moderate,50,0.5,0.5,250000,16,1024,0,Earth_Relay0_Mars,100,0.93999999999999995,0,1,94,94,94,94
Combined,Candidate_Moderate,50,0.5,0.5,250000,16,1024,0,Earth_Relay1_Mars,100,0.91000000000000003,0,1,91,91,91,91
Combined,Candidate_Moderate,50,0.5,0.5,250000,16,1024,0,Earth_Relay2_Mars,100,0.92000000000000004,0,1,92,92,92,92
Combined,Candidate_Moderate,50,0.5,0.5,250000,16,1024,0.01,Direct_Earth_to_Mars,100,1,1,1,100,100,100,100
Combined,Candidate_Moderate,50,0.5,0.5,250000,16,1024,0.01,Earth_Relay0_Mars,100,0.93999999999999995,0,1,94,94,94,94
Combined,Candidate_Moderate,50,0.5,0.5,250000,16,1024,0.01,Earth_Relay1_Mars,100,0.91000000000000003,0,1,91,91,91,91
Combined,Candidate_Moderate,50,0.5,0.5,250000,16,1024,0.01,Earth_Relay2_Mars,100,0.92000000000000004,0,1,92,92,92,92
Combined,Candidate_Moderate,50,0.5,0.5,250000,16,1024,0.10000000000000001,Direct_Earth_to_Mars,100,1,1,1,100,100,100,100
Combined,Candidate_Moderate,50,0.5,0.5,250000,16,1024,0.10000000000000001,Earth_Relay0_Mars,100,0.93999999999999995,0,1,94,94,94,94
Combined,Candidate_Moderate,50,0.5,0.5,250000,16,1024,0.10000000000000001,Earth_Relay1_Mars,100,0.91000000000000003,0,1,91,91,91,91
Combined,Candidate_Moderate,50,0.5,0.5,250000,16,1024,0.10000000000000001,Earth_Relay2_Mars,100,0.92000000000000004,0,1,92,92,92,92
Combined,Candidate_Moderate,50,0.5,0.5,250000,16,1024,1,Direct_Earth_to_Mars,100,1,1,1,100,100,100,100
Combined,Candidate_Moderate,50,0.5,0.5,250000,16,1024,1,Earth_Relay0_Mars,100,0.93999999999999995,0,1,94,94,94,94
Combined,Candidate_Moderate,50,0.5,0.5,250000,16,1024,1,Earth_Relay1_Mars,100,0.91000000000000003,0,1,91,91,91,91
Combined,Candidate_Moderate,50,0.5,0.5,250000,16,1024,1,Earth_Relay2_Mars,100,0.92000000000000004,0,1,92,92,92,92
Combined,Candidate_Moderate,50,0.5,0.5,250000,16,1024,4,Direct_Earth_to_Mars,100,1,1,1,100,100,100,100
Combined,Candidate_Moderate,50,0.5,0.5,250000,16,1024,4,Earth_Relay0_Mars,100,0.93999999999999995,0,1,94,94,94,94
Combined,Candidate_Moderate,50,0.5,0.5,250000,16,1024,4,Earth_Relay1_Mars,100,0.91000000000000003,0,1,91,91,91,91
Combined,Candidate_Moderate,50,0.5,0.5,250000,16,1024,4,Earth_Relay2_Mars,100,0.92000000000000004,0,1,92,92,92,92
Combined,Candidate_High_Margin,100,1,1,100000,16,256,0,Direct_Earth_to_Mars,100,1,1,1,100,100,100,100
Combined,Candidate_High_Margin,100,1,1,100000,16,256,0,Earth_Relay0_Mars,100,0.93999999999999995,0,1,94,94,94,94
Combined,Candidate_High_Margin,100,1,1,100000,16,256,0,Earth_Relay1_Mars,100,0.91000000000000003,0,1,91,91,91,91
Combined,Candidate_High_Margin,100,1,1,100000,16,256,0,Earth_Relay2_Mars,100,0.92000000000000004,0,1,92,92,92,92
Combined,Candidate_High_Margin,100,1,1,100000,16,256,0.01,Direct_Earth_to_Mars,100,1,1,1,100,100,100,100
Combined,Candidate_High_Margin,100,1,1,100000,16,256,0.01,Earth_Relay0_Mars,100,0.93999999999999995,0,1,94,94,94,94
Combined,Candidate_High_Margin,100,1,1,100000,16,256,0.01,Earth_Relay1_Mars,100,0.91000000000000003,0,1,91,91,91,91
Combined,Candidate_High_Margin,100,1,1,100000,16,256,0.01,Earth_Relay2_Mars,100,0.92000000000000004,0,1,92,92,92,92
Combined,Candidate_High_Margin,100,1,1,100000,16,256,0.10000000000000001,Direct_Earth_to_Mars,100,1,1,1,100,100,100,100
Combined,Candidate_High_Margin,100,1,1,100000,16,256,0.10000000000000001,Earth_Relay0_Mars,100,0.93999999999999995,0,1,94,94,94,94
Combined,Candidate_High_Margin,100,1,1,100000,16,256,0.10000000000000001,Earth_Relay1_Mars,100,0.91000000000000003,0,1,91,91,91,91
Combined,Candidate_High_Margin,100,1,1,100000,16,256,0.10000000000000001,Earth_Relay2_Mars,100,0.92000000000000004,0,1,92,92,92,92
Combined,Candidate_High_Margin,100,1,1,100000,16,256,1,Direct_Earth_to_Mars,100,1,1,1,100,100,100,100
Combined,Candidate_High_Margin,100,1,1,100000,16,256,1,Earth_Relay0_Mars,100,0.93999999999999995,0,1,94,94,94,94
Combined,Candidate_High_Margin,100,1,1,100000,16,256,1,Earth_Relay1_Mars,100,0.91000000000000003,0,1,91,91,91,91
Combined,Candidate_High_Margin,100,1,1,100000,16,256,1,Earth_Relay2_Mars,100,0.92000000000000004,0,1,92,92,92,92
Combined,Candidate_High_Margin,100,1,1,100000,16,256,4,Direct_Earth_to_Mars,100,1,1,1,100,100,100,100
Combined,Candidate_High_Margin,100,1,1,100000,16,256,4,Earth_Relay0_Mars,100,0.93999999999999995,0,1,94,94,94,94
Combined,Candidate_High_Margin,100,1,1,100000,16,256,4,Earth_Relay1_Mars,100,0.91000000000000003,0,1,91,91,91,91
Combined,Candidate_High_Margin,100,1,1,100000,16,256,4,Earth_Relay2_Mars,100,0.92000000000000004,0,1,92,92,92,92
