Trial,Seed,Policy,Generated,Delivered,Expired,Dropped,Contact_Failures,Optical_Link_Failures,Reliability,Delivered_Bits,Mean_Delivered_Latency_s
1,100000,B1,200,166,0,34,34,0,0.82999999999999996,169984,814.58603725757007
1,100000,B2,200,166,0,34,34,0,0.82999999999999996,169984,814.58603725757007
1,100000,B3,200,166,0,34,34,0,0.82999999999999996,169984,814.58603725757007
1,100000,B4,200,166,0,34,34,0,0.82999999999999996,169984,814.58603725757007
10,100009,B1,200,199,0,1,1,0,0.995,203776,817.3031980565836
10,100009,B2,200,199,0,1,1,0,0.995,203776,817.3031980565836
10,100009,B3,200,199,0,1,1,0,0.995,203776,817.3031980565836
10,100009,B4,200,199,0,1,1,0,0.995,203776,817.3031980565836
100,100099,B1,200,186,0,14,14,0,0.93000000000000005,190464,569.5858213212307
100,100099,B2,200,186,0,14,14,0,0.93000000000000005,190464,569.5858213212307
100,100099,B3,200,186,0,14,14,0,0.93000000000000005,190464,569.5858213212307
100,100099,B4,200,186,0,14,14,0,0.93000000000000005,190464,569.5858213212307
11,100010,B1,200,173,0,27,27,0,0.86499999999999999,177152,624.98567499124738
11,100010,B2,200,173,0,27,27,0,0.86499999999999999,177152,624.98567499124738
11,100010,B3,200,173,0,27,27,0,0.86499999999999999,177152,624.98567499124738
11,100010,B4,200,173,0,27,27,0,0.86499999999999999,177152,624.98567499124738
12,100011,B1,200,169,0,31,31,0,0.84499999999999997,173056,832.76701199067236
12,100011,B2,200,169,0,31,31,0,0.84499999999999997,173056,832.76701199067236
12,100011,B3,200,169,0,31,31,0,0.84499999999999997,173056,832.76701199067236
12,100011,B4,200,169,0,31,31,0,0.84499999999999997,173056,832.76701199067236
13,100012,B1,200,177,0,23,23,0,0.88500000000000001,181248,536.67743902556913
13,100012,B2,200,177,0,23,23,0,0.88500000000000001,181248,536.67743902556913
13,100012,B3,200,159,0,41,41,0,0.79500000000000004,162816,707.52629702921388
13,100012,B4,200,177,0,23,23,0,0.88500000000000001,181248,536.67743902556913
14,100013,B1,200,163,0,37,37,0,0.81499999999999995,166912,1323.9423759352064
14,100013,B2,200,163,0,37,37,0,0.81499999999999995,166912,1323.9423759352064
14,100013,B3,200,163,0,37,37,0,0.81499999999999995,166912,1323.9423759352064
14,100013,B4,200,163,0,37,37,0,0.81499999999999995,166912,1323.9423759352064
15,100014,B1,200,170,0,30,30,0,0.84999999999999998,174080,801.48616326220383
15,100014,B2,200,170,0,30,30,0,0.84999999999999998,174080,801.48616326220383
15,100014,B3,200,170,0,30,30,0,0.84999999999999998,174080,801.48616326220383
15,100014,B4,200,170,0,30,30,0,0.84999999999999998,174080,801.48616326220383
16,100015,B1,200,188,0,12,12,0,0.93999999999999995,192512,1333.5123992938877
16,100015,B2,200,188,0,12,12,0,0.93999999999999995,192512,1333.5123992938877
16,100015,B3,200,188,0,12,12,0,0.93999999999999995,192512,1333.5123992938877
16,100015,B4,200,188,0,12,12,0,0.93999999999999995,192512,1333.5123992938877
17,100016,B1,200,180,0,20,20,0,0.90000000000000002,184320,428.05510796402666
17,100016,B2,200,180,0,20,20,0,0.90000000000000002,184320,428.05510796402666
17,100016,B3,200,180,0,20,20,0,0.90000000000000002,184320,428.05510796402666
17,100016,B4,200,180,0,20,20,0,0.90000000000000002,184320,428.05510796402666
18,100017,B1,200,197,0,3,3,0,0.98499999999999999,201728,295.2826575098278
18,100017,B2,200,197,0,3,3,0,0.98499999999999999,201728,295.2826575098278
18,100017,B3,200,197,0,3,3,0,0.98499999999999999,201728,295.2826575098278
18,100017,B4,200,197,0,3,3,0,0.98499999999999999,201728,295.2826575098278
19,100018,B1,200,178,0,22,22,0,0.89000000000000001,182272,1077.3091831679437
19,100018,B2,200,178,0,22,22,0,0.89000000000000001,182272,1077.3091831679437
19,100018,B3,200,178,0,22,22,0,0.89000000000000001,182272,1077.3091831679437
19,100018,B4,200,178,0,22,22,0,0.89000000000000001,182272,1077.3091831679437
2,100001,B1,200,162,0,38,38,0,0.81000000000000005,165888,1367.8487442494657
2,100001,B2,200,162,0,38,38,0,0.81000000000000005,165888,1367.8487442494657
2,100001,B3,200,162,0,38,38,0,0.81000000000000005,165888,1367.8487442494657
2,100001,B4,200,162,0,38,38,0,0.81000000000000005,165888,1367.8487442494657
20,100019,B1,200,153,0,47,47,0,0.76500000000000001,156672,1360.5079218814783
20,100019,B2,200,153,0,47,47,0,0.76500000000000001,156672,1360.5079218814783
20,100019,B3,200,153,0,47,47,0,0.76500000000000001,156672,1360.5079218814783
20,100019,B4,200,153,0,47,47,0,0.76500000000000001,156672,1360.5079218814783
21,100020,B1,200,174,0,26,26,0,0.87,178176,1238.7906704173949
21,100020,B2,200,174,0,26,26,0,0.87,178176,1238.7906704173949
21,100020,B3,200,174,0,26,26,0,0.87,178176,1238.7906704173949
21,100020,B4,200,174,0,26,26,0,0.87,178176,1238.7906704173949
22,100021,B1,200,168,0,32,32,0,0.83999999999999997,172032,1152.8818483193829
22,100021,B2,200,168,0,32,32,0,0.83999999999999997,172032,1152.8818483193829
22,100021,B3,200,168,0,32,32,0,0.83999999999999997,172032,1152.8818483193829
22,100021,B4,200,168,0,32,32,0,0.83999999999999997,172032,1152.8818483193829
23,100022,B1,200,175,0,25,25,0,0.875,179200,813.62942800230132
23,100022,B2,200,175,0,25,25,0,0.875,179200,813.62942800230132
23,100022,B3,200,175,0,25,25,0,0.875,179200,813.62942800230132
23,100022,B4,200,175,0,25,25,0,0.875,179200,813.62942800230132
24,100023,B1,200,188,0,12,12,0,0.93999999999999995,192512,823.00884099745372
24,100023,B2,200,188,0,12,12,0,0.93999999999999995,192512,823.00884099745372
24,100023,B3,200,188,0,12,12,0,0.93999999999999995,192512,823.00884099745372
24,100023,B4,200,188,0,12,12,0,0.93999999999999995,192512,823.00884099745372
25,100024,B1,200,168,0,32,32,0,0.83999999999999997,172032,855.08627441203407
25,100024,B2,200,168,0,32,32,0,0.83999999999999997,172032,855.08627441203407
25,100024,B3,200,168,0,32,32,0,0.83999999999999997,172032,855.08627441203407
25,100024,B4,200,168,0,32,32,0,0.83999999999999997,172032,855.08627441203407
26,100025,B1,200,176,0,24,24,0,0.88,180224,1260.0324486885818
26,100025,B2,200,176,0,24,24,0,0.88,180224,1260.0324486885818
26,100025,B3,200,176,0,24,24,0,0.88,180224,1260.0324486885818
26,100025,B4,200,176,0,24,24,0,0.88,180224,1260.0324486885818
27,100026,B1,200,192,0,8,8,0,0.95999999999999996,196608,487.78298658954844
27,100026,B2,200,192,0,8,8,0,0.95999999999999996,196608,487.78298658954844
27,100026,B3,200,184,0,16,16,0,0.92000000000000004,188416,674.19396447215718
27,100026,B4,200,192,0,8,8,0,0.95999999999999996,196608,487.78298658954844
28,100027,B1,200,167,0,33,33,0,0.83499999999999996,171008,1366.8644982619801
28,100027,B2,200,167,0,33,33,0,0.83499999999999996,171008,1366.8644982619801
28,100027,B3,200,167,0,33,33,0,0.83499999999999996,171008,1366.8644982619801
28,100027,B4,200,167,0,33,33,0,0.83499999999999996,171008,1366.8644982619801
29,100028,B1,200,198,0,2,2,0,0.98999999999999999,202752,1312.4418773815266
29,100028,B2,200,198,0,2,2,0,0.98999999999999999,202752,1312.4418773815266
29,100028,B3,200,198,0,2,2,0,0.98999999999999999,202752,1312.4418773815266
29,100028,B4,200,198,0,2,2,0,0.98999999999999999,202752,1312.4418773815266
3,100002,B1,200,177,0,23,23,0,0.88500000000000001,181248,1201.6387451818939
3,100002,B2,200,177,0,23,23,0,0.88500000000000001,181248,1201.6387451818939
3,100002,B3,200,177,0,23,23,0,0.88500000000000001,181248,1201.6387451818939
3,100002,B4,200,177,0,23,23,0,0.88500000000000001,181248,1201.6387451818939
30,100029,B1,200,172,0,28,28,0,0.85999999999999999,176128,999.42141572548724
30,100029,B2,200,172,0,28,28,0,0.85999999999999999,176128,999.42141572548724
30,100029,B3,200,172,0,28,28,0,0.85999999999999999,176128,999.42141572548724
30,100029,B4,200,172,0,28,28,0,0.85999999999999999,176128,999.42141572548724
31,100030,B1,200,198,0,2,2,0,0.98999999999999999,202752,1285.0609092185055
31,100030,B2,200,198,0,2,2,0,0.98999999999999999,202752,1285.0609092185055
31,100030,B3,200,198,0,2,2,0,0.98999999999999999,202752,1285.0609092185055
31,100030,B4,200,198,0,2,2,0,0.98999999999999999,202752,1285.0609092185055
32,100031,B1,200,199,0,1,1,0,0.995,203776,294.79601975412504
32,100031,B2,200,199,0,1,1,0,0.995,203776,294.79601975412504
32,100031,B3,200,199,0,1,1,0,0.995,203776,294.79601975412504
32,100031,B4,200,199,0,1,1,0,0.995,203776,294.79601975412504
33,100032,B1,200,199,0,1,1,0,0.995,203776,1316.6181290904128
33,100032,B2,200,199,0,1,1,0,0.995,203776,1316.6181290904128
33,100032,B3,200,199,0,1,1,0,0.995,203776,1316.6181290904128
33,100032,B4,200,199,0,1,1,0,0.995,203776,1316.6181290904128
34,100033,B1,200,172,0,28,28,0,0.85999999999999999,176128,286.90145520157239
34,100033,B2,200,172,0,28,28,0,0.85999999999999999,176128,286.90145520157239
34,100033,B3,200,172,0,28,28,0,0.85999999999999999,176128,286.90145520157239
34,100033,B4,200,172,0,28,28,0,0.85999999999999999,176128,286.90145520157239
35,100034,B1,200,179,0,21,21,0,0.89500000000000002,183296,623.61679339510647
35,100034,B2,200,179,0,21,21,0,0.89500000000000002,183296,623.61679339510647
35,100034,B3,200,179,0,21,21,0,0.89500000000000002,183296,623.61679339510647
35,100034,B4,200,179,0,21,21,0,0.89500000000000002,183296,623.61679339510647
36,100035,B1,200,194,0,6,6,0,0.96999999999999997,198656,1361.6590511252234
36,100035,B2,200,194,0,6,6,0,0.96999999999999997,198656,1361.6590511252234
36,100035,B3,200,194,0,6,6,0,0.96999999999999997,198656,1361.6590511252234
36,100035,B4,200,194,0,6,6,0,0.96999999999999997,198656,1361.6590511252234
37,100036,B1,200,170,0,30,30,0,0.84999999999999998,174080,869.09044914640185
37,100036,B2,200,170,0,30,30,0,0.84999999999999998,174080,869.09044914640185
37,100036,B3,200,170,0,30,30,0,0.84999999999999998,174080,869.09044914640185
37,100036,B4,200,170,0,30,30,0,0.84999999999999998,174080,869.09044914640185
38,100037,B1,200,150,0,50,50,0,0.75,153600,1349.3887833563419
38,100037,B2,200,150,0,50,50,0,0.75,153600,1349.3887833563419
38,100037,B3,200,150,0,50,50,0,0.75,153600,1349.3887833563419
38,100037,B4,200,150,0,50,50,0,0.75,153600,1349.3887833563419
39,100038,B1,200,181,0,19,19,0,0.90500000000000003,185344,323.14090447048318
39,100038,B2,200,181,0,19,19,0,0.90500000000000003,185344,323.14090447048318
39,100038,B3,200,181,0,19,19,0,0.90500000000000003,185344,323.14090447048318
39,100038,B4,200,181,0,19,19,0,0.90500000000000003,185344,323.14090447048318
4,100003,B1,200,194,0,6,6,0,0.96999999999999997,198656,1057.4243111254382
4,100003,B2,200,194,0,6,6,0,0.96999999999999997,198656,1057.4243111254382
4,100003,B3,200,194,0,6,6,0,0.96999999999999997,198656,1057.4243111254382
4,100003,B4,200,194,0,6,6,0,0.96999999999999997,198656,1057.4243111254382
40,100039,B1,200,167,0,33,33,0,0.83499999999999996,171008,1079.3274664660958
40,100039,B2,200,167,0,33,33,0,0.83499999999999996,171008,1079.3274664660958
40,100039,B3,200,167,0,33,33,0,0.83499999999999996,171008,1079.3274664660958
40,100039,B4,200,167,0,33,33,0,0.83499999999999996,171008,1079.3274664660958
41,100040,B1,200,174,0,26,26,0,0.87,178176,1353.3347947143754
41,100040,B2,200,174,0,26,26,0,0.87,178176,1353.3347947143754
41,100040,B3,200,174,0,26,26,0,0.87,178176,1353.3347947143754
41,100040,B4,200,174,0,26,26,0,0.87,178176,1353.3347947143754
42,100041,B1,200,181,0,19,19,0,0.90500000000000003,185344,1298.0227062004267
42,100041,B2,200,181,0,19,19,0,0.90500000000000003,185344,1298.0227062004267
42,100041,B3,200,181,0,19,19,0,0.90500000000000003,185344,1298.0227062004267
42,100041,B4,200,181,0,19,19,0,0.90500000000000003,185344,1298.0227062004267
43,100042,B1,200,183,0,17,17,0,0.91500000000000004,187392,1364.8308421635591
43,100042,B2,200,183,0,17,17,0,0.91500000000000004,187392,1364.8308421635591
43,100042,B3,200,183,0,17,17,0,0.91500000000000004,187392,1364.8308421635591
43,100042,B4,200,183,0,17,17,0,0.91500000000000004,187392,1364.8308421635591
44,100043,B1,200,193,0,7,7,0,0.96499999999999997,197632,1343.0166333846632
44,100043,B2,200,193,0,7,7,0,0.96499999999999997,197632,1343.0166333846632
44,100043,B3,200,193,0,7,7,0,0.96499999999999997,197632,1343.0166333846632
44,100043,B4,200,193,0,7,7,0,0.96499999999999997,197632,1343.0166333846632
45,100044,B1,200,175,0,25,25,0,0.875,179200,905.61288227991929
45,100044,B2,200,175,0,25,25,0,0.875,179200,905.61288227991929
45,100044,B3,200,175,0,25,25,0,0.875,179200,905.61288227991929
45,100044,B4,200,175,0,25,25,0,0.875,179200,905.61288227991929
46,100045,B1,200,192,0,8,8,0,0.95999999999999996,196608,1364.3629795303511
46,100045,B2,200,192,0,8,8,0,0.95999999999999996,196608,1364.3629795303511
46,100045,B3,200,192,0,8,8,0,0.95999999999999996,196608,1364.3629795303511
46,100045,B4,200,192,0,8,8,0,0.95999999999999996,196608,1364.3629795303511
47,100046,B1,200,175,0,25,25,0,0.875,179200,1054.717068437749
47,100046,B2,200,175,0,25,25,0,0.875,179200,1054.717068437749
47,100046,B3,200,175,0,25,25,0,0.875,179200,1054.717068437749
47,100046,B4,200,175,0,25,25,0,0.875,179200,1054.717068437749
48,100047,B1,200,186,0,14,14,0,0.93000000000000005,190464,1367.4702192765239
48,100047,B2,200,186,0,14,14,0,0.93000000000000005,190464,1367.4702192765239
48,100047,B3,200,186,0,14,14,0,0.93000000000000005,190464,1367.4702192765239
48,100047,B4,200,186,0,14,14,0,0.93000000000000005,190464,1367.4702192765239
49,100048,B1,200,172,0,28,28,0,0.85999999999999999,176128,1193.944295080988
49,100048,B2,200,172,0,28,28,0,0.85999999999999999,176128,1193.944295080988
49,100048,B3,200,172,0,28,28,0,0.85999999999999999,176128,1193.944295080988
49,100048,B4,200,172,0,28,28,0,0.85999999999999999,176128,1193.944295080988
5,100004,B1,200,174,0,26,26,0,0.87,178176,444.68053992136305
5,100004,B2,200,174,0,26,26,0,0.87,178176,444.68053992136305
5,100004,B3,200,174,0,26,26,0,0.87,178176,444.68053992136305
5,100004,B4,200,174,0,26,26,0,0.87,178176,444.68053992136305
50,100049,B1,200,192,0,8,8,0,0.95999999999999996,196608,1332.7504772336749
50,100049,B2,200,192,0,8,8,0,0.95999999999999996,196608,1332.7504772336749
50,100049,B3,200,192,0,8,8,0,0.95999999999999996,196608,1332.7504772336749
50,100049,B4,200,192,0,8,8,0,0.95999999999999996,196608,1332.7504772336749
51,100050,B1,200,184,0,16,16,0,0.92000000000000004,188416,595.05759850775928
51,100050,B2,200,184,0,16,16,0,0.92000000000000004,188416,595.05759850775928
51,100050,B3,200,184,0,16,16,0,0.92000000000000004,188416,595.05759850775928
51,100050,B4,200,184,0,16,16,0,0.92000000000000004,188416,595.05759850775928
52,100051,B1,200,198,0,2,2,0,0.98999999999999999,202752,1156.4045762032551
52,100051,B2,200,198,0,2,2,0,0.98999999999999999,202752,1156.4045762032551
52,100051,B3,200,198,0,2,2,0,0.98999999999999999,202752,1156.4045762032551
52,100051,B4,200,198,0,2,2,0,0.98999999999999999,202752,1156.4045762032551
53,100052,B1,200,184,0,16,16,0,0.92000000000000004,188416,424.614346022907
53,100052,B2,200,184,0,16,16,0,0.92000000000000004,188416,424.614346022907
53,100052,B3,200,184,0,16,16,0,0.92000000000000004,188416,424.614346022907
53,100052,B4,200,184,0,16,16,0,0.92000000000000004,188416,424.614346022907
54,100053,B1,200,169,0,31,31,0,0.84499999999999997,173056,1340.9033053439921
54,100053,B2,200,169,0,31,31,0,0.84499999999999997,173056,1340.9033053439921
54,100053,B3,200,169,0,31,31,0,0.84499999999999997,173056,1340.9033053439921
54,100053,B4,200,169,0,31,31,0,0.84499999999999997,173056,1340.9033053439921
55,100054,B1,200,183,0,17,17,0,0.91500000000000004,187392,779.02871566696638
55,100054,B2,200,183,0,17,17,0,0.91500000000000004,187392,779.02871566696638
55,100054,B3,200,183,0,17,17,0,0.91500000000000004,187392,779.02871566696638
55,100054,B4,200,183,0,17,17,0,0.91500000000000004,187392,779.02871566696638
56,100055,B1,200,160,0,40,40,0,0.80000000000000004,163840,407.93944658771909
56,100055,B2,200,160,0,40,40,0,0.80000000000000004,163840,407.93944658771909
56,100055,B3,200,160,0,40,40,0,0.80000000000000004,163840,407.93944658771909
56,100055,B4,200,160,0,40,40,0,0.80000000000000004,163840,407.93944658771909
57,100056,B1,200,182,0,18,18,0,0.91000000000000003,186368,507.87878101663443
57,100056,B2,200,182,0,18,18,0,0.91000000000000003,186368,507.87878101663443
57,100056,B3,200,182,0,18,18,0,0.91000000000000003,186368,507.87878101663443
57,100056,B4,200,182,0,18,18,0,0.91000000000000003,186368,507.87878101663443
58,100057,B1,200,175,0,25,25,0,0.875,179200,703.77880700981382
58,100057,B2,200,175,0,25,25,0,0.875,179200,703.77880700981382
58,100057,B3,200,175,0,25,25,0,0.875,179200,703.77880700981382
58,100057,B4,200,175,0,25,25,0,0.875,179200,703.77880700981382
59,100058,B1,200,190,0,10,10,0,0.94999999999999996,194560,787.38151309409034
59,100058,B2,200,190,0,10,10,0,0.94999999999999996,194560,787.38151309409034
59,100058,B3,200,190,0,10,10,0,0.94999999999999996,194560,787.38151309409034
59,100058,B4,200,190,0,10,10,0,0.94999999999999996,194560,787.38151309409034
6,100005,B1,200,174,0,26,26,0,0.87,178176,1051.0231773920505
6,100005,B2,200,174,0,26,26,0,0.87,178176,1051.0231773920505
6,100005,B3,200,174,0,26,26,0,0.87,178176,1051.0231773920505
6,100005,B4,200,174,0,26,26,0,0.87,178176,1051.0231773920505
60,100059,B1,200,170,0,30,30,0,0.84999999999999998,174080,1359.8949038974304
60,100059,B2,200,170,0,30,30,0,0.84999999999999998,174080,1359.8949038974304
60,100059,B3,200,170,0,30,30,0,0.84999999999999998,174080,1359.8949038974304
60,100059,B4,200,170,0,30,30,0,0.84999999999999998,174080,1359.8949038974304
61,100060,B1,200,171,0,29,29,0,0.85499999999999998,175104,1367.870350159247
61,100060,B2,200,171,0,29,29,0,0.85499999999999998,175104,1367.870350159247
61,100060,B3,200,171,0,29,29,0,0.85499999999999998,175104,1367.870350159247
61,100060,B4,200,171,0,29,29,0,0.85499999999999998,175104,1367.870350159247
62,100061,B1,200,161,0,39,39,0,0.80500000000000005,164864,1322.8760712819644
62,100061,B2,200,161,0,39,39,0,0.80500000000000005,164864,1322.8760712819644
62,100061,B3,200,161,0,39,39,0,0.80500000000000005,164864,1322.8760712819644
62,100061,B4,200,161,0,39,39,0,0.80500000000000005,164864,1322.8760712819644
63,100062,B1,200,179,0,21,21,0,0.89500000000000002,183296,782.76235185122516
63,100062,B2,200,179,0,21,21,0,0.89500000000000002,183296,782.76235185122516
63,100062,B3,200,179,0,21,21,0,0.89500000000000002,183296,782.76235185122516
63,100062,B4,200,179,0,21,21,0,0.89500000000000002,183296,782.76235185122516
64,100063,B1,200,179,0,21,21,0,0.89500000000000002,183296,1104.5784646017994
64,100063,B2,200,179,0,21,21,0,0.89500000000000002,183296,1104.5784646017994
64,100063,B3,200,179,0,21,21,0,0.89500000000000002,183296,1104.5784646017994
64,100063,B4,200,179,0,21,21,0,0.89500000000000002,183296,1104.5784646017994
65,100064,B1,200,173,0,27,27,0,0.86499999999999999,177152,1260.2607821626589
65,100064,B2,200,173,0,27,27,0,0.86499999999999999,177152,1260.2607821626589
65,100064,B3,200,173,0,27,27,0,0.86499999999999999,177152,1260.2607821626589
65,100064,B4,200,173,0,27,27,0,0.86499999999999999,177152,1260.2607821626589
66,100065,B1,200,195,0,5,5,0,0.97499999999999998,199680,1147.2913970777802
66,100065,B2,200,195,0,5,5,0,0.97499999999999998,199680,1147.2913970777802
66,100065,B3,200,195,0,5,5,0,0.97499999999999998,199680,1147.2913970777802
66,100065,B4,200,195,0,5,5,0,0.97499999999999998,199680,1147.2913970777802
67,100066,B1,200,194,0,6,6,0,0.96999999999999997,198656,381.0954411240624
67,100066,B2,200,194,0,6,6,0,0.96999999999999997,198656,381.0954411240624
67,100066,B3,200,194,0,6,6,0,0.96999999999999997,198656,381.0954411240624
67,100066,B4,200,194,0,6,6,0,0.96999999999999997,198656,381.0954411240624
68,100067,B1,200,180,0,20,20,0,0.90000000000000002,184320,1274.6324548918426
68,100067,B2,200,180,0,20,20,0,0.90000000000000002,184320,1274.6324548918426
68,100067,B3,200,180,0,20,20,0,0.90000000000000002,184320,1274.6324548918426
68,100067,B4,200,180,0,20,20,0,0.90000000000000002,184320,1274.6324548918426
69,100068,B1,200,183,0,17,17,0,0.91500000000000004,187392,1188.5676826864726
69,100068,B2,200,183,0,17,17,0,0.91500000000000004,187392,1188.5676826864726
69,100068,B3,200,183,0,17,17,0,0.91500000000000004,187392,1188.5676826864726
69,100068,B4,200,183,0,17,17,0,0.91500000000000004,187392,1188.5676826864726
7,100006,B1,200,187,0,13,13,0,0.93500000000000005,191488,1359.8898816734379
7,100006,B2,200,187,0,13,13,0,0.93500000000000005,191488,1359.8898816734379
7,100006,B3,200,187,0,13,13,0,0.93500000000000005,191488,1359.8898816734379
7,100006,B4,200,187,0,13,13,0,0.93500000000000005,191488,1359.8898816734379
70,100069,B1,200,196,0,4,4,0,0.97999999999999998,200704,1251.9692475217089
70,100069,B2,200,196,0,4,4,0,0.97999999999999998,200704,1251.9692475217089
70,100069,B3,200,196,0,4,4,0,0.97999999999999998,200704,1251.9692475217089
70,100069,B4,200,196,0,4,4,0,0.97999999999999998,200704,1251.9692475217089
71,100070,B1,200,167,0,33,33,0,0.83499999999999996,171008,476.07796785225105
71,100070,B2,200,167,0,33,33,0,0.83499999999999996,171008,476.07796785225105
71,100070,B3,200,167,0,33,33,0,0.83499999999999996,171008,476.07796785225105
71,100070,B4,200,167,0,33,33,0,0.83499999999999996,171008,476.07796785225105
72,100071,B1,200,188,0,12,12,0,0.93999999999999995,192512,1113.0588206176174
72,100071,B2,200,188,0,12,12,0,0.93999999999999995,192512,1113.0588206176174
72,100071,B3,200,188,0,12,12,0,0.93999999999999995,192512,1113.0588206176174
72,100071,B4,200,188,0,12,12,0,0.93999999999999995,192512,1113.0588206176174
73,100072,B1,200,187,0,13,13,0,0.93500000000000005,191488,318.45207499414204
73,100072,B2,200,187,0,13,13,0,0.93500000000000005,191488,318.45207499414204
73,100072,B3,200,187,0,13,13,0,0.93500000000000005,191488,318.45207499414204
73,100072,B4,200,187,0,13,13,0,0.93500000000000005,191488,318.45207499414204
74,100073,B1,200,164,0,36,36,0,0.81999999999999995,167936,941.58860545428831
74,100073,B2,200,164,0,36,36,0,0.81999999999999995,167936,941.58860545428831
74,100073,B3,200,164,0,36,36,0,0.81999999999999995,167936,941.58860545428831
74,100073,B4,200,164,0,36,36,0,0.81999999999999995,167936,941.58860545428831
75,100074,B1,200,198,0,2,2,0,0.98999999999999999,202752,1108.2419264147734
75,100074,B2,200,198,0,2,2,0,0.98999999999999999,202752,1108.2419264147734
75,100074,B3,200,198,0,2,2,0,0.98999999999999999,202752,1108.2419264147734
75,100074,B4,200,198,0,2,2,0,0.98999999999999999,202752,1108.2419264147734
76,100075,B1,200,183,0,17,17,0,0.91500000000000004,187392,747.81638317118916
76,100075,B2,200,183,0,17,17,0,0.91500000000000004,187392,747.81638317118916
76,100075,B3,200,183,0,17,17,0,0.91500000000000004,187392,747.81638317118916
76,100075,B4,200,183,0,17,17,0,0.91500000000000004,187392,747.81638317118916
77,100076,B1,200,159,0,41,41,0,0.79500000000000004,162816,363.26627175840247
77,100076,B2,200,159,0,41,41,0,0.79500000000000004,162816,363.26627175840247
77,100076,B3,200,159,0,41,41,0,0.79500000000000004,162816,363.26627175840247
77,100076,B4,200,159,0,41,41,0,0.79500000000000004,162816,363.26627175840247
78,100077,B1,200,174,0,26,26,0,0.87,178176,1214.7912342923826
78,100077,B2,200,174,0,26,26,0,0.87,178176,1214.7912342923826
78,100077,B3,200,174,0,26,26,0,0.87,178176,1214.7912342923826
78,100077,B4,200,174,0,26,26,0,0.87,178176,1214.7912342923826
79,100078,B1,200,191,0,9,9,0,0.95499999999999996,195584,285.37323995700029
79,100078,B2,200,191,0,9,9,0,0.95499999999999996,195584,285.37323995700029
79,100078,B3,200,191,0,9,9,0,0.95499999999999996,195584,285.37323995700029
79,100078,B4,200,191,0,9,9,0,0.95499999999999996,195584,285.37323995700029
8,100007,B1,200,169,0,31,31,0,0.84499999999999997,173056,603.0651434698384
8,100007,B2,200,169,0,31,31,0,0.84499999999999997,173056,603.0651434698384
8,100007,B3,200,169,0,31,31,0,0.84499999999999997,173056,603.0651434698384
8,100007,B4,200,169,0,31,31,0,0.84499999999999997,173056,603.0651434698384
80,100079,B1,200,190,0,10,10,0,0.94999999999999996,194560,1076.8624999915462
80,100079,B2,200,190,0,10,10,0,0.94999999999999996,194560,1076.8624999915462
80,100079,B3,200,190,0,10,10,0,0.94999999999999996,194560,1076.8624999915462
80,100079,B4,200,190,0,10,10,0,0.94999999999999996,194560,1076.8624999915462
81,100080,B1,200,184,0,16,16,0,0.92000000000000004,188416,835.39171320036985
81,100080,B2,200,184,0,16,16,0,0.92000000000000004,188416,835.39171320036985
81,100080,B3,200,184,0,16,16,0,0.92000000000000004,188416,835.39171320036985
81,100080,B4,200,184,0,16,16,0,0.92000000000000004,188416,835.39171320036985
82,100081,B1,200,169,0,31,31,0,0.84499999999999997,173056,1363.0432192491794
82,100081,B2,200,169,0,31,31,0,0.84499999999999997,173056,1363.0432192491794
82,100081,B3,200,169,0,31,31,0,0.84499999999999997,173056,1363.0432192491794
82,100081,B4,200,169,0,31,31,0,0.84499999999999997,173056,1363.0432192491794
83,100082,B1,200,183,0,17,17,0,0.91500000000000004,187392,516.98908890302005
83,100082,B2,200,183,0,17,17,0,0.91500000000000004,187392,516.98908890302005
83,100082,B3,200,168,0,32,32,0,0.83999999999999997,172032,693.33220562207873
83,100082,B4,200,183,0,17,17,0,0.91500000000000004,187392,516.98908890302005
84,100083,B1,200,178,0,22,22,0,0.89000000000000001,182272,1354.3455232333779
84,100083,B2,200,178,0,22,22,0,0.89000000000000001,182272,1354.3455232333779
84,100083,B3,200,178,0,22,22,0,0.89000000000000001,182272,1354.3455232333779
84,100083,B4,200,178,0,22,22,0,0.89000000000000001,182272,1354.3455232333779
85,100084,B1,200,172,0,28,28,0,0.85999999999999999,176128,758.38894683121464
85,100084,B2,200,172,0,28,28,0,0.85999999999999999,176128,758.38894683121464
85,100084,B3,200,172,0,28,28,0,0.85999999999999999,176128,758.38894683121464
85,100084,B4,200,172,0,28,28,0,0.85999999999999999,176128,758.38894683121464
86,100085,B1,200,181,0,19,19,0,0.90500000000000003,185344,1324.6798768047959
86,100085,B2,200,181,0,19,19,0,0.90500000000000003,185344,1324.6798768047959
86,100085,B3,200,181,0,19,19,0,0.90500000000000003,185344,1324.6798768047959
86,100085,B4,200,181,0,19,19,0,0.90500000000000003,185344,1324.6798768047959
87,100086,B1,200,171,0,29,29,0,0.85499999999999998,175104,1351.2838021860805
87,100086,B2,200,171,0,29,29,0,0.85499999999999998,175104,1351.2838021860805
87,100086,B3,200,171,0,29,29,0,0.85499999999999998,175104,1351.2838021860805
87,100086,B4,200,171,0,29,29,0,0.85499999999999998,175104,1351.2838021860805
88,100087,B1,200,166,0,34,34,0,0.82999999999999996,169984,1320.9330270034279
88,100087,B2,200,166,0,34,34,0,0.82999999999999996,169984,1320.9330270034279
88,100087,B3,200,166,0,34,34,0,0.82999999999999996,169984,1320.9330270034279
88,100087,B4,200,166,0,34,34,0,0.82999999999999996,169984,1320.9330270034279
89,100088,B1,200,171,0,29,29,0,0.85499999999999998,175104,318.99188571092975
89,100088,B2,200,171,0,29,29,0,0.85499999999999998,175104,318.99188571092975
89,100088,B3,200,171,0,29,29,0,0.85499999999999998,175104,318.99188571092975
89,100088,B4,200,171,0,29,29,0,0.85499999999999998,175104,318.99188571092975
9,100008,B1,200,172,0,28,28,0,0.85999999999999999,176128,787.22657445205482
9,100008,B2,200,172,0,28,28,0,0.85999999999999999,176128,787.22657445205482
9,100008,B3,200,172,0,28,28,0,0.85999999999999999,176128,787.22657445205482
9,100008,B4,200,172,0,28,28,0,0.85999999999999999,176128,787.22657445205482
90,100089,B1,200,192,0,8,8,0,0.95999999999999996,196608,1085.6566376709382
90,100089,B2,200,192,0,8,8,0,0.95999999999999996,196608,1085.6566376709382
90,100089,B3,200,192,0,8,8,0,0.95999999999999996,196608,1085.6566376709382
90,100089,B4,200,192,0,8,8,0,0.95999999999999996,196608,1085.6566376709382
91,100090,B1,200,170,0,30,30,0,0.84999999999999998,174080,349.19205095290084
91,100090,B2,200,170,0,30,30,0,0.84999999999999998,174080,349.19205095290084
91,100090,B3,200,170,0,30,30,0,0.84999999999999998,174080,349.19205095290084
91,100090,B4,200,170,0,30,30,0,0.84999999999999998,174080,349.19205095290084
92,100091,B1,200,185,0,15,15,0,0.92500000000000004,189440,366.45544748774972
92,100091,B2,200,185,0,15,15,0,0.92500000000000004,189440,366.45544748774972
92,100091,B3,200,185,0,15,15,0,0.92500000000000004,189440,366.45544748774972
92,100091,B4,200,185,0,15,15,0,0.92500000000000004,189440,366.45544748774972
93,100092,B1,200,183,0,17,17,0,0.91500000000000004,187392,605.73290831493443
93,100092,B2,200,183,0,17,17,0,0.91500000000000004,187392,605.73290831493443
93,100092,B3,200,179,0,21,21,0,0.89500000000000002,183296,764.16491809429124
93,100092,B4,200,183,0,17,17,0,0.91500000000000004,187392,605.73290831493443
94,100093,B1,200,160,0,40,40,0,0.80000000000000004,163840,471.92186403999375
94,100093,B2,200,160,0,40,40,0,0.80000000000000004,163840,471.92186403999375
94,100093,B3,200,160,0,40,40,0,0.80000000000000004,163840,471.92186403999375
94,100093,B4,200,160,0,40,40,0,0.80000000000000004,163840,471.92186403999375
95,100094,B1,200,164,0,36,36,0,0.81999999999999995,167936,518.196898141784
95,100094,B2,200,164,0,36,36,0,0.81999999999999995,167936,518.196898141784
95,100094,B3,200,125,0,75,75,0,0.625,128000,694.17438518034771
95,100094,B4,200,164,0,36,36,0,0.81999999999999995,167936,518.196898141784
96,100095,B1,200,180,0,20,20,0,0.90000000000000002,184320,1093.9306784751748
96,100095,B2,200,180,0,20,20,0,0.90000000000000002,184320,1093.9306784751748
96,100095,B3,200,180,0,20,20,0,0.90000000000000002,184320,1093.9306784751748
96,100095,B4,200,180,0,20,20,0,0.90000000000000002,184320,1093.9306784751748
97,100096,B1,200,189,0,11,11,0,0.94499999999999995,193536,1281.859046152641
97,100096,B2,200,189,0,11,11,0,0.94499999999999995,193536,1281.859046152641
97,100096,B3,200,189,0,11,11,0,0.94499999999999995,193536,1281.859046152641
97,100096,B4,200,189,0,11,11,0,0.94499999999999995,193536,1281.859046152641
98,100097,B1,200,184,0,16,16,0,0.92000000000000004,188416,1331.4411405101691
98,100097,B2,200,184,0,16,16,0,0.92000000000000004,188416,1331.4411405101691
98,100097,B3,200,184,0,16,16,0,0.92000000000000004,188416,1331.4411405101691
98,100097,B4,200,184,0,16,16,0,0.92000000000000004,188416,1331.4411405101691
99,100098,B1,200,181,0,19,19,0,0.90500000000000003,185344,1294.1770843382321
99,100098,B2,200,181,0,19,19,0,0.90500000000000003,185344,1294.1770843382321
99,100098,B3,200,181,0,19,19,0,0.90500000000000003,185344,1294.1770843382321
99,100098,B4,200,181,0,19,19,0,0.90500000000000003,185344,1294.1770843382321
