Design_Name,Route_Name,Background_Photons_Per_Slot,Total_Worlds,Available_Worlds,Mean_Route_Packet_Success_Lower_Bound_Available,Worst_Log10_Route_Packet_Failure_Upper_Bound,Median_Log10_Route_Packet_Failure_Upper_Bound,Best_Log10_Route_Packet_Failure_Upper_Bound,Available_Worlds_Certified_At_Least_99_9pct,Available_Worlds_Certified_At_Least_99_99pct
Baseline,Direct_Earth_to_Mars,0,100,100,0,0,0,0,0,0
Baseline,Direct_Earth_to_Mars,0.01,100,100,0,0,0,0,0,0
Baseline,Direct_Earth_to_Mars,0.10000000000000001,100,100,0,0,0,0,0,0
Baseline,Direct_Earth_to_Mars,1,100,100,0,0,0,0,0,0
Baseline,Direct_Earth_to_Mars,4,100,100,0,0,0,0,0,0
Baseline,Earth_Relay0_Mars,0,100,94,0,0,0,0,0,0
Baseline,Earth_Relay0_Mars,0.01,100,94,0,0,0,0,0,0
Baseline,Earth_Relay0_Mars,0.10000000000000001,100,94,0,0,0,0,0,0
Baseline,Earth_Relay0_Mars,1,100,94,0,0,0,0,0,0
Baseline,Earth_Relay0_Mars,4,100,94,0,0,0,0,0,0
Baseline,Earth_Relay1_Mars,0,100,91,0,0,0,0,0,0
Baseline,Earth_Relay1_Mars,0.01,100,91,0,0,0,0,0,0
Baseline,Earth_Relay1_Mars,0.10000000000000001,100,91,0,0,0,0,0,0
Baseline,Earth_Relay1_Mars,1,100,91,0,0,0,0,0,0
Baseline,Earth_Relay1_Mars,4,100,91,0,0,0,0,0,0
Baseline,Earth_Relay2_Mars,0,100,92,0,0,0,0,0,0
Baseline,Earth_Relay2_Mars,0.01,100,92,0,0,0,0,0,0
Baseline,Earth_Relay2_Mars,0.10000000000000001,100,92,0,0,0,0,0,0
Baseline,Earth_Relay2_Mars,1,100,92,0,0,0,0,0,0
Baseline,Earth_Relay2_Mars,4,100,92,0,0,0,0,0,0
Candidate_High_Margin,Direct_Earth_to_Mars,0,100,100,1,-3848.3380881654239,-7343.2821524661267,-142281.5633259115,100,100
Candidate_High_Margin,Direct_Earth_to_Mars,0.01,100,100,1,-3840.1672653503902,-7331.9940387909755,-142231.85545725477,100,100
Candidate_High_Margin,Direct_Earth_to_Mars,0.10000000000000001,100,100,1,-3822.5589381597874,-7307.6452994319761,-142124.43261343101,100,100
Candidate_High_Margin,Direct_Earth_to_Mars,1,100,100,1,-3767.4070245180997,-7231.1794400145518,-141785.26561825161,100,100
Candidate_High_Margin,Direct_Earth_to_Mars,4,100,100,1,-3688.1854718227169,-7120.7938717174084,-141290.70053604816,100,100
Candidate_High_Margin,Earth_Relay0_Mars,0,100,94,1,-3770.5476354511356,-8654.530198623419,-96384.520266297695,94,94
Candidate_High_Margin,Earth_Relay0_Mars,0.01,100,94,1,-3762.4595174341634,-8642.275049937638,-96343.609180390165,94,94
Candidate_High_Margin,Earth_Relay0_Mars,0.10000000000000001,100,94,1,-3745.0300196401104,-8615.8353198723416,-96255.207418744132,94,94
Candidate_High_Margin,Earth_Relay0_Mars,1,100,94,1,-3690.4435731521157,-8532.7573967277422,-95976.190224648686,94,94
Candidate_High_Margin,Earth_Relay0_Mars,4,100,94,1,-3612.0487392812752,-8412.7033184993161,-95569.591829792669,94,94
Candidate_High_Margin,Earth_Relay1_Mars,0,100,91,1,-4117.6486347036071,-7717.6657445776627,-65460.661874011152,91,91
Candidate_High_Margin,Earth_Relay1_Mars,0.01,100,91,1,-4109.1963516506457,-7706.093122334335,-65426.947788935562,91,91
Candidate_High_Margin,Earth_Relay1_Mars,0.10000000000000001,100,91,1,-4090.9794336415866,-7681.1291987889499,-65354.107935809261,91,91
Candidate_High_Margin,Earth_Relay1_Mars,1,100,91,1,-4033.9031205457404,-7602.7180276541394,-65124.301645909058,91,91
Candidate_High_Margin,Earth_Relay1_Mars,4,100,91,1,-3951.8680374561336,-7489.4879469807638,-64789.671884181473,91,91
Candidate_High_Margin,Earth_Relay2_Mars,0,100,92,1,-3828.4824191293878,-7334.7696075677713,-138173.71556458599,92,92
Candidate_High_Margin,Earth_Relay2_Mars,0.01,100,92,1,-3820.3323879767099,-7323.4878202013169,-138124.73057332457,92,92
Candidate_High_Margin,Earth_Relay2_Mars,0.10000000000000001,100,92,1,-3802.7690177986519,-7299.1527600248446,-138018.87079082523,92,92
Candidate_High_Margin,Earth_Relay2_Mars,1,100,92,1,-3747.7592604714018,-7222.7301563445344,-137684.64661979646,92,92
Candidate_High_Margin,Earth_Relay2_Mars,4,100,92,1,-3668.7455422787439,-7112.4078380134069,-137197.31023329456,92,92
Candidate_Moderate,Direct_Earth_to_Mars,0,100,100,1,-44.557173268113246,-88.24397407187206,-1774.9724887399393,100,100
Candidate_Moderate,Direct_Earth_to_Mars,0.01,100,100,1,-43.651321550682589,-86.989609880652594,-1769.4226881493246,100,100
Candidate_Moderate,Direct_Earth_to_Mars,0.10000000000000001,100,100,1,-41.750836635580853,-84.335868000591361,-1757.4816768710382,100,100
Candidate_Moderate,Direct_Earth_to_Mars,1,100,100,1,-36.239641952146236,-76.45252932891492,-1720.2494947308205,100,100
Candidate_Moderate,Direct_Earth_to_Mars,4,100,100,1,-29.414531926303876,-66.220110758611213,-1667.2229723770172,100,100
Candidate_Moderate,Earth_Relay0_Mars,0,100,94,1,-43.287525488466478,-104.33730752812002,-1200.962183374048,94,94
Candidate_Moderate,Earth_Relay0_Mars,0.01,100,94,1,-42.390920032516441,-102.97482786144619,-1196.3958915532753,94,94
Candidate_Moderate,Earth_Relay0_Mars,0.10000000000000001,100,94,1,-40.510416119474833,-100.0873773067253,-1186.5814577958649,94,94
Candidate_Moderate,Earth_Relay0_Mars,1,100,94,1,-35.062042517224405,-91.467031876942983,-1156.0728330551945,94,94
Candidate_Moderate,Earth_Relay0_Mars,4,100,94,1,-28.326536516542934,-80.169685003436683,-1112.8712106870848,94,94
Candidate_Moderate,Earth_Relay1_Mars,0,100,91,1,-47.626287979122381,-92.62650185254806,-814.41395347046682,91,91
Candidate_Moderate,Earth_Relay1_Mars,0.01,100,91,1,-46.688969405390459,-91.340329360932117,-810.65230906671002,91,91
Candidate_Moderate,Earth_Relay1_Mars,0.10000000000000001,100,91,1,-44.720483434978533,-88.617829977938229,-802.57769636330204,91,91
Candidate_Moderate,Earth_Relay1_Mars,1,100,91,1,-38.995437654646615,-80.517697970696375,-777.5693358025211,91,91
Candidate_Moderate,Earth_Relay1_Mars,4,100,91,1,-31.864980377539819,-69.972247684684064,-742.40190538926549,91,91
Candidate_Moderate,Earth_Relay2_Mars,0,100,92,1,-44.011710284444618,-87.840300139924437,-1723.3271246026518,92,92
Candidate_Moderate,Earth_Relay2_Mars,0.01,100,92,1,-43.10818304173501,-86.586643234937284,-1717.8581440629273,92,92
Candidate_Moderate,Earth_Relay2_Mars,0.10000000000000001,100,92,1,-41.212721296863229,-83.934430226356596,-1706.0918853254636,92,92
Candidate_Moderate,Earth_Relay2_Mars,1,100,92,1,-35.717320354740338,-76.05591169416725,-1669.4122319916551,92,92
Candidate_Moderate,Earth_Relay2_Mars,4,100,92,1,-28.914741731641616,-65.83045043015639,-1617.1932108096269,92,92
PPM_32,Direct_Earth_to_Mars,0,100,100,0,0,0,0,0,0
PPM_32,Direct_Earth_to_Mars,0.01,100,100,0,0,0,0,0,0
PPM_32,Direct_Earth_to_Mars,0.10000000000000001,100,100,0,0,0,0,0,0
PPM_32,Direct_Earth_to_Mars,1,100,100,0,0,0,0,0,0
PPM_32,Direct_Earth_to_Mars,4,100,100,0,0,0,0,0,0
PPM_32,Earth_Relay0_Mars,0,100,94,0,0,0,0,0,0
PPM_32,Earth_Relay0_Mars,0.01,100,94,0,0,0,0,0,0
PPM_32,Earth_Relay0_Mars,0.10000000000000001,100,94,0,0,0,0,0,0
PPM_32,Earth_Relay0_Mars,1,100,94,0,0,0,0,0,0
PPM_32,Earth_Relay0_Mars,4,100,94,0,0,0,0,0,0
PPM_32,Earth_Relay1_Mars,0,100,91,0,0,0,0,0,0
PPM_32,Earth_Relay1_Mars,0.01,100,91,0,0,0,0,0,0
PPM_32,Earth_Relay1_Mars,0.10000000000000001,100,91,0,0,0,0,0,0
PPM_32,Earth_Relay1_Mars,1,100,91,0,0,0,0,0,0
PPM_32,Earth_Relay1_Mars,4,100,91,0,0,0,0,0,0
PPM_32,Earth_Relay2_Mars,0,100,92,0,0,0,0,0,0
PPM_32,Earth_Relay2_Mars,0.01,100,92,0,0,0,0,0,0
PPM_32,Earth_Relay2_Mars,0.10000000000000001,100,92,0,0,0,0,0,0
PPM_32,Earth_Relay2_Mars,1,100,92,0,0,0,0,0,0
PPM_32,Earth_Relay2_Mars,4,100,92,0,0,0,0,0,0
PPM_4,Direct_Earth_to_Mars,0,100,100,0,0,0,0,0,0
PPM_4,Direct_Earth_to_Mars,0.01,100,100,0,0,0,0,0,0
PPM_4,Direct_Earth_to_Mars,0.10000000000000001,100,100,0,0,0,0,0,0
PPM_4,Direct_Earth_to_Mars,1,100,100,0,0,0,0,0,0
PPM_4,Direct_Earth_to_Mars,4,100,100,0,0,0,0,0,0
PPM_4,Earth_Relay0_Mars,0,100,94,0,0,0,0,0,0
PPM_4,Earth_Relay0_Mars,0.01,100,94,0,0,0,0,0,0
PPM_4,Earth_Relay0_Mars,0.10000000000000001,100,94,0,0,0,0,0,0
PPM_4,Earth_Relay0_Mars,1,100,94,0,0,0,0,0,0
PPM_4,Earth_Relay0_Mars,4,100,94,0,0,0,0,0,0
PPM_4,Earth_Relay1_Mars,0,100,91,0,0,0,0,0,0
PPM_4,Earth_Relay1_Mars,0.01,100,91,0,0,0,0,0,0
PPM_4,Earth_Relay1_Mars,0.10000000000000001,100,91,0,0,0,0,0,0
PPM_4,Earth_Relay1_Mars,1,100,91,0,0,0,0,0,0
PPM_4,Earth_Relay1_Mars,4,100,91,0,0,0,0,0,0
PPM_4,Earth_Relay2_Mars,0,100,92,0,0,0,0,0,0
PPM_4,Earth_Relay2_Mars,0.01,100,92,0,0,0,0,0,0
PPM_4,Earth_Relay2_Mars,0.10000000000000001,100,92,0,0,0,0,0,0
PPM_4,Earth_Relay2_Mars,1,100,92,0,0,0,0,0,0
PPM_4,Earth_Relay2_Mars,4,100,92,0,0,0,0,0,0
PPM_64,Direct_Earth_to_Mars,0,100,100,0,0,0,0,0,0
PPM_64,Direct_Earth_to_Mars,0.01,100,100,0,0,0,0,0,0
PPM_64,Direct_Earth_to_Mars,0.10000000000000001,100,100,0,0,0,0,0,0
PPM_64,Direct_Earth_to_Mars,1,100,100,0,0,0,0,0,0
PPM_64,Direct_Earth_to_Mars,4,100,100,0,0,0,0,0,0
PPM_64,Earth_Relay0_Mars,0,100,94,0,0,0,0,0,0
PPM_64,Earth_Relay0_Mars,0.01,100,94,0,0,0,0,0,0
PPM_64,Earth_Relay0_Mars,0.10000000000000001,100,94,0,0,0,0,0,0
PPM_64,Earth_Relay0_Mars,1,100,94,0,0,0,0,0,0
PPM_64,Earth_Relay0_Mars,4,100,94,0,0,0,0,0,0
PPM_64,Earth_Relay1_Mars,0,100,91,0,0,0,0,0,0
PPM_64,Earth_Relay1_Mars,0.01,100,91,0,0,0,0,0,0
PPM_64,Earth_Relay1_Mars,0.10000000000000001,100,91,0,0,0,0,0,0
PPM_64,Earth_Relay1_Mars,1,100,91,0,0,0,0,0,0
PPM_64,Earth_Relay1_Mars,4,100,91,0,0,0,0,0,0
PPM_64,Earth_Relay2_Mars,0,100,92,0,0,0,0,0,0
PPM_64,Earth_Relay2_Mars,0.01,100,92,0,0,0,0,0,0
PPM_64,Earth_Relay2_Mars,0.10000000000000001,100,92,0,0,0,0,0,0
PPM_64,Earth_Relay2_Mars,1,100,92,0,0,0,0,0,0
PPM_64,Earth_Relay2_Mars,4,100,92,0,0,0,0,0,0
PPM_8,Direct_Earth_to_Mars,0,100,100,0,0,0,0,0,0
PPM_8,Direct_Earth_to_Mars,0.01,100,100,0,0,0,0,0,0
PPM_8,Direct_Earth_to_Mars,0.10000000000000001,100,100,0,0,0,0,0,0
PPM_8,Direct_Earth_to_Mars,1,100,100,0,0,0,0,0,0
PPM_8,Direct_Earth_to_Mars,4,100,100,0,0,0,0,0,0
PPM_8,Earth_Relay0_Mars,0,100,94,0,0,0,0,0,0
PPM_8,Earth_Relay0_Mars,0.01,100,94,0,0,0,0,0,0
PPM_8,Earth_Relay0_Mars,0.10000000000000001,100,94,0,0,0,0,0,0
PPM_8,Earth_Relay0_Mars,1,100,94,0,0,0,0,0,0
PPM_8,Earth_Relay0_Mars,4,100,94,0,0,0,0,0,0
PPM_8,Earth_Relay1_Mars,0,100,91,0,0,0,0,0,0
PPM_8,Earth_Relay1_Mars,0.01,100,91,0,0,0,0,0,0
PPM_8,Earth_Relay1_Mars,0.10000000000000001,100,91,0,0,0,0,0,0
PPM_8,Earth_Relay1_Mars,1,100,91,0,0,0,0,0,0
PPM_8,Earth_Relay1_Mars,4,100,91,0,0,0,0,0,0
PPM_8,Earth_Relay2_Mars,0,100,92,0,0,0,0,0,0
PPM_8,Earth_Relay2_Mars,0.01,100,92,0,0,0,0,0,0
PPM_8,Earth_Relay2_Mars,0.10000000000000001,100,92,0,0,0,0,0,0
PPM_8,Earth_Relay2_Mars,1,100,92,0,0,0,0,0,0
PPM_8,Earth_Relay2_Mars,4,100,92,0,0,0,0,0,0
Packet_1024bits,Direct_Earth_to_Mars,0,100,100,0,0,0,0,0,0
Packet_1024bits,Direct_Earth_to_Mars,0.01,100,100,0,0,0,0,0,0
Packet_1024bits,Direct_Earth_to_Mars,0.10000000000000001,100,100,0,0,0,0,0,0
Packet_1024bits,Direct_Earth_to_Mars,1,100,100,0,0,0,0,0,0
Packet_1024bits,Direct_Earth_to_Mars,4,100,100,0,0,0,0,0,0
Packet_1024bits,Earth_Relay0_Mars,0,100,94,0,0,0,0,0,0
Packet_1024bits,Earth_Relay0_Mars,0.01,100,94,0,0,0,0,0,0
Packet_1024bits,Earth_Relay0_Mars,0.10000000000000001,100,94,0,0,0,0,0,0
Packet_1024bits,Earth_Relay0_Mars,1,100,94,0,0,0,0,0,0
Packet_1024bits,Earth_Relay0_Mars,4,100,94,0,0,0,0,0,0
Packet_1024bits,Earth_Relay1_Mars,0,100,91,0,0,0,0,0,0
Packet_1024bits,Earth_Relay1_Mars,0.01,100,91,0,0,0,0,0,0
Packet_1024bits,Earth_Relay1_Mars,0.10000000000000001,100,91,0,0,0,0,0,0
Packet_1024bits,Earth_Relay1_Mars,1,100,91,0,0,0,0,0,0
Packet_1024bits,Earth_Relay1_Mars,4,100,91,0,0,0,0,0,0
Packet_1024bits,Earth_Relay2_Mars,0,100,92,0,0,0,0,0,0
Packet_1024bits,Earth_Relay2_Mars,0.01,100,92,0,0,0,0,0,0
Packet_1024bits,Earth_Relay2_Mars,0.10000000000000001,100,92,0,0,0,0,0,0
Packet_1024bits,Earth_Relay2_Mars,1,100,92,0,0,0,0,0,0
Packet_1024bits,Earth_Relay2_Mars,4,100,92,0,0,0,0,0,0
Packet_2048bits,Direct_Earth_to_Mars,0,100,100,0,0,0,0,0,0
Packet_2048bits,Direct_Earth_to_Mars,0.01,100,100,0,0,0,0,0,0
Packet_2048bits,Direct_Earth_to_Mars,0.10000000000000001,100,100,0,0,0,0,0,0
Packet_2048bits,Direct_Earth_to_Mars,1,100,100,0,0,0,0,0,0
Packet_2048bits,Direct_Earth_to_Mars,4,100,100,0,0,0,0,0,0
Packet_2048bits,Earth_Relay0_Mars,0,100,94,0,0,0,0,0,0
Packet_2048bits,Earth_Relay0_Mars,0.01,100,94,0,0,0,0,0,0
Packet_2048bits,Earth_Relay0_Mars,0.10000000000000001,100,94,0,0,0,0,0,0
Packet_2048bits,Earth_Relay0_Mars,1,100,94,0,0,0,0,0,0
Packet_2048bits,Earth_Relay0_Mars,4,100,94,0,0,0,0,0,0
Packet_2048bits,Earth_Relay1_Mars,0,100,91,0,0,0,0,0,0
Packet_2048bits,Earth_Relay1_Mars,0.01,100,91,0,0,0,0,0,0
Packet_2048bits,Earth_Relay1_Mars,0.10000000000000001,100,91,0,0,0,0,0,0
Packet_2048bits,Earth_Relay1_Mars,1,100,91,0,0,0,0,0,0
Packet_2048bits,Earth_Relay1_Mars,4,100,91,0,0,0,0,0,0
Packet_2048bits,Earth_Relay2_Mars,0,100,92,0,0,0,0,0,0
Packet_2048bits,Earth_Relay2_Mars,0.01,100,92,0,0,0,0,0,0
Packet_2048bits,Earth_Relay2_Mars,0.10000000000000001,100,92,0,0,0,0,0,0
Packet_2048bits,Earth_Relay2_Mars,1,100,92,0,0,0,0,0,0
Packet_2048bits,Earth_Relay2_Mars,4,100,92,0,0,0,0,0,0
Packet_256bits,Direct_Earth_to_Mars,0,100,100,0,0,0,0,0,0
Packet_256bits,Direct_Earth_to_Mars,0.01,100,100,0,0,0,0,0,0
Packet_256bits,Direct_Earth_to_Mars,0.10000000000000001,100,100,0,0,0,0,0,0
Packet_256bits,Direct_Earth_to_Mars,1,100,100,0,0,0,0,0,0
Packet_256bits,Direct_Earth_to_Mars,4,100,100,0,0,0,0,0,0
Packet_256bits,Earth_Relay0_Mars,0,100,94,0,0,0,0,0,0
Packet_256bits,Earth_Relay0_Mars,0.01,100,94,0,0,0,0,0,0
Packet_256bits,Earth_Relay0_Mars,0.10000000000000001,100,94,0,0,0,0,0,0
Packet_256bits,Earth_Relay0_Mars,1,100,94,0,0,0,0,0,0
Packet_256bits,Earth_Relay0_Mars,4,100,94,0,0,0,0,0,0
Packet_256bits,Earth_Relay1_Mars,0,100,91,0,0,0,0,0,0
Packet_256bits,Earth_Relay1_Mars,0.01,100,91,0,0,0,0,0,0
Packet_256bits,Earth_Relay1_Mars,0.10000000000000001,100,91,0,0,0,0,0,0
Packet_256bits,Earth_Relay1_Mars,1,100,91,0,0,0,0,0,0
Packet_256bits,Earth_Relay1_Mars,4,100,91,0,0,0,0,0,0
Packet_256bits,Earth_Relay2_Mars,0,100,92,0,0,0,0,0,0
Packet_256bits,Earth_Relay2_Mars,0.01,100,92,0,0,0,0,0,0
Packet_256bits,Earth_Relay2_Mars,0.10000000000000001,100,92,0,0,0,0,0,0
Packet_256bits,Earth_Relay2_Mars,1,100,92,0,0,0,0,0,0
Packet_256bits,Earth_Relay2_Mars,4,100,92,0,0,0,0,0,0
Packet_4096bits,Direct_Earth_to_Mars,0,100,100,0,0,0,0,0,0
Packet_4096bits,Direct_Earth_to_Mars,0.01,100,100,0,0,0,0,0,0
Packet_4096bits,Direct_Earth_to_Mars,0.10000000000000001,100,100,0,0,0,0,0,0
Packet_4096bits,Direct_Earth_to_Mars,1,100,100,0,0,0,0,0,0
Packet_4096bits,Direct_Earth_to_Mars,4,100,100,0,0,0,0,0,0
Packet_4096bits,Earth_Relay0_Mars,0,100,94,0,0,0,0,0,0
Packet_4096bits,Earth_Relay0_Mars,0.01,100,94,0,0,0,0,0,0
Packet_4096bits,Earth_Relay0_Mars,0.10000000000000001,100,94,0,0,0,0,0,0
Packet_4096bits,Earth_Relay0_Mars,1,100,94,0,0,0,0,0,0
Packet_4096bits,Earth_Relay0_Mars,4,100,94,0,0,0,0,0,0
Packet_4096bits,Earth_Relay1_Mars,0,100,91,0,0,0,0,0,0
Packet_4096bits,Earth_Relay1_Mars,0.01,100,91,0,0,0,0,0,0
Packet_4096bits,Earth_Relay1_Mars,0.10000000000000001,100,91,0,0,0,0,0,0
Packet_4096bits,Earth_Relay1_Mars,1,100,91,0,0,0,0,0,0
Packet_4096bits,Earth_Relay1_Mars,4,100,91,0,0,0,0,0,0
Packet_4096bits,Earth_Relay2_Mars,0,100,92,0,0,0,0,0,0
Packet_4096bits,Earth_Relay2_Mars,0.01,100,92,0,0,0,0,0,0
Packet_4096bits,Earth_Relay2_Mars,0.10000000000000001,100,92,0,0,0,0,0,0
Packet_4096bits,Earth_Relay2_Mars,1,100,92,0,0,0,0,0,0
Packet_4096bits,Earth_Relay2_Mars,4,100,92,0,0,0,0,0,0
Power_100W,Direct_Earth_to_Mars,0,100,100,0.21144008987554097,0,0,-18.278106084183662,14,13
Power_100W,Direct_Earth_to_Mars,0.01,100,100,0.2039428675008772,0,0,-17.657861802847478,14,11
Power_100W,Direct_Earth_to_Mars,0.10000000000000001,100,100,0.18709372944812336,0,0,-16.374406862671403,13,11
Power_100W,Direct_Earth_to_Mars,1,100,100,0.13636933593629086,0,0,-12.798292231821723,11,9
Power_100W,Direct_Earth_to_Mars,4,100,100,0.10749100119603083,0,0,-8.7040047615706335,7,7
Power_100W,Earth_Relay0_Mars,0,100,94,0.255305012140847,0,0,-10.633597363780778,24,21
Power_100W,Earth_Relay0_Mars,0.01,100,94,0.25528621345289781,0,0,-10.124611669848161,22,21
Power_100W,Earth_Relay0_Mars,0.10000000000000001,100,94,0.25513900981358045,0,0,-9.0813623929719505,21,20
Power_100W,Earth_Relay0_Mars,1,100,94,0.24140868790761288,0,0,-6.253825710801947,19,19
Power_100W,Earth_Relay0_Mars,4,100,94,0.20785311617572125,0,0,-3.1884972750574456,3,0
Power_100W,Earth_Relay1_Mars,0,100,91,0.11907226582135468,0,0,-5.6857800210149216,4,3
Power_100W,Earth_Relay1_Mars,0.01,100,91,0.11665366620871168,0,0,-5.2678144397081006,4,3
Power_100W,Earth_Relay1_Mars,0.10000000000000001,100,91,0.10270471821785859,0,0,-4.4209345126950561,3,1
Power_100W,Earth_Relay1_Mars,1,100,91,0.04107812226050065,0,0,-2.2012034600441273,0,0
Power_100W,Earth_Relay1_Mars,4,100,91,0,0,0,0,0,0
Power_100W,Earth_Relay2_Mars,0,100,92,0.22076099099513641,0,0,-17.319868611506894,14,11
Power_100W,Earth_Relay2_Mars,0.01,100,92,0.2132048689012194,0,0,-16.708767201555496,13,11
Power_100W,Earth_Relay2_Mars,0.10000000000000001,100,92,0.1851499502711727,0,0,-15.445056539448531,11,11
Power_100W,Earth_Relay2_Mars,1,100,92,0.14256201981385663,0,0,-11.930619930135434,10,8
Power_100W,Earth_Relay2_Mars,4,100,92,0.11231209347532753,0,0,-7.9219484663441797,7,5
Power_25W,Direct_Earth_to_Mars,0,100,100,0.03227292493581551,0,0,-1.2039606125263098,0,0
Power_25W,Direct_Earth_to_Mars,0.01,100,100,0.024948887175743416,0,0,-0.89809146167141396,0,0
Power_25W,Direct_Earth_to_Mars,0.10000000000000001,100,100,0.0062871489593108809,0,0,-0.29270190256605871,0,0
Power_25W,Direct_Earth_to_Mars,1,100,100,0,0,0,0,0,0
Power_25W,Direct_Earth_to_Mars,4,100,100,0,0,0,0,0,0
Power_25W,Earth_Relay0_Mars,0,100,94,0,0,0,0,0,0
Power_25W,Earth_Relay0_Mars,0.01,100,94,0,0,0,0,0,0
Power_25W,Earth_Relay0_Mars,0.10000000000000001,100,94,0,0,0,0,0,0
Power_25W,Earth_Relay0_Mars,1,100,94,0,0,0,0,0,0
Power_25W,Earth_Relay0_Mars,4,100,94,0,0,0,0,0,0
Power_25W,Earth_Relay1_Mars,0,100,91,0,0,0,0,0,0
Power_25W,Earth_Relay1_Mars,0.01,100,91,0,0,0,0,0,0
Power_25W,Earth_Relay1_Mars,0.10000000000000001,100,91,0,0,0,0,0,0
Power_25W,Earth_Relay1_Mars,1,100,91,0,0,0,0,0,0
Power_25W,Earth_Relay1_Mars,4,100,91,0,0,0,0,0,0
Power_25W,Earth_Relay2_Mars,0,100,92,0.020620019275427434,0,0,-0.73862874760913211,0,0
Power_25W,Earth_Relay2_Mars,0.01,100,92,0.011009245762469281,0,0,-0.43732970585180658,0,0
Power_25W,Earth_Relay2_Mars,0.10000000000000001,100,92,0,0,0,0,0,0
Power_25W,Earth_Relay2_Mars,1,100,92,0,0,0,0,0,0
Power_25W,Earth_Relay2_Mars,4,100,92,0,0,0,0,0,0
Power_50W,Direct_Earth_to_Mars,0,100,100,0.10880332901384276,0,0,-6.8953424364120908,7,5
Power_50W,Direct_Earth_to_Mars,0.01,100,100,0.107543728772987,0,0,-6.4592651280219844,7,5
Power_50W,Direct_Earth_to_Mars,0.10000000000000001,100,100,0.099768097809764603,0,0,-5.5733248143231808,5,4
Power_50W,Direct_Earth_to_Mars,1,100,100,0.066755060516198353,0,0,-3.2331111044894731,1,0
Power_50W,Direct_Earth_to_Mars,4,100,100,0.017935026844772158,0,0,-0.82157325761591882,0,0
Power_50W,Earth_Relay0_Mars,0,100,94,0.20990939233633221,0,0,-2.922573078378659,0,0
Power_50W,Earth_Relay0_Mars,0.01,100,94,0.20677225015236961,0,0,-2.5651583581323805,0,0
Power_50W,Earth_Relay0_Mars,0.10000000000000001,100,94,0.18650966978431988,0,0,-1.8487913815224073,0,0
Power_50W,Earth_Relay0_Mars,1,100,94,0.00089565530041343878,0,0,-0.029531016162691402,0,0
Power_50W,Earth_Relay0_Mars,4,100,94,0,0,0,0,0,0
Power_50W,Earth_Relay1_Mars,0,100,91,0.014102309967421687,0,0,-0.44866440699573196,0,0
Power_50W,Earth_Relay1_Mars,0.01,100,91,0.0033090507491439509,0,0,-0.15559963603945731,0,0
Power_50W,Earth_Relay1_Mars,0.10000000000000001,100,91,0,0,0,0,0,0
Power_50W,Earth_Relay1_Mars,1,100,91,0,0,0,0,0,0
Power_50W,Earth_Relay1_Mars,4,100,91,0,0,0,0,0,0
Power_50W,Earth_Relay2_Mars,0,100,92,0.11630759421224521,0,0,-6.2657087022417226,7,4
Power_50W,Earth_Relay2_Mars,0.01,100,92,0.11291748343941703,0,0,-5.8360957546629821,7,4
Power_50W,Earth_Relay2_Mars,0.10000000000000001,100,92,0.09355827096352233,0,0,-4.9640976752360313,4,2
Power_50W,Earth_Relay2_Mars,1,100,92,0.066194894276742425,0,0,-2.6669170699128872,0,0
Power_50W,Earth_Relay2_Mars,4,100,92,0.0059106108722250372,0,0,-0.31226953320763207,0,0
Slot_Rate_100000Hz,Direct_Earth_to_Mars,0,100,100,0.21144008987554097,0,0,-18.278106084183662,14,13
Slot_Rate_100000Hz,Direct_Earth_to_Mars,0.01,100,100,0.20394286750087723,0,0,-17.657861802847478,14,11
Slot_Rate_100000Hz,Direct_Earth_to_Mars,0.10000000000000001,100,100,0.18709372944812336,0,0,-16.374406862671403,13,11
Slot_Rate_100000Hz,Direct_Earth_to_Mars,1,100,100,0.13636933593629086,0,0,-12.798292231821723,11,9
Slot_Rate_100000Hz,Direct_Earth_to_Mars,4,100,100,0.10749100119603085,0,0,-8.7040047615706335,7,7
Slot_Rate_100000Hz,Earth_Relay0_Mars,0,100,94,0.255305012140847,0,0,-10.633597363780778,24,21
Slot_Rate_100000Hz,Earth_Relay0_Mars,0.01,100,94,0.25528621345289781,0,0,-10.124611669848161,22,21
Slot_Rate_100000Hz,Earth_Relay0_Mars,0.10000000000000001,100,94,0.25513900981358045,0,0,-9.0813623929719505,21,20
Slot_Rate_100000Hz,Earth_Relay0_Mars,1,100,94,0.24140868790761288,0,0,-6.253825710801947,19,19
Slot_Rate_100000Hz,Earth_Relay0_Mars,4,100,94,0.20785311617572125,0,0,-3.1884972750574456,3,0
Slot_Rate_100000Hz,Earth_Relay1_Mars,0,100,91,0.1190722658213547,0,0,-5.6857800210149243,4,3
Slot_Rate_100000Hz,Earth_Relay1_Mars,0.01,100,91,0.1166536662087117,0,0,-5.2678144397081033,4,3
Slot_Rate_100000Hz,Earth_Relay1_Mars,0.10000000000000001,100,91,0.10270471821785862,0,0,-4.4209345126950561,3,1
Slot_Rate_100000Hz,Earth_Relay1_Mars,1,100,91,0.041078122260500657,0,0,-2.2012034600441304,0,0
Slot_Rate_100000Hz,Earth_Relay1_Mars,4,100,91,0,0,0,0,0,0
Slot_Rate_100000Hz,Earth_Relay2_Mars,0,100,92,0.22076099099513641,0,0,-17.319868611506902,14,11
Slot_Rate_100000Hz,Earth_Relay2_Mars,0.01,100,92,0.21320486890121942,0,0,-16.708767201555496,13,11
Slot_Rate_100000Hz,Earth_Relay2_Mars,0.10000000000000001,100,92,0.1851499502711727,0,0,-15.445056539448531,11,11
Slot_Rate_100000Hz,Earth_Relay2_Mars,1,100,92,0.14256201981385666,0,0,-11.930619930135434,10,8
Slot_Rate_100000Hz,Earth_Relay2_Mars,4,100,92,0.11231209347532753,0,0,-7.9219484663441797,7,5
Slot_Rate_2000000Hz,Direct_Earth_to_Mars,0,100,100,0,0,0,0,0,0
Slot_Rate_2000000Hz,Direct_Earth_to_Mars,0.01,100,100,0,0,0,0,0,0
Slot_Rate_2000000Hz,Direct_Earth_to_Mars,0.10000000000000001,100,100,0,0,0,0,0,0
Slot_Rate_2000000Hz,Direct_Earth_to_Mars,1,100,100,0,0,0,0,0,0
Slot_Rate_2000000Hz,Direct_Earth_to_Mars,4,100,100,0,0,0,0,0,0
Slot_Rate_2000000Hz,Earth_Relay0_Mars,0,100,94,0,0,0,0,0,0
Slot_Rate_2000000Hz,Earth_Relay0_Mars,0.01,100,94,0,0,0,0,0,0
Slot_Rate_2000000Hz,Earth_Relay0_Mars,0.10000000000000001,100,94,0,0,0,0,0,0
Slot_Rate_2000000Hz,Earth_Relay0_Mars,1,100,94,0,0,0,0,0,0
Slot_Rate_2000000Hz,Earth_Relay0_Mars,4,100,94,0,0,0,0,0,0
Slot_Rate_2000000Hz,Earth_Relay1_Mars,0,100,91,0,0,0,0,0,0
Slot_Rate_2000000Hz,Earth_Relay1_Mars,0.01,100,91,0,0,0,0,0,0
Slot_Rate_2000000Hz,Earth_Relay1_Mars,0.10000000000000001,100,91,0,0,0,0,0,0
Slot_Rate_2000000Hz,Earth_Relay1_Mars,1,100,91,0,0,0,0,0,0
Slot_Rate_2000000Hz,Earth_Relay1_Mars,4,100,91,0,0,0,0,0,0
Slot_Rate_2000000Hz,Earth_Relay2_Mars,0,100,92,0,0,0,0,0,0
Slot_Rate_2000000Hz,Earth_Relay2_Mars,0.01,100,92,0,0,0,0,0,0
Slot_Rate_2000000Hz,Earth_Relay2_Mars,0.10000000000000001,100,92,0,0,0,0,0,0
Slot_Rate_2000000Hz,Earth_Relay2_Mars,1,100,92,0,0,0,0,0,0
Slot_Rate_2000000Hz,Earth_Relay2_Mars,4,100,92,0,0,0,0,0,0
Slot_Rate_250000Hz,Direct_Earth_to_Mars,0,100,100,0.091480765894052574,0,0,-4.6187897068577799,4,2
Slot_Rate_250000Hz,Direct_Earth_to_Mars,0.01,100,100,0.080803157284263488,0,0,-4.229648333991177,4,1
Slot_Rate_250000Hz,Direct_Earth_to_Mars,0.10000000000000001,100,100,0.068589891369979977,0,0,-3.4449125765413169,2,0
Slot_Rate_250000Hz,Direct_Earth_to_Mars,1,100,100,0.033356640350938431,0,0,-1.4163154926526642,0,0
Slot_Rate_250000Hz,Direct_Earth_to_Mars,4,100,100,0,0,0,0,0,0
Slot_Rate_250000Hz,Earth_Relay0_Mars,0,100,94,0.16635387817268854,0,0,-1.3803682212982353,0,0
Slot_Rate_250000Hz,Earth_Relay0_Mars,0.01,100,94,0.13091933318770702,0,0,-1.0615807315878227,0,0
Slot_Rate_250000Hz,Earth_Relay0_Mars,0.10000000000000001,100,94,0.036104854498856587,0,0,-0.42839211494190638,0,0
Slot_Rate_250000Hz,Earth_Relay0_Mars,1,100,94,0,0,0,0,0,0
Slot_Rate_250000Hz,Earth_Relay0_Mars,4,100,94,0,0,0,0,0,0
Slot_Rate_250000Hz,Earth_Relay1_Mars,0,100,91,0,0,0,0,0,0
Slot_Rate_250000Hz,Earth_Relay1_Mars,0.01,100,91,0,0,0,0,0,0
Slot_Rate_250000Hz,Earth_Relay1_Mars,0.10000000000000001,100,91,0,0,0,0,0,0
Slot_Rate_250000Hz,Earth_Relay1_Mars,1,100,91,0,0,0,0,0,0
Slot_Rate_250000Hz,Earth_Relay1_Mars,4,100,91,0,0,0,0,0,0
Slot_Rate_250000Hz,Earth_Relay2_Mars,0,100,92,0.085242668843446015,0,0,-4.0548767203886866,3,1
Slot_Rate_250000Hz,Earth_Relay2_Mars,0.01,100,92,0.076477560733931499,0,0,-3.6715169679131776,2,0
Slot_Rate_250000Hz,Earth_Relay2_Mars,0.10000000000000001,100,92,0.071861610612859589,0,0,-2.8992430107169445,0,0
Slot_Rate_250000Hz,Earth_Relay2_Mars,1,100,92,0.022647653420978246,0,0,-0.90888216031746205,0,0
Slot_Rate_250000Hz,Earth_Relay2_Mars,4,100,92,0,0,0,0,0,0
Slot_Rate_500000Hz,Direct_Earth_to_Mars,0,100,100,0.0014036170869320475,0,0,-0.065684247749151922,0,0
Slot_Rate_500000Hz,Direct_Earth_to_Mars,0.01,100,100,0,0,0,0,0,0
Slot_Rate_500000Hz,Direct_Earth_to_Mars,0.10000000000000001,100,100,0,0,0,0,0,0
Slot_Rate_500000Hz,Direct_Earth_to_Mars,1,100,100,0,0,0,0,0,0
Slot_Rate_500000Hz,Direct_Earth_to_Mars,4,100,100,0,0,0,0,0,0
Slot_Rate_500000Hz,Earth_Relay0_Mars,0,100,94,0,0,0,0,0,0
Slot_Rate_500000Hz,Earth_Relay0_Mars,0.01,100,94,0,0,0,0,0,0
Slot_Rate_500000Hz,Earth_Relay0_Mars,0.10000000000000001,100,94,0,0,0,0,0,0
Slot_Rate_500000Hz,Earth_Relay0_Mars,1,100,94,0,0,0,0,0,0
Slot_Rate_500000Hz,Earth_Relay0_Mars,4,100,94,0,0,0,0,0,0
Slot_Rate_500000Hz,Earth_Relay1_Mars,0,100,91,0,0,0,0,0,0
Slot_Rate_500000Hz,Earth_Relay1_Mars,0.01,100,91,0,0,0,0,0,0
Slot_Rate_500000Hz,Earth_Relay1_Mars,0.10000000000000001,100,91,0,0,0,0,0,0
Slot_Rate_500000Hz,Earth_Relay1_Mars,1,100,91,0,0,0,0,0,0
Slot_Rate_500000Hz,Earth_Relay1_Mars,4,100,91,0,0,0,0,0,0
Slot_Rate_500000Hz,Earth_Relay2_Mars,0,100,92,0,0,0,0,0,0
Slot_Rate_500000Hz,Earth_Relay2_Mars,0.01,100,92,0,0,0,0,0,0
Slot_Rate_500000Hz,Earth_Relay2_Mars,0.10000000000000001,100,92,0,0,0,0,0,0
Slot_Rate_500000Hz,Earth_Relay2_Mars,1,100,92,0,0,0,0,0,0
Slot_Rate_500000Hz,Earth_Relay2_Mars,4,100,92,0,0,0,0,0,0
TX_RX_100cm,Direct_Earth_to_Mars,0,100,100,1,-34.025782382625138,-68.975223025632189,-1418.3580347600862,100,100
TX_RX_100cm,Direct_Earth_to_Mars,0.01,100,100,1,-33.21647174615191,-67.854195901116469,-1413.3950576834866,100,100
TX_RX_100cm,Direct_Earth_to_Mars,0.10000000000000001,100,100,1,-31.524597000328537,-65.488665493889243,-1402.722898982772,100,100
TX_RX_100cm,Direct_Earth_to_Mars,1,100,100,1,-26.66887841328883,-58.513672881057389,-1369.5024830344234,100,100
TX_RX_100cm,Direct_Earth_to_Mars,4,100,100,1,-20.776254196478256,-49.590410572103636,-1322.3386017102707,100,100
TX_RX_100cm,Earth_Relay0_Mars,0,100,94,1,-32.949858159774934,-81.789683791497737,-959.08958446824033,94,94
TX_RX_100cm,Earth_Relay0_Mars,0.01,100,94,1,-32.14881753678474,-80.571955772540974,-955.00628405175041,94,94
TX_RX_100cm,Earth_Relay0_Mars,0.10000000000000001,100,94,1,-30.474811461949624,-77.99740608602454,-946.2361841200584,94,94
TX_RX_100cm,Earth_Relay0_Mars,1,100,94,1,-25.675191948562066,-70.363720703829827,-919.029184985298,94,94
TX_RX_100cm,Earth_Relay0_Mars,4,100,94,1,-19.862095163885407,-60.491526538692298,-880.65068289493456,94,94
TX_RX_100cm,Earth_Relay1_Mars,0,100,91,1,-36.420868152299654,-72.421039251040213,-649.8510005453752,91,91
TX_RX_100cm,Earth_Relay1_Mars,0.01,100,91,1,-35.583413010720982,-71.271562081804973,-646.48739826435406,91,91
TX_RX_100cm,Earth_Relay1_Mars,0.10000000000000001,100,91,1,-33.83072565380251,-68.844538114543951,-639.27342954228277,91,91
TX_RX_100cm,Earth_Relay1_Mars,1,100,91,1,-28.784025510889514,-61.675797261451457,-616.98563550261736,91,91
TX_RX_100cm,Earth_Relay1_Mars,4,100,91,1,-22.620304944889533,-52.473660774395661,-585.79038787965976,91,91
TX_RX_100cm,Earth_Relay2_Mars,0,100,92,1,-33.529205996557437,-68.592077880941304,-1376.9815374511234,92,92
TX_RX_100cm,Earth_Relay2_Mars,0.01,100,92,1,-32.721974409977591,-67.471683368708909,-1372.0908480032285,92,92
TX_RX_100cm,Earth_Relay2_Mars,0.10000000000000001,100,92,1,-31.034591805518684,-65.107520310813499,-1361.5749920411104,92,92
TX_RX_100cm,Earth_Relay2_Mars,1,100,92,1,-26.192977161049409,-58.13683535539522,-1328.8487512084826,92,92
TX_RX_100cm,Earth_Relay2_Mars,4,100,92,1,-20.320351670995336,-49.219770473501072,-1282.4069644496367,92,92
TX_RX_30cm,Direct_Earth_to_Mars,0,100,100,0.10899099083295909,0,0,-7.0376269820092379,7,7
TX_RX_30cm,Direct_Earth_to_Mars,0.01,100,100,0.10791965434207158,0,0,-6.598779590157795,7,5
TX_RX_30cm,Direct_Earth_to_Mars,0.10000000000000001,100,100,0.10125049415345407,0,0,-5.706864489760294,5,4
TX_RX_30cm,Direct_Earth_to_Mars,1,100,100,0.06732571289769089,0,0,-3.3482003552058583,1,0
TX_RX_30cm,Direct_Earth_to_Mars,4,100,100,0.020025815188933226,0,0,-0.91222315516359731,0,0
TX_RX_30cm,Earth_Relay0_Mars,0,100,94,0.21038197166497846,0,0,-3.0189608819461835,1,0
TX_RX_30cm,Earth_Relay0_Mars,0.01,100,94,0.20774289000870866,0,0,-2.6592664189510322,0,0
TX_RX_30cm,Earth_Relay0_Mars,0.10000000000000001,100,94,0.19056220472976745,0,0,-1.9379880853358595,0,0
TX_RX_30cm,Earth_Relay0_Mars,1,100,94,0.0042377661592935554,0,0,-0.1037276061669706,0,0
TX_RX_30cm,Earth_Relay0_Mars,4,100,94,0,0,0,0,0,0
TX_RX_30cm,Earth_Relay1_Mars,0,100,91,0.016636953765484519,0,0,-0.51412835217097397,0,0
TX_RX_30cm,Earth_Relay1_Mars,0.01,100,91,0.004355040150840735,0,0,-0.21918504957738097,0,0
TX_RX_30cm,Earth_Relay1_Mars,0.10000000000000001,100,91,0,0,0,0,0,0
TX_RX_30cm,Earth_Relay1_Mars,1,100,91,0,0,0,0,0,0
TX_RX_30cm,Earth_Relay1_Mars,4,100,91,0,0,0,0,0,0
TX_RX_30cm,Earth_Relay2_Mars,0,100,92,0.11681108741413192,0,0,-6.4038857011075363,7,5
TX_RX_30cm,Earth_Relay2_Mars,0.01,100,92,0.11392002058391823,0,0,-5.9715429623880558,7,4
TX_RX_30cm,Earth_Relay2_Mars,0.10000000000000001,100,92,0.096119621142848166,0,0,-5.0936574379301947,4,3
TX_RX_30cm,Earth_Relay2_Mars,1,100,92,0.067898528039768882,0,0,-2.7783087330352401,0,0
TX_RX_30cm,Earth_Relay2_Mars,4,100,92,0.0087022492162625135,0,0,-0.39966196076135685,0,0
TX_RX_50cm,Direct_Earth_to_Mars,0,100,100,0.4784224340928977,0,-0.10399405345250416,-84.440419786855884,40,33
TX_RX_50cm,Direct_Earth_to_Mars,0.01,100,100,0.46650828564349633,0,0,-83.206161482250849,37,33
TX_RX_50cm,Direct_Earth_to_Mars,0.10000000000000001,100,100,0.45574615206035246,0,0,-80.595880366973191,33,30
TX_RX_50cm,Direct_Earth_to_Mars,1,100,100,0.37765369482654043,0,0,-72.849557345386756,28,28
TX_RX_50cm,Direct_Earth_to_Mars,4,100,100,0.28573411542344429,0,0,-62.814873675375765,28,24
TX_RX_50cm,Earth_Relay0_Mars,0,100,94,0.50780805690488595,0,-0.62268223038411907,-55.453926022680548,38,37
TX_RX_50cm,Earth_Relay0_Mars,0.01,100,94,0.48863204160589757,0,-0.32464932109517075,-54.439580766662424,38,37
TX_RX_50cm,Earth_Relay0_Mars,0.10000000000000001,100,94,0.43592067235629017,0,0,-52.304627124558856,37,36
TX_RX_50cm,Earth_Relay0_Mars,1,100,94,0.4006345330675527,0,0,-46.055764048706152,32,30
TX_RX_50cm,Earth_Relay0_Mars,4,100,94,0.34971359160771903,0,0,-38.175497468814456,25,25
TX_RX_50cm,Earth_Relay1_Mars,0,100,91,0.46168246020467479,0,-0.03714194660552339,-36.126514527501463,31,27
TX_RX_50cm,Earth_Relay1_Mars,0.01,100,91,0.43653930243413092,0,0,-35.292086428102806,31,27
TX_RX_50cm,Earth_Relay1_Mars,0.10000000000000001,100,91,0.39131018598705308,0,0,-33.545939824673617,27,24
TX_RX_50cm,Earth_Relay1_Mars,1,100,91,0.33122193627959823,0,0,-28.519785080115035,21,17
TX_RX_50cm,Earth_Relay1_Mars,4,100,91,0.23518857946299979,0,0,-22.385253921474039,15,14
TX_RX_50cm,Earth_Relay2_Mars,0,100,92,0.48515874752175742,0,0,-81.572173084110744,37,33
TX_RX_50cm,Earth_Relay2_Mars,0.01,100,92,0.48109691630484264,0,0,-80.35598626688774,36,30
TX_RX_50cm,Earth_Relay2_Mars,0.10000000000000001,100,92,0.46681850341577991,0,0,-77.784767985714566,30,29
TX_RX_50cm,Earth_Relay2_Mars,1,100,92,0.38451876050074807,0,0,-70.161583853857024,28,28
TX_RX_50cm,Earth_Relay2_Mars,4,100,92,0.30470546026785256,0,0,-60.304535690156229,26,23
