Trial,Seed,Dominating_Route,Dominated_Route
1,100000,Direct_Earth_to_Mars,Earth_Relay0_Mars
1,100000,Direct_Earth_to_Mars,Earth_Relay2_Mars
1,100000,Earth_Relay2_Mars,Earth_Relay0_Mars
2,100001,Direct_Earth_to_Mars,Earth_Relay0_Mars
2,100001,Direct_Earth_to_Mars,Earth_Relay2_Mars
2,100001,Earth_Relay2_Mars,Earth_Relay0_Mars
3,100002,Direct_Earth_to_Mars,Earth_Relay0_Mars
3,100002,Direct_Earth_to_Mars,Earth_Relay1_Mars
3,100002,Direct_Earth_to_Mars,Earth_Relay2_Mars
3,100002,Earth_Relay0_Mars,Earth_Relay1_Mars
3,100002,Earth_Relay2_Mars,Earth_Relay1_Mars
4,100003,Direct_Earth_to_Mars,Earth_Relay0_Mars
4,100003,Direct_Earth_to_Mars,Earth_Relay1_Mars
4,100003,Direct_Earth_to_Mars,Earth_Relay2_Mars
4,100003,Earth_Relay0_Mars,Earth_Relay1_Mars
4,100003,Earth_Relay2_Mars,Earth_Relay1_Mars
5,100004,Direct_Earth_to_Mars,Earth_Relay0_Mars
5,100004,Direct_Earth_to_Mars,Earth_Relay1_Mars
5,100004,Direct_Earth_to_Mars,Earth_Relay2_Mars
5,100004,Earth_Relay0_Mars,Earth_Relay1_Mars
5,100004,Earth_Relay2_Mars,Earth_Relay0_Mars
5,100004,Earth_Relay2_Mars,Earth_Relay1_Mars
6,100005,Direct_Earth_to_Mars,Earth_Relay0_Mars
6,100005,Direct_Earth_to_Mars,Earth_Relay1_Mars
6,100005,Direct_Earth_to_Mars,Earth_Relay2_Mars
6,100005,Earth_Relay1_Mars,Earth_Relay0_Mars
6,100005,Earth_Relay2_Mars,Earth_Relay0_Mars
7,100006,Direct_Earth_to_Mars,Earth_Relay0_Mars
7,100006,Direct_Earth_to_Mars,Earth_Relay1_Mars
7,100006,Direct_Earth_to_Mars,Earth_Relay2_Mars
7,100006,Earth_Relay1_Mars,Earth_Relay0_Mars
7,100006,Earth_Relay2_Mars,Earth_Relay0_Mars
8,100007,Direct_Earth_to_Mars,Earth_Relay0_Mars
8,100007,Direct_Earth_to_Mars,Earth_Relay1_Mars
8,100007,Direct_Earth_to_Mars,Earth_Relay2_Mars
8,100007,Earth_Relay1_Mars,Earth_Relay0_Mars
8,100007,Earth_Relay2_Mars,Earth_Relay0_Mars
8,100007,Earth_Relay2_Mars,Earth_Relay1_Mars
9,100008,Direct_Earth_to_Mars,Earth_Relay0_Mars
9,100008,Direct_Earth_to_Mars,Earth_Relay1_Mars
9,100008,Direct_Earth_to_Mars,Earth_Relay2_Mars
9,100008,Earth_Relay0_Mars,Earth_Relay1_Mars
9,100008,Earth_Relay2_Mars,Earth_Relay0_Mars
9,100008,Earth_Relay2_Mars,Earth_Relay1_Mars
10,100009,Direct_Earth_to_Mars,Earth_Relay0_Mars
10,100009,Direct_Earth_to_Mars,Earth_Relay1_Mars
10,100009,Direct_Earth_to_Mars,Earth_Relay2_Mars
10,100009,Earth_Relay0_Mars,Earth_Relay1_Mars
10,100009,Earth_Relay2_Mars,Earth_Relay0_Mars
10,100009,Earth_Relay2_Mars,Earth_Relay1_Mars
11,100010,Direct_Earth_to_Mars,Earth_Relay0_Mars
11,100010,Direct_Earth_to_Mars,Earth_Relay1_Mars
11,100010,Direct_Earth_to_Mars,Earth_Relay2_Mars
11,100010,Earth_Relay0_Mars,Earth_Relay1_Mars
11,100010,Earth_Relay2_Mars,Earth_Relay0_Mars
11,100010,Earth_Relay2_Mars,Earth_Relay1_Mars
12,100011,Direct_Earth_to_Mars,Earth_Relay0_Mars
12,100011,Direct_Earth_to_Mars,Earth_Relay1_Mars
12,100011,Direct_Earth_to_Mars,Earth_Relay2_Mars
12,100011,Earth_Relay0_Mars,Earth_Relay1_Mars
12,100011,Earth_Relay2_Mars,Earth_Relay0_Mars
12,100011,Earth_Relay2_Mars,Earth_Relay1_Mars
13,100012,Direct_Earth_to_Mars,Earth_Relay0_Mars
13,100012,Direct_Earth_to_Mars,Earth_Relay1_Mars
13,100012,Direct_Earth_to_Mars,Earth_Relay2_Mars
13,100012,Earth_Relay0_Mars,Earth_Relay1_Mars
13,100012,Earth_Relay2_Mars,Earth_Relay0_Mars
13,100012,Earth_Relay2_Mars,Earth_Relay1_Mars
14,100013,Direct_Earth_to_Mars,Earth_Relay1_Mars
14,100013,Direct_Earth_to_Mars,Earth_Relay2_Mars
15,100014,Direct_Earth_to_Mars,Earth_Relay0_Mars
15,100014,Direct_Earth_to_Mars,Earth_Relay1_Mars
15,100014,Direct_Earth_to_Mars,Earth_Relay2_Mars
15,100014,Earth_Relay1_Mars,Earth_Relay0_Mars
15,100014,Earth_Relay2_Mars,Earth_Relay0_Mars
15,100014,Earth_Relay2_Mars,Earth_Relay1_Mars
16,100015,Direct_Earth_to_Mars,Earth_Relay0_Mars
16,100015,Direct_Earth_to_Mars,Earth_Relay1_Mars
16,100015,Direct_Earth_to_Mars,Earth_Relay2_Mars
17,100016,Direct_Earth_to_Mars,Earth_Relay0_Mars
17,100016,Direct_Earth_to_Mars,Earth_Relay2_Mars
17,100016,Earth_Relay2_Mars,Earth_Relay0_Mars
18,100017,Direct_Earth_to_Mars,Earth_Relay0_Mars
18,100017,Direct_Earth_to_Mars,Earth_Relay1_Mars
18,100017,Direct_Earth_to_Mars,Earth_Relay2_Mars
18,100017,Earth_Relay0_Mars,Earth_Relay1_Mars
18,100017,Earth_Relay2_Mars,Earth_Relay0_Mars
18,100017,Earth_Relay2_Mars,Earth_Relay1_Mars
19,100018,Direct_Earth_to_Mars,Earth_Relay0_Mars
19,100018,Direct_Earth_to_Mars,Earth_Relay1_Mars
19,100018,Direct_Earth_to_Mars,Earth_Relay2_Mars
19,100018,Earth_Relay0_Mars,Earth_Relay1_Mars
19,100018,Earth_Relay2_Mars,Earth_Relay1_Mars
20,100019,Direct_Earth_to_Mars,Earth_Relay0_Mars
20,100019,Direct_Earth_to_Mars,Earth_Relay1_Mars
20,100019,Direct_Earth_to_Mars,Earth_Relay2_Mars
20,100019,Earth_Relay1_Mars,Earth_Relay0_Mars
20,100019,Earth_Relay2_Mars,Earth_Relay0_Mars
21,100020,Direct_Earth_to_Mars,Earth_Relay0_Mars
21,100020,Direct_Earth_to_Mars,Earth_Relay1_Mars
21,100020,Direct_Earth_to_Mars,Earth_Relay2_Mars
21,100020,Earth_Relay1_Mars,Earth_Relay0_Mars
21,100020,Earth_Relay2_Mars,Earth_Relay0_Mars
22,100021,Direct_Earth_to_Mars,Earth_Relay0_Mars
22,100021,Direct_Earth_to_Mars,Earth_Relay1_Mars
22,100021,Direct_Earth_to_Mars,Earth_Relay2_Mars
22,100021,Earth_Relay0_Mars,Earth_Relay1_Mars
22,100021,Earth_Relay2_Mars,Earth_Relay1_Mars
23,100022,Direct_Earth_to_Mars,Earth_Relay1_Mars
23,100022,Direct_Earth_to_Mars,Earth_Relay2_Mars
23,100022,Earth_Relay2_Mars,Earth_Relay1_Mars
24,100023,Direct_Earth_to_Mars,Earth_Relay1_Mars
25,100024,Direct_Earth_to_Mars,Earth_Relay0_Mars
25,100024,Direct_Earth_to_Mars,Earth_Relay1_Mars
25,100024,Direct_Earth_to_Mars,Earth_Relay2_Mars
25,100024,Earth_Relay0_Mars,Earth_Relay1_Mars
25,100024,Earth_Relay2_Mars,Earth_Relay0_Mars
25,100024,Earth_Relay2_Mars,Earth_Relay1_Mars
26,100025,Direct_Earth_to_Mars,Earth_Relay0_Mars
26,100025,Direct_Earth_to_Mars,Earth_Relay1_Mars
26,100025,Direct_Earth_to_Mars,Earth_Relay2_Mars
26,100025,Earth_Relay0_Mars,Earth_Relay1_Mars
26,100025,Earth_Relay2_Mars,Earth_Relay1_Mars
27,100026,Direct_Earth_to_Mars,Earth_Relay0_Mars
27,100026,Direct_Earth_to_Mars,Earth_Relay1_Mars
27,100026,Direct_Earth_to_Mars,Earth_Relay2_Mars
27,100026,Earth_Relay0_Mars,Earth_Relay1_Mars
27,100026,Earth_Relay2_Mars,Earth_Relay0_Mars
27,100026,Earth_Relay2_Mars,Earth_Relay1_Mars
28,100027,Direct_Earth_to_Mars,Earth_Relay2_Mars
29,100028,Direct_Earth_to_Mars,Earth_Relay0_Mars
29,100028,Direct_Earth_to_Mars,Earth_Relay1_Mars
29,100028,Earth_Relay0_Mars,Earth_Relay1_Mars
30,100029,Direct_Earth_to_Mars,Earth_Relay0_Mars
30,100029,Direct_Earth_to_Mars,Earth_Relay1_Mars
30,100029,Direct_Earth_to_Mars,Earth_Relay2_Mars
30,100029,Earth_Relay1_Mars,Earth_Relay0_Mars
30,100029,Earth_Relay2_Mars,Earth_Relay0_Mars
30,100029,Earth_Relay2_Mars,Earth_Relay1_Mars
31,100030,Direct_Earth_to_Mars,Earth_Relay0_Mars
31,100030,Direct_Earth_to_Mars,Earth_Relay1_Mars
31,100030,Direct_Earth_to_Mars,Earth_Relay2_Mars
31,100030,Earth_Relay0_Mars,Earth_Relay1_Mars
31,100030,Earth_Relay2_Mars,Earth_Relay1_Mars
32,100031,Direct_Earth_to_Mars,Earth_Relay0_Mars
32,100031,Direct_Earth_to_Mars,Earth_Relay1_Mars
32,100031,Direct_Earth_to_Mars,Earth_Relay2_Mars
32,100031,Earth_Relay0_Mars,Earth_Relay1_Mars
32,100031,Earth_Relay2_Mars,Earth_Relay0_Mars
32,100031,Earth_Relay2_Mars,Earth_Relay1_Mars
33,100032,Direct_Earth_to_Mars,Earth_Relay0_Mars
33,100032,Direct_Earth_to_Mars,Earth_Relay1_Mars
33,100032,Direct_Earth_to_Mars,Earth_Relay2_Mars
33,100032,Earth_Relay0_Mars,Earth_Relay1_Mars
34,100033,Direct_Earth_to_Mars,Earth_Relay0_Mars
34,100033,Direct_Earth_to_Mars,Earth_Relay1_Mars
34,100033,Direct_Earth_to_Mars,Earth_Relay2_Mars
34,100033,Earth_Relay0_Mars,Earth_Relay1_Mars
34,100033,Earth_Relay2_Mars,Earth_Relay0_Mars
34,100033,Earth_Relay2_Mars,Earth_Relay1_Mars
35,100034,Direct_Earth_to_Mars,Earth_Relay0_Mars
35,100034,Direct_Earth_to_Mars,Earth_Relay1_Mars
35,100034,Direct_Earth_to_Mars,Earth_Relay2_Mars
35,100034,Earth_Relay0_Mars,Earth_Relay1_Mars
35,100034,Earth_Relay2_Mars,Earth_Relay0_Mars
35,100034,Earth_Relay2_Mars,Earth_Relay1_Mars
36,100035,Direct_Earth_to_Mars,Earth_Relay0_Mars
36,100035,Direct_Earth_to_Mars,Earth_Relay1_Mars
36,100035,Direct_Earth_to_Mars,Earth_Relay2_Mars
36,100035,Earth_Relay1_Mars,Earth_Relay0_Mars
36,100035,Earth_Relay2_Mars,Earth_Relay0_Mars
37,100036,Direct_Earth_to_Mars,Earth_Relay0_Mars
37,100036,Direct_Earth_to_Mars,Earth_Relay1_Mars
37,100036,Earth_Relay1_Mars,Earth_Relay0_Mars
38,100037,Direct_Earth_to_Mars,Earth_Relay0_Mars
38,100037,Direct_Earth_to_Mars,Earth_Relay1_Mars
38,100037,Direct_Earth_to_Mars,Earth_Relay2_Mars
38,100037,Earth_Relay1_Mars,Earth_Relay0_Mars
38,100037,Earth_Relay2_Mars,Earth_Relay0_Mars
39,100038,Direct_Earth_to_Mars,Earth_Relay0_Mars
39,100038,Direct_Earth_to_Mars,Earth_Relay1_Mars
39,100038,Direct_Earth_to_Mars,Earth_Relay2_Mars
39,100038,Earth_Relay0_Mars,Earth_Relay1_Mars
39,100038,Earth_Relay2_Mars,Earth_Relay0_Mars
39,100038,Earth_Relay2_Mars,Earth_Relay1_Mars
40,100039,Direct_Earth_to_Mars,Earth_Relay0_Mars
40,100039,Direct_Earth_to_Mars,Earth_Relay1_Mars
40,100039,Direct_Earth_to_Mars,Earth_Relay2_Mars
40,100039,Earth_Relay0_Mars,Earth_Relay1_Mars
40,100039,Earth_Relay2_Mars,Earth_Relay1_Mars
41,100040,Direct_Earth_to_Mars,Earth_Relay0_Mars
41,100040,Direct_Earth_to_Mars,Earth_Relay1_Mars
41,100040,Direct_Earth_to_Mars,Earth_Relay2_Mars
41,100040,Earth_Relay1_Mars,Earth_Relay0_Mars
41,100040,Earth_Relay2_Mars,Earth_Relay0_Mars
42,100041,Direct_Earth_to_Mars,Earth_Relay0_Mars
42,100041,Direct_Earth_to_Mars,Earth_Relay1_Mars
42,100041,Direct_Earth_to_Mars,Earth_Relay2_Mars
42,100041,Earth_Relay0_Mars,Earth_Relay1_Mars
42,100041,Earth_Relay2_Mars,Earth_Relay1_Mars
43,100042,Direct_Earth_to_Mars,Earth_Relay0_Mars
43,100042,Direct_Earth_to_Mars,Earth_Relay2_Mars
44,100043,Direct_Earth_to_Mars,Earth_Relay0_Mars
44,100043,Direct_Earth_to_Mars,Earth_Relay1_Mars
44,100043,Direct_Earth_to_Mars,Earth_Relay2_Mars
44,100043,Earth_Relay1_Mars,Earth_Relay0_Mars
44,100043,Earth_Relay2_Mars,Earth_Relay0_Mars
45,100044,Direct_Earth_to_Mars,Earth_Relay0_Mars
45,100044,Direct_Earth_to_Mars,Earth_Relay1_Mars
45,100044,Direct_Earth_to_Mars,Earth_Relay2_Mars
45,100044,Earth_Relay1_Mars,Earth_Relay0_Mars
45,100044,Earth_Relay2_Mars,Earth_Relay0_Mars
45,100044,Earth_Relay2_Mars,Earth_Relay1_Mars
46,100045,Direct_Earth_to_Mars,Earth_Relay0_Mars
46,100045,Direct_Earth_to_Mars,Earth_Relay1_Mars
46,100045,Direct_Earth_to_Mars,Earth_Relay2_Mars
46,100045,Earth_Relay1_Mars,Earth_Relay0_Mars
47,100046,Direct_Earth_to_Mars,Earth_Relay0_Mars
47,100046,Direct_Earth_to_Mars,Earth_Relay1_Mars
47,100046,Earth_Relay0_Mars,Earth_Relay1_Mars
48,100047,Direct_Earth_to_Mars,Earth_Relay0_Mars
48,100047,Direct_Earth_to_Mars,Earth_Relay1_Mars
48,100047,Direct_Earth_to_Mars,Earth_Relay2_Mars
48,100047,Earth_Relay1_Mars,Earth_Relay0_Mars
48,100047,Earth_Relay2_Mars,Earth_Relay0_Mars
49,100048,Direct_Earth_to_Mars,Earth_Relay0_Mars
49,100048,Direct_Earth_to_Mars,Earth_Relay1_Mars
49,100048,Earth_Relay0_Mars,Earth_Relay1_Mars
50,100049,Direct_Earth_to_Mars,Earth_Relay0_Mars
50,100049,Direct_Earth_to_Mars,Earth_Relay1_Mars
50,100049,Direct_Earth_to_Mars,Earth_Relay2_Mars
50,100049,Earth_Relay0_Mars,Earth_Relay1_Mars
51,100050,Direct_Earth_to_Mars,Earth_Relay0_Mars
51,100050,Direct_Earth_to_Mars,Earth_Relay1_Mars
51,100050,Direct_Earth_to_Mars,Earth_Relay2_Mars
51,100050,Earth_Relay0_Mars,Earth_Relay1_Mars
51,100050,Earth_Relay2_Mars,Earth_Relay0_Mars
51,100050,Earth_Relay2_Mars,Earth_Relay1_Mars
52,100051,Direct_Earth_to_Mars,Earth_Relay0_Mars
52,100051,Direct_Earth_to_Mars,Earth_Relay2_Mars
52,100051,Earth_Relay2_Mars,Earth_Relay0_Mars
53,100052,Direct_Earth_to_Mars,Earth_Relay0_Mars
53,100052,Direct_Earth_to_Mars,Earth_Relay1_Mars
53,100052,Direct_Earth_to_Mars,Earth_Relay2_Mars
53,100052,Earth_Relay0_Mars,Earth_Relay1_Mars
53,100052,Earth_Relay2_Mars,Earth_Relay0_Mars
53,100052,Earth_Relay2_Mars,Earth_Relay1_Mars
54,100053,Direct_Earth_to_Mars,Earth_Relay0_Mars
54,100053,Direct_Earth_to_Mars,Earth_Relay1_Mars
54,100053,Earth_Relay1_Mars,Earth_Relay0_Mars
55,100054,Direct_Earth_to_Mars,Earth_Relay0_Mars
55,100054,Direct_Earth_to_Mars,Earth_Relay1_Mars
55,100054,Direct_Earth_to_Mars,Earth_Relay2_Mars
55,100054,Earth_Relay1_Mars,Earth_Relay0_Mars
55,100054,Earth_Relay2_Mars,Earth_Relay0_Mars
55,100054,Earth_Relay2_Mars,Earth_Relay1_Mars
56,100055,Direct_Earth_to_Mars,Earth_Relay0_Mars
56,100055,Direct_Earth_to_Mars,Earth_Relay1_Mars
56,100055,Direct_Earth_to_Mars,Earth_Relay2_Mars
56,100055,Earth_Relay0_Mars,Earth_Relay1_Mars
56,100055,Earth_Relay2_Mars,Earth_Relay0_Mars
56,100055,Earth_Relay2_Mars,Earth_Relay1_Mars
57,100056,Direct_Earth_to_Mars,Earth_Relay0_Mars
57,100056,Direct_Earth_to_Mars,Earth_Relay1_Mars
57,100056,Direct_Earth_to_Mars,Earth_Relay2_Mars
57,100056,Earth_Relay1_Mars,Earth_Relay0_Mars
57,100056,Earth_Relay2_Mars,Earth_Relay0_Mars
57,100056,Earth_Relay2_Mars,Earth_Relay1_Mars
58,100057,Direct_Earth_to_Mars,Earth_Relay0_Mars
58,100057,Direct_Earth_to_Mars,Earth_Relay1_Mars
58,100057,Direct_Earth_to_Mars,Earth_Relay2_Mars
58,100057,Earth_Relay1_Mars,Earth_Relay0_Mars
58,100057,Earth_Relay2_Mars,Earth_Relay0_Mars
58,100057,Earth_Relay2_Mars,Earth_Relay1_Mars
59,100058,Direct_Earth_to_Mars,Earth_Relay0_Mars
59,100058,Direct_Earth_to_Mars,Earth_Relay1_Mars
59,100058,Direct_Earth_to_Mars,Earth_Relay2_Mars
59,100058,Earth_Relay0_Mars,Earth_Relay1_Mars
59,100058,Earth_Relay2_Mars,Earth_Relay0_Mars
59,100058,Earth_Relay2_Mars,Earth_Relay1_Mars
60,100059,Direct_Earth_to_Mars,Earth_Relay0_Mars
60,100059,Direct_Earth_to_Mars,Earth_Relay1_Mars
60,100059,Direct_Earth_to_Mars,Earth_Relay2_Mars
60,100059,Earth_Relay1_Mars,Earth_Relay0_Mars
60,100059,Earth_Relay2_Mars,Earth_Relay0_Mars
61,100060,Direct_Earth_to_Mars,Earth_Relay1_Mars
61,100060,Direct_Earth_to_Mars,Earth_Relay2_Mars
62,100061,Direct_Earth_to_Mars,Earth_Relay0_Mars
62,100061,Direct_Earth_to_Mars,Earth_Relay1_Mars
62,100061,Direct_Earth_to_Mars,Earth_Relay2_Mars
62,100061,Earth_Relay0_Mars,Earth_Relay1_Mars
63,100062,Direct_Earth_to_Mars,Earth_Relay0_Mars
63,100062,Direct_Earth_to_Mars,Earth_Relay1_Mars
63,100062,Direct_Earth_to_Mars,Earth_Relay2_Mars
63,100062,Earth_Relay0_Mars,Earth_Relay1_Mars
63,100062,Earth_Relay2_Mars,Earth_Relay0_Mars
63,100062,Earth_Relay2_Mars,Earth_Relay1_Mars
64,100063,Direct_Earth_to_Mars,Earth_Relay0_Mars
64,100063,Direct_Earth_to_Mars,Earth_Relay1_Mars
64,100063,Direct_Earth_to_Mars,Earth_Relay2_Mars
64,100063,Earth_Relay0_Mars,Earth_Relay1_Mars
64,100063,Earth_Relay2_Mars,Earth_Relay1_Mars
65,100064,Direct_Earth_to_Mars,Earth_Relay0_Mars
65,100064,Direct_Earth_to_Mars,Earth_Relay1_Mars
65,100064,Direct_Earth_to_Mars,Earth_Relay2_Mars
65,100064,Earth_Relay1_Mars,Earth_Relay0_Mars
65,100064,Earth_Relay2_Mars,Earth_Relay0_Mars
66,100065,Direct_Earth_to_Mars,Earth_Relay0_Mars
66,100065,Direct_Earth_to_Mars,Earth_Relay1_Mars
66,100065,Direct_Earth_to_Mars,Earth_Relay2_Mars
66,100065,Earth_Relay0_Mars,Earth_Relay1_Mars
66,100065,Earth_Relay2_Mars,Earth_Relay1_Mars
67,100066,Direct_Earth_to_Mars,Earth_Relay0_Mars
67,100066,Direct_Earth_to_Mars,Earth_Relay2_Mars
67,100066,Earth_Relay2_Mars,Earth_Relay0_Mars
68,100067,Direct_Earth_to_Mars,Earth_Relay0_Mars
68,100067,Direct_Earth_to_Mars,Earth_Relay2_Mars
69,100068,Direct_Earth_to_Mars,Earth_Relay0_Mars
69,100068,Direct_Earth_to_Mars,Earth_Relay1_Mars
69,100068,Direct_Earth_to_Mars,Earth_Relay2_Mars
69,100068,Earth_Relay1_Mars,Earth_Relay0_Mars
69,100068,Earth_Relay2_Mars,Earth_Relay0_Mars
70,100069,Direct_Earth_to_Mars,Earth_Relay0_Mars
70,100069,Direct_Earth_to_Mars,Earth_Relay1_Mars
70,100069,Direct_Earth_to_Mars,Earth_Relay2_Mars
70,100069,Earth_Relay1_Mars,Earth_Relay0_Mars
70,100069,Earth_Relay2_Mars,Earth_Relay0_Mars
71,100070,Direct_Earth_to_Mars,Earth_Relay1_Mars
71,100070,Direct_Earth_to_Mars,Earth_Relay2_Mars
71,100070,Earth_Relay2_Mars,Earth_Relay1_Mars
72,100071,Direct_Earth_to_Mars,Earth_Relay0_Mars
72,100071,Direct_Earth_to_Mars,Earth_Relay1_Mars
72,100071,Direct_Earth_to_Mars,Earth_Relay2_Mars
72,100071,Earth_Relay1_Mars,Earth_Relay0_Mars
72,100071,Earth_Relay2_Mars,Earth_Relay0_Mars
73,100072,Direct_Earth_to_Mars,Earth_Relay0_Mars
73,100072,Direct_Earth_to_Mars,Earth_Relay1_Mars
73,100072,Direct_Earth_to_Mars,Earth_Relay2_Mars
73,100072,Earth_Relay0_Mars,Earth_Relay1_Mars
73,100072,Earth_Relay2_Mars,Earth_Relay0_Mars
73,100072,Earth_Relay2_Mars,Earth_Relay1_Mars
74,100073,Direct_Earth_to_Mars,Earth_Relay0_Mars
74,100073,Direct_Earth_to_Mars,Earth_Relay1_Mars
74,100073,Direct_Earth_to_Mars,Earth_Relay2_Mars
74,100073,Earth_Relay0_Mars,Earth_Relay1_Mars
74,100073,Earth_Relay2_Mars,Earth_Relay0_Mars
74,100073,Earth_Relay2_Mars,Earth_Relay1_Mars
75,100074,Direct_Earth_to_Mars,Earth_Relay0_Mars
75,100074,Direct_Earth_to_Mars,Earth_Relay1_Mars
75,100074,Direct_Earth_to_Mars,Earth_Relay2_Mars
75,100074,Earth_Relay0_Mars,Earth_Relay1_Mars
75,100074,Earth_Relay2_Mars,Earth_Relay1_Mars
76,100075,Direct_Earth_to_Mars,Earth_Relay0_Mars
76,100075,Direct_Earth_to_Mars,Earth_Relay1_Mars
76,100075,Direct_Earth_to_Mars,Earth_Relay2_Mars
76,100075,Earth_Relay0_Mars,Earth_Relay1_Mars
76,100075,Earth_Relay2_Mars,Earth_Relay0_Mars
76,100075,Earth_Relay2_Mars,Earth_Relay1_Mars
77,100076,Direct_Earth_to_Mars,Earth_Relay0_Mars
77,100076,Direct_Earth_to_Mars,Earth_Relay1_Mars
77,100076,Direct_Earth_to_Mars,Earth_Relay2_Mars
77,100076,Earth_Relay0_Mars,Earth_Relay1_Mars
77,100076,Earth_Relay2_Mars,Earth_Relay0_Mars
77,100076,Earth_Relay2_Mars,Earth_Relay1_Mars
78,100077,Direct_Earth_to_Mars,Earth_Relay0_Mars
78,100077,Direct_Earth_to_Mars,Earth_Relay1_Mars
78,100077,Direct_Earth_to_Mars,Earth_Relay2_Mars
78,100077,Earth_Relay1_Mars,Earth_Relay0_Mars
78,100077,Earth_Relay2_Mars,Earth_Relay0_Mars
79,100078,Direct_Earth_to_Mars,Earth_Relay0_Mars
79,100078,Direct_Earth_to_Mars,Earth_Relay1_Mars
79,100078,Direct_Earth_to_Mars,Earth_Relay2_Mars
79,100078,Earth_Relay0_Mars,Earth_Relay1_Mars
79,100078,Earth_Relay2_Mars,Earth_Relay0_Mars
79,100078,Earth_Relay2_Mars,Earth_Relay1_Mars
80,100079,Direct_Earth_to_Mars,Earth_Relay0_Mars
80,100079,Direct_Earth_to_Mars,Earth_Relay1_Mars
80,100079,Direct_Earth_to_Mars,Earth_Relay2_Mars
80,100079,Earth_Relay0_Mars,Earth_Relay1_Mars
80,100079,Earth_Relay2_Mars,Earth_Relay1_Mars
81,100080,Direct_Earth_to_Mars,Earth_Relay0_Mars
81,100080,Direct_Earth_to_Mars,Earth_Relay1_Mars
81,100080,Direct_Earth_to_Mars,Earth_Relay2_Mars
81,100080,Earth_Relay0_Mars,Earth_Relay1_Mars
81,100080,Earth_Relay2_Mars,Earth_Relay0_Mars
81,100080,Earth_Relay2_Mars,Earth_Relay1_Mars
82,100081,Direct_Earth_to_Mars,Earth_Relay0_Mars
82,100081,Direct_Earth_to_Mars,Earth_Relay1_Mars
82,100081,Direct_Earth_to_Mars,Earth_Relay2_Mars
82,100081,Earth_Relay1_Mars,Earth_Relay0_Mars
83,100082,Direct_Earth_to_Mars,Earth_Relay0_Mars
83,100082,Direct_Earth_to_Mars,Earth_Relay1_Mars
83,100082,Direct_Earth_to_Mars,Earth_Relay2_Mars
83,100082,Earth_Relay0_Mars,Earth_Relay1_Mars
83,100082,Earth_Relay2_Mars,Earth_Relay0_Mars
83,100082,Earth_Relay2_Mars,Earth_Relay1_Mars
84,100083,Direct_Earth_to_Mars,Earth_Relay0_Mars
84,100083,Direct_Earth_to_Mars,Earth_Relay1_Mars
84,100083,Direct_Earth_to_Mars,Earth_Relay2_Mars
84,100083,Earth_Relay1_Mars,Earth_Relay0_Mars
84,100083,Earth_Relay2_Mars,Earth_Relay0_Mars
85,100084,Direct_Earth_to_Mars,Earth_Relay0_Mars
85,100084,Direct_Earth_to_Mars,Earth_Relay1_Mars
85,100084,Direct_Earth_to_Mars,Earth_Relay2_Mars
85,100084,Earth_Relay0_Mars,Earth_Relay1_Mars
85,100084,Earth_Relay2_Mars,Earth_Relay0_Mars
85,100084,Earth_Relay2_Mars,Earth_Relay1_Mars
86,100085,Direct_Earth_to_Mars,Earth_Relay0_Mars
86,100085,Direct_Earth_to_Mars,Earth_Relay1_Mars
86,100085,Direct_Earth_to_Mars,Earth_Relay2_Mars
86,100085,Earth_Relay0_Mars,Earth_Relay1_Mars
87,100086,Direct_Earth_to_Mars,Earth_Relay0_Mars
88,100087,Direct_Earth_to_Mars,Earth_Relay0_Mars
88,100087,Direct_Earth_to_Mars,Earth_Relay1_Mars
88,100087,Direct_Earth_to_Mars,Earth_Relay2_Mars
88,100087,Earth_Relay0_Mars,Earth_Relay1_Mars
89,100088,Direct_Earth_to_Mars,Earth_Relay0_Mars
89,100088,Direct_Earth_to_Mars,Earth_Relay1_Mars
89,100088,Direct_Earth_to_Mars,Earth_Relay2_Mars
89,100088,Earth_Relay0_Mars,Earth_Relay1_Mars
89,100088,Earth_Relay2_Mars,Earth_Relay0_Mars
89,100088,Earth_Relay2_Mars,Earth_Relay1_Mars
90,100089,Direct_Earth_to_Mars,Earth_Relay0_Mars
90,100089,Direct_Earth_to_Mars,Earth_Relay1_Mars
90,100089,Direct_Earth_to_Mars,Earth_Relay2_Mars
90,100089,Earth_Relay0_Mars,Earth_Relay1_Mars
90,100089,Earth_Relay2_Mars,Earth_Relay1_Mars
91,100090,Direct_Earth_to_Mars,Earth_Relay0_Mars
91,100090,Direct_Earth_to_Mars,Earth_Relay1_Mars
91,100090,Direct_Earth_to_Mars,Earth_Relay2_Mars
91,100090,Earth_Relay0_Mars,Earth_Relay1_Mars
91,100090,Earth_Relay2_Mars,Earth_Relay0_Mars
91,100090,Earth_Relay2_Mars,Earth_Relay1_Mars
92,100091,Direct_Earth_to_Mars,Earth_Relay0_Mars
92,100091,Direct_Earth_to_Mars,Earth_Relay1_Mars
92,100091,Direct_Earth_to_Mars,Earth_Relay2_Mars
92,100091,Earth_Relay0_Mars,Earth_Relay1_Mars
92,100091,Earth_Relay2_Mars,Earth_Relay0_Mars
92,100091,Earth_Relay2_Mars,Earth_Relay1_Mars
93,100092,Direct_Earth_to_Mars,Earth_Relay0_Mars
93,100092,Direct_Earth_to_Mars,Earth_Relay1_Mars
93,100092,Direct_Earth_to_Mars,Earth_Relay2_Mars
93,100092,Earth_Relay0_Mars,Earth_Relay1_Mars
93,100092,Earth_Relay2_Mars,Earth_Relay0_Mars
93,100092,Earth_Relay2_Mars,Earth_Relay1_Mars
94,100093,Direct_Earth_to_Mars,Earth_Relay0_Mars
94,100093,Direct_Earth_to_Mars,Earth_Relay1_Mars
94,100093,Direct_Earth_to_Mars,Earth_Relay2_Mars
94,100093,Earth_Relay0_Mars,Earth_Relay1_Mars
94,100093,Earth_Relay2_Mars,Earth_Relay0_Mars
94,100093,Earth_Relay2_Mars,Earth_Relay1_Mars
95,100094,Direct_Earth_to_Mars,Earth_Relay0_Mars
95,100094,Direct_Earth_to_Mars,Earth_Relay1_Mars
95,100094,Direct_Earth_to_Mars,Earth_Relay2_Mars
95,100094,Earth_Relay0_Mars,Earth_Relay1_Mars
95,100094,Earth_Relay2_Mars,Earth_Relay0_Mars
95,100094,Earth_Relay2_Mars,Earth_Relay1_Mars
96,100095,Direct_Earth_to_Mars,Earth_Relay0_Mars
96,100095,Direct_Earth_to_Mars,Earth_Relay1_Mars
96,100095,Direct_Earth_to_Mars,Earth_Relay2_Mars
96,100095,Earth_Relay0_Mars,Earth_Relay1_Mars
96,100095,Earth_Relay2_Mars,Earth_Relay1_Mars
97,100096,Direct_Earth_to_Mars,Earth_Relay0_Mars
97,100096,Direct_Earth_to_Mars,Earth_Relay1_Mars
97,100096,Direct_Earth_to_Mars,Earth_Relay2_Mars
97,100096,Earth_Relay1_Mars,Earth_Relay0_Mars
97,100096,Earth_Relay2_Mars,Earth_Relay0_Mars
98,100097,Direct_Earth_to_Mars,Earth_Relay0_Mars
98,100097,Direct_Earth_to_Mars,Earth_Relay1_Mars
98,100097,Earth_Relay0_Mars,Earth_Relay1_Mars
99,100098,Direct_Earth_to_Mars,Earth_Relay0_Mars
99,100098,Direct_Earth_to_Mars,Earth_Relay1_Mars
99,100098,Direct_Earth_to_Mars,Earth_Relay2_Mars
99,100098,Earth_Relay1_Mars,Earth_Relay0_Mars
99,100098,Earth_Relay2_Mars,Earth_Relay0_Mars
100,100099,Direct_Earth_to_Mars,Earth_Relay0_Mars
100,100099,Direct_Earth_to_Mars,Earth_Relay1_Mars
100,100099,Direct_Earth_to_Mars,Earth_Relay2_Mars
100,100099,Earth_Relay1_Mars,Earth_Relay0_Mars
100,100099,Earth_Relay2_Mars,Earth_Relay0_Mars
100,100099,Earth_Relay2_Mars,Earth_Relay1_Mars
