Trial,Seed,Policy,Selected_Route_Index,Selected_Route_Name,Selected_Score,Selected_Physical_Success_Lower_Bound
1,100000,B1_Shortest_Delay,0,Direct_Earth_to_Mars,1,0.85134381764986822
1,100000,B2_Contact_Aware,0,Direct_Earth_to_Mars,0.85134381764986822,0.85134381764986822
1,100000,B3_Physical_Success,0,Direct_Earth_to_Mars,0.85134381764986822,0.85134381764986822
1,100000,B4_Physical_Multiobjective,0,Direct_Earth_to_Mars,0.85134381764986822,0.85134381764986822
2,100001,B1_Shortest_Delay,0,Direct_Earth_to_Mars,1,0.80390999235737526
2,100001,B2_Contact_Aware,0,Direct_Earth_to_Mars,0.80392646849118699,0.80390999235737526
2,100001,B3_Physical_Success,0,Direct_Earth_to_Mars,0.80390999235737526,0.80390999235737526
2,100001,B4_Physical_Multiobjective,0,Direct_Earth_to_Mars,0.80390999235737526,0.80390999235737526
3,100002,B1_Shortest_Delay,0,Direct_Earth_to_Mars,1,0.906906293130468
3,100002,B2_Contact_Aware,0,Direct_Earth_to_Mars,0.90690630166538877,0.906906293130468
3,100002,B3_Physical_Success,0,Direct_Earth_to_Mars,0.906906293130468,0.906906293130468
3,100002,B4_Physical_Multiobjective,0,Direct_Earth_to_Mars,0.906906293130468,0.906906293130468
4,100003,B1_Shortest_Delay,0,Direct_Earth_to_Mars,1,0.95800402941669904
4,100003,B2_Contact_Aware,0,Direct_Earth_to_Mars,0.95800402941676843,0.95800402941669904
4,100003,B3_Physical_Success,0,Direct_Earth_to_Mars,0.95800402941669904,0.95800402941669904
4,100003,B4_Physical_Multiobjective,0,Direct_Earth_to_Mars,0.95800402941669904,0.95800402941669904
5,100004,B1_Shortest_Delay,0,Direct_Earth_to_Mars,1,0.85884219693445063
5,100004,B2_Contact_Aware,0,Direct_Earth_to_Mars,0.85884219693445063,0.85884219693445063
5,100004,B3_Physical_Success,0,Direct_Earth_to_Mars,0.85884219693445063,0.85884219693445063
5,100004,B4_Physical_Multiobjective,0,Direct_Earth_to_Mars,0.85884219693445063,0.85884219693445063
6,100005,B1_Shortest_Delay,0,Direct_Earth_to_Mars,1,0.82124933257242116
6,100005,B2_Contact_Aware,0,Direct_Earth_to_Mars,0.8212493325724588,0.82124933257242116
6,100005,B3_Physical_Success,0,Direct_Earth_to_Mars,0.82124933257242116,0.82124933257242116
6,100005,B4_Physical_Multiobjective,0,Direct_Earth_to_Mars,0.82124933257242116,0.82124933257242116
7,100006,B1_Shortest_Delay,0,Direct_Earth_to_Mars,1,0.95883310778721909
7,100006,B2_Contact_Aware,0,Direct_Earth_to_Mars,0.95888382929065541,0.95883310778721909
7,100006,B3_Physical_Success,0,Direct_Earth_to_Mars,0.95883310778721909,0.95883310778721909
7,100006,B4_Physical_Multiobjective,0,Direct_Earth_to_Mars,0.95883310778721909,0.95883310778721909
8,100007,B1_Shortest_Delay,0,Direct_Earth_to_Mars,1,0.83805862678805021
8,100007,B2_Contact_Aware,0,Direct_Earth_to_Mars,0.83805862678805021,0.83805862678805021
8,100007,B3_Physical_Success,0,Direct_Earth_to_Mars,0.83805862678805021,0.83805862678805021
8,100007,B4_Physical_Multiobjective,0,Direct_Earth_to_Mars,0.83805862678805021,0.83805862678805021
9,100008,B1_Shortest_Delay,0,Direct_Earth_to_Mars,1,0.86027538192991715
9,100008,B2_Contact_Aware,0,Direct_Earth_to_Mars,0.86027538192991715,0.86027538192991715
9,100008,B3_Physical_Success,0,Direct_Earth_to_Mars,0.86027538192991715,0.86027538192991715
9,100008,B4_Physical_Multiobjective,0,Direct_Earth_to_Mars,0.86027538192991715,0.86027538192991715
10,100009,B1_Shortest_Delay,0,Direct_Earth_to_Mars,1,0.99348423587462797
10,100009,B2_Contact_Aware,0,Direct_Earth_to_Mars,0.99348423587462797,0.99348423587462797
10,100009,B3_Physical_Success,0,Direct_Earth_to_Mars,0.99348423587462797,0.99348423587462797
10,100009,B4_Physical_Multiobjective,0,Direct_Earth_to_Mars,0.99348423587462797,0.99348423587462797
11,100010,B1_Shortest_Delay,0,Direct_Earth_to_Mars,1,0.83139900947724921
11,100010,B2_Contact_Aware,0,Direct_Earth_to_Mars,0.83139900947724921,0.83139900947724921
11,100010,B3_Physical_Success,0,Direct_Earth_to_Mars,0.83139900947724921,0.83139900947724921
11,100010,B4_Physical_Multiobjective,0,Direct_Earth_to_Mars,0.83139900947724921,0.83139900947724921
12,100011,B1_Shortest_Delay,0,Direct_Earth_to_Mars,1,0.82224880112523402
12,100011,B2_Contact_Aware,0,Direct_Earth_to_Mars,0.82224880112523402,0.82224880112523402
12,100011,B3_Physical_Success,0,Direct_Earth_to_Mars,0.82224880112523402,0.82224880112523402
12,100011,B4_Physical_Multiobjective,0,Direct_Earth_to_Mars,0.82224880112523402,0.82224880112523402
13,100012,B1_Shortest_Delay,0,Direct_Earth_to_Mars,1,0.88317605369925789
13,100012,B2_Contact_Aware,0,Direct_Earth_to_Mars,0.88317605369925789,0.88317605369925789
13,100012,B3_Physical_Success,0,Direct_Earth_to_Mars,0.88317605369925789,0.88317605369925789
13,100012,B4_Physical_Multiobjective,0,Direct_Earth_to_Mars,0.88317605369925789,0.88317605369925789
14,100013,B1_Shortest_Delay,0,Direct_Earth_to_Mars,1,0.8315282590537717
14,100013,B2_Contact_Aware,0,Direct_Earth_to_Mars,0.8315362654186651,0.8315282590537717
14,100013,B3_Physical_Success,0,Direct_Earth_to_Mars,0.8315282590537717,0.8315282590537717
14,100013,B4_Physical_Multiobjective,0,Direct_Earth_to_Mars,0.8315282590537717,0.8315282590537717
15,100014,B1_Shortest_Delay,0,Direct_Earth_to_Mars,1,0.87730850210373379
15,100014,B2_Contact_Aware,0,Direct_Earth_to_Mars,0.87730850210373379,0.87730850210373379
15,100014,B3_Physical_Success,0,Direct_Earth_to_Mars,0.87730850210373379,0.87730850210373379
15,100014,B4_Physical_Multiobjective,0,Direct_Earth_to_Mars,0.87730850210373379,0.87730850210373379
16,100015,B1_Shortest_Delay,0,Direct_Earth_to_Mars,1,0.92540198906204252
16,100015,B2_Contact_Aware,0,Direct_Earth_to_Mars,0.92540672241036337,0.92540198906204252
16,100015,B3_Physical_Success,0,Direct_Earth_to_Mars,0.92540198906204252,0.92540198906204252
16,100015,B4_Physical_Multiobjective,0,Direct_Earth_to_Mars,0.92540198906204252,0.92540198906204252
17,100016,B1_Shortest_Delay,0,Direct_Earth_to_Mars,1,0.91920548232522847
17,100016,B2_Contact_Aware,0,Direct_Earth_to_Mars,0.91920548232522847,0.91920548232522847
17,100016,B3_Physical_Success,0,Direct_Earth_to_Mars,0.91920548232522847,0.91920548232522847
17,100016,B4_Physical_Multiobjective,0,Direct_Earth_to_Mars,0.91920548232522847,0.91920548232522847
18,100017,B1_Shortest_Delay,0,Direct_Earth_to_Mars,1,0.98378852196704902
18,100017,B2_Contact_Aware,0,Direct_Earth_to_Mars,0.98378852196704902,0.98378852196704902
18,100017,B3_Physical_Success,0,Direct_Earth_to_Mars,0.98378852196704902,0.98378852196704902
18,100017,B4_Physical_Multiobjective,0,Direct_Earth_to_Mars,0.98378852196704902,0.98378852196704902
19,100018,B1_Shortest_Delay,0,Direct_Earth_to_Mars,1,0.91054995490871793
19,100018,B2_Contact_Aware,0,Direct_Earth_to_Mars,0.91054995490992574,0.91054995490871793
19,100018,B3_Physical_Success,0,Direct_Earth_to_Mars,0.91054995490871793,0.91054995490871793
19,100018,B4_Physical_Multiobjective,0,Direct_Earth_to_Mars,0.91054995490871793,0.91054995490871793
20,100019,B1_Shortest_Delay,0,Direct_Earth_to_Mars,1,0.80712626937042442
20,100019,B2_Contact_Aware,0,Direct_Earth_to_Mars,0.80715699311883227,0.80712626937042442
20,100019,B3_Physical_Success,0,Direct_Earth_to_Mars,0.80712626937042442,0.80712626937042442
20,100019,B4_Physical_Multiobjective,0,Direct_Earth_to_Mars,0.80712626937042442,0.80712626937042442
21,100020,B1_Shortest_Delay,0,Direct_Earth_to_Mars,1,0.90102132479547914
21,100020,B2_Contact_Aware,0,Direct_Earth_to_Mars,0.90102198459603977,0.90102132479547914
21,100020,B3_Physical_Success,0,Direct_Earth_to_Mars,0.90102132479547914,0.90102132479547914
21,100020,B4_Physical_Multiobjective,0,Direct_Earth_to_Mars,0.90102132479547914,0.90102132479547914
22,100021,B1_Shortest_Delay,0,Direct_Earth_to_Mars,1,0.86590835379496933
22,100021,B2_Contact_Aware,0,Direct_Earth_to_Mars,0.8659083538275909,0.86590835379496933
22,100021,B3_Physical_Success,0,Direct_Earth_to_Mars,0.86590835379496933,0.86590835379496933
22,100021,B4_Physical_Multiobjective,0,Direct_Earth_to_Mars,0.86590835379496933,0.86590835379496933
23,100022,B1_Shortest_Delay,0,Direct_Earth_to_Mars,1,0.85618614364682233
23,100022,B2_Contact_Aware,0,Direct_Earth_to_Mars,0.85618614364682233,0.85618614364682233
23,100022,B3_Physical_Success,0,Direct_Earth_to_Mars,0.85618614364682233,0.85618614364682233
23,100022,B4_Physical_Multiobjective,0,Direct_Earth_to_Mars,0.85618614364682233,0.85618614364682233
24,100023,B1_Shortest_Delay,0,Direct_Earth_to_Mars,1,0.95012945515140801
24,100023,B2_Contact_Aware,0,Direct_Earth_to_Mars,0.95012945515140801,0.95012945515140801
24,100023,B3_Physical_Success,0,Direct_Earth_to_Mars,0.95012945515140801,0.95012945515140801
24,100023,B4_Physical_Multiobjective,0,Direct_Earth_to_Mars,0.95012945515140801,0.95012945515140801
25,100024,B1_Shortest_Delay,0,Direct_Earth_to_Mars,1,0.83298029195047563
25,100024,B2_Contact_Aware,0,Direct_Earth_to_Mars,0.83298029195047563,0.83298029195047563
25,100024,B3_Physical_Success,0,Direct_Earth_to_Mars,0.83298029195047563,0.83298029195047563
25,100024,B4_Physical_Multiobjective,0,Direct_Earth_to_Mars,0.83298029195047563,0.83298029195047563
26,100025,B1_Shortest_Delay,0,Direct_Earth_to_Mars,1,0.89311884287328547
26,100025,B2_Contact_Aware,0,Direct_Earth_to_Mars,0.89311996980814345,0.89311884287328547
26,100025,B3_Physical_Success,0,Direct_Earth_to_Mars,0.89311884287328547,0.89311884287328547
26,100025,B4_Physical_Multiobjective,0,Direct_Earth_to_Mars,0.89311884287328547,0.89311884287328547
27,100026,B1_Shortest_Delay,0,Direct_Earth_to_Mars,1,0.97287207926014363
27,100026,B2_Contact_Aware,0,Direct_Earth_to_Mars,0.97287207926014363,0.97287207926014363
27,100026,B3_Physical_Success,0,Direct_Earth_to_Mars,0.97287207926014363,0.97287207926014363
27,100026,B4_Physical_Multiobjective,0,Direct_Earth_to_Mars,0.97287207926014363,0.97287207926014363
28,100027,B1_Shortest_Delay,0,Direct_Earth_to_Mars,1,0.81137850097457098
28,100027,B2_Contact_Aware,0,Direct_Earth_to_Mars,0.811386381915705,0.81137850097457098
28,100027,B3_Physical_Success,0,Direct_Earth_to_Mars,0.81137850097457098,0.81137850097457098
28,100027,B4_Physical_Multiobjective,0,Direct_Earth_to_Mars,0.81137850097457098,0.81137850097457098
29,100028,B1_Shortest_Delay,0,Direct_Earth_to_Mars,1,0.98359919600037971
29,100028,B2_Contact_Aware,0,Direct_Earth_to_Mars,0.98360156737715587,0.98359919600037971
29,100028,B3_Physical_Success,0,Direct_Earth_to_Mars,0.98359919600037971,0.98359919600037971
29,100028,B4_Physical_Multiobjective,0,Direct_Earth_to_Mars,0.98359919600037971,0.98359919600037971
30,100029,B1_Shortest_Delay,0,Direct_Earth_to_Mars,1,0.90648948760529491
30,100029,B2_Contact_Aware,0,Direct_Earth_to_Mars,0.90648948760529491,0.90648948760529491
30,100029,B3_Physical_Success,0,Direct_Earth_to_Mars,0.90648948760529491,0.90648948760529491
30,100029,B4_Physical_Multiobjective,0,Direct_Earth_to_Mars,0.90648948760529491,0.90648948760529491
31,100030,B1_Shortest_Delay,0,Direct_Earth_to_Mars,1,0.992954432683125
31,100030,B2_Contact_Aware,0,Direct_Earth_to_Mars,0.99295512687010901,0.992954432683125
31,100030,B3_Physical_Success,0,Direct_Earth_to_Mars,0.992954432683125,0.992954432683125
31,100030,B4_Physical_Multiobjective,0,Direct_Earth_to_Mars,0.992954432683125,0.992954432683125
32,100031,B1_Shortest_Delay,0,Direct_Earth_to_Mars,1,0.98802097086297014
32,100031,B2_Contact_Aware,0,Direct_Earth_to_Mars,0.98802097086297014,0.98802097086297014
32,100031,B3_Physical_Success,0,Direct_Earth_to_Mars,0.98802097086297014,0.98802097086297014
32,100031,B4_Physical_Multiobjective,0,Direct_Earth_to_Mars,0.98802097086297014,0.98802097086297014
33,100032,B1_Shortest_Delay,0,Direct_Earth_to_Mars,1,0.98552439763673538
33,100032,B2_Contact_Aware,0,Direct_Earth_to_Mars,0.98552483837518501,0.98552439763673538
33,100032,B3_Physical_Success,0,Direct_Earth_to_Mars,0.98552439763673538,0.98552439763673538
33,100032,B4_Physical_Multiobjective,0,Direct_Earth_to_Mars,0.98552439763673538,0.98552439763673538
34,100033,B1_Shortest_Delay,0,Direct_Earth_to_Mars,1,0.88845660568834739
34,100033,B2_Contact_Aware,0,Direct_Earth_to_Mars,0.88845660568834739,0.88845660568834739
34,100033,B3_Physical_Success,0,Direct_Earth_to_Mars,0.88845660568834739,0.88845660568834739
34,100033,B4_Physical_Multiobjective,0,Direct_Earth_to_Mars,0.88845660568834739,0.88845660568834739
35,100034,B1_Shortest_Delay,0,Direct_Earth_to_Mars,1,0.85932753571367226
35,100034,B2_Contact_Aware,0,Direct_Earth_to_Mars,0.85932753571367226,0.85932753571367226
35,100034,B3_Physical_Success,0,Direct_Earth_to_Mars,0.85932753571367226,0.85932753571367226
35,100034,B4_Physical_Multiobjective,0,Direct_Earth_to_Mars,0.85932753571367226,0.85932753571367226
36,100035,B1_Shortest_Delay,0,Direct_Earth_to_Mars,1,0.97864800453092804
36,100035,B2_Contact_Aware,0,Direct_Earth_to_Mars,0.97878465874309561,0.97864800453092804
36,100035,B3_Physical_Success,0,Direct_Earth_to_Mars,0.97864800453092804,0.97864800453092804
36,100035,B4_Physical_Multiobjective,0,Direct_Earth_to_Mars,0.97864800453092804,0.97864800453092804
37,100036,B1_Shortest_Delay,0,Direct_Earth_to_Mars,1,0.87132132168355236
37,100036,B2_Contact_Aware,0,Direct_Earth_to_Mars,0.87132132168355236,0.87132132168355236
37,100036,B3_Physical_Success,0,Direct_Earth_to_Mars,0.87132132168355236,0.87132132168355236
37,100036,B4_Physical_Multiobjective,0,Direct_Earth_to_Mars,0.87132132168355236,0.87132132168355236
38,100037,B1_Shortest_Delay,0,Direct_Earth_to_Mars,1,0.80410895440282215
38,100037,B2_Contact_Aware,0,Direct_Earth_to_Mars,0.8041435864716403,0.80410895440282215
38,100037,B3_Physical_Success,0,Direct_Earth_to_Mars,0.80410895440282215,0.80410895440282215
38,100037,B4_Physical_Multiobjective,0,Direct_Earth_to_Mars,0.80410895440282215,0.80410895440282215
39,100038,B1_Shortest_Delay,0,Direct_Earth_to_Mars,1,0.88205410123716033
39,100038,B2_Contact_Aware,0,Direct_Earth_to_Mars,0.88205410123716033,0.88205410123716033
39,100038,B3_Physical_Success,0,Direct_Earth_to_Mars,0.88205410123716033,0.88205410123716033
39,100038,B4_Physical_Multiobjective,0,Direct_Earth_to_Mars,0.88205410123716033,0.88205410123716033
40,100039,B1_Shortest_Delay,0,Direct_Earth_to_Mars,1,0.87308023123283252
40,100039,B2_Contact_Aware,0,Direct_Earth_to_Mars,0.87308023123298195,0.87308023123283252
40,100039,B3_Physical_Success,0,Direct_Earth_to_Mars,0.87308023123283252,0.87308023123283252
40,100039,B4_Physical_Multiobjective,0,Direct_Earth_to_Mars,0.87308023123283252,0.87308023123283252
41,100040,B1_Shortest_Delay,0,Direct_Earth_to_Mars,1,0.85664603645175519
41,100040,B2_Contact_Aware,0,Direct_Earth_to_Mars,0.85670695008473374,0.85664603645175519
41,100040,B3_Physical_Success,0,Direct_Earth_to_Mars,0.85664603645175519,0.85664603645175519
41,100040,B4_Physical_Multiobjective,0,Direct_Earth_to_Mars,0.85664603645175519,0.85664603645175519
42,100041,B1_Shortest_Delay,0,Direct_Earth_to_Mars,1,0.85746425646144364
42,100041,B2_Contact_Aware,0,Direct_Earth_to_Mars,0.85746479771118467,0.85746425646144364
42,100041,B3_Physical_Success,0,Direct_Earth_to_Mars,0.85746425646144364,0.85746425646144364
42,100041,B4_Physical_Multiobjective,0,Direct_Earth_to_Mars,0.85746425646144364,0.85746425646144364
43,100042,B1_Shortest_Delay,0,Direct_Earth_to_Mars,1,0.935174575698836
43,100042,B2_Contact_Aware,0,Direct_Earth_to_Mars,0.93529137651131,0.935174575698836
43,100042,B3_Physical_Success,0,Direct_Earth_to_Mars,0.935174575698836,0.935174575698836
43,100042,B4_Physical_Multiobjective,0,Direct_Earth_to_Mars,0.935174575698836,0.935174575698836
44,100043,B1_Shortest_Delay,0,Direct_Earth_to_Mars,1,0.95125121444850902
44,100043,B2_Contact_Aware,0,Direct_Earth_to_Mars,0.95125378169318053,0.95125121444850902
44,100043,B3_Physical_Success,0,Direct_Earth_to_Mars,0.95125121444850902,0.95125121444850902
44,100043,B4_Physical_Multiobjective,0,Direct_Earth_to_Mars,0.95125121444850902,0.95125121444850902
45,100044,B1_Shortest_Delay,0,Direct_Earth_to_Mars,1,0.87713571556599201
45,100044,B2_Contact_Aware,0,Direct_Earth_to_Mars,0.87713571556599201,0.87713571556599201
45,100044,B3_Physical_Success,0,Direct_Earth_to_Mars,0.87713571556599201,0.87713571556599201
45,100044,B4_Physical_Multiobjective,0,Direct_Earth_to_Mars,0.87713571556599201,0.87713571556599201
46,100045,B1_Shortest_Delay,0,Direct_Earth_to_Mars,1,0.96867438980918996
46,100045,B2_Contact_Aware,0,Direct_Earth_to_Mars,0.96868573902546085,0.96867438980918996
46,100045,B3_Physical_Success,0,Direct_Earth_to_Mars,0.96867438980918996,0.96867438980918996
46,100045,B4_Physical_Multiobjective,0,Direct_Earth_to_Mars,0.96867438980918996,0.96867438980918996
47,100046,B1_Shortest_Delay,0,Direct_Earth_to_Mars,1,0.89093632203543471
47,100046,B2_Contact_Aware,0,Direct_Earth_to_Mars,0.89093632203547468,0.89093632203543471
47,100046,B3_Physical_Success,0,Direct_Earth_to_Mars,0.89093632203543471,0.89093632203543471
47,100046,B4_Physical_Multiobjective,0,Direct_Earth_to_Mars,0.89093632203543471,0.89093632203543471
48,100047,B1_Shortest_Delay,0,Direct_Earth_to_Mars,1,0.94423140248934267
48,100047,B2_Contact_Aware,0,Direct_Earth_to_Mars,0.94440754764342016,0.94423140248934267
48,100047,B3_Physical_Success,0,Direct_Earth_to_Mars,0.94423140248934267,0.94423140248934267
48,100047,B4_Physical_Multiobjective,0,Direct_Earth_to_Mars,0.94423140248934267,0.94423140248934267
49,100048,B1_Shortest_Delay,0,Direct_Earth_to_Mars,1,0.86857509200266492
49,100048,B2_Contact_Aware,0,Direct_Earth_to_Mars,0.8685751136440768,0.86857509200266492
49,100048,B3_Physical_Success,0,Direct_Earth_to_Mars,0.86857509200266492,0.86857509200266492
49,100048,B4_Physical_Multiobjective,0,Direct_Earth_to_Mars,0.86857509200266492,0.86857509200266492
50,100049,B1_Shortest_Delay,0,Direct_Earth_to_Mars,1,0.94093053725118025
50,100049,B2_Contact_Aware,0,Direct_Earth_to_Mars,0.94093760295645379,0.94093053725118025
50,100049,B3_Physical_Success,0,Direct_Earth_to_Mars,0.94093053725118025,0.94093053725118025
50,100049,B4_Physical_Multiobjective,0,Direct_Earth_to_Mars,0.94093053725118025,0.94093053725118025
51,100050,B1_Shortest_Delay,0,Direct_Earth_to_Mars,1,0.90696447405298086
51,100050,B2_Contact_Aware,0,Direct_Earth_to_Mars,0.90696447405298086,0.90696447405298086
51,100050,B3_Physical_Success,0,Direct_Earth_to_Mars,0.90696447405298086,0.90696447405298086
51,100050,B4_Physical_Multiobjective,0,Direct_Earth_to_Mars,0.90696447405298086,0.90696447405298086
52,100051,B1_Shortest_Delay,0,Direct_Earth_to_Mars,1,0.98564280687577621
52,100051,B2_Contact_Aware,0,Direct_Earth_to_Mars,0.98564280690479644,0.98564280687577621
52,100051,B3_Physical_Success,0,Direct_Earth_to_Mars,0.98564280687577621,0.98564280687577621
52,100051,B4_Physical_Multiobjective,0,Direct_Earth_to_Mars,0.98564280687577621,0.98564280687577621
53,100052,B1_Shortest_Delay,0,Direct_Earth_to_Mars,1,0.92544129961344457
53,100052,B2_Contact_Aware,0,Direct_Earth_to_Mars,0.92544129961344457,0.92544129961344457
53,100052,B3_Physical_Success,0,Direct_Earth_to_Mars,0.92544129961344457,0.92544129961344457
53,100052,B4_Physical_Multiobjective,0,Direct_Earth_to_Mars,0.92544129961344457,0.92544129961344457
54,100053,B1_Shortest_Delay,0,Direct_Earth_to_Mars,1,0.82742712359376869
54,100053,B2_Contact_Aware,0,Direct_Earth_to_Mars,0.82743368075005241,0.82742712359376869
54,100053,B3_Physical_Success,0,Direct_Earth_to_Mars,0.82742712359376869,0.82742712359376869
54,100053,B4_Physical_Multiobjective,0,Direct_Earth_to_Mars,0.82742712359376869,0.82742712359376869
55,100054,B1_Shortest_Delay,0,Direct_Earth_to_Mars,1,0.91284612462321213
55,100054,B2_Contact_Aware,0,Direct_Earth_to_Mars,0.91284612462321213,0.91284612462321213
55,100054,B3_Physical_Success,0,Direct_Earth_to_Mars,0.91284612462321213,0.91284612462321213
55,100054,B4_Physical_Multiobjective,0,Direct_Earth_to_Mars,0.91284612462321213,0.91284612462321213
56,100055,B1_Shortest_Delay,0,Direct_Earth_to_Mars,1,0.80588279654952977
56,100055,B2_Contact_Aware,0,Direct_Earth_to_Mars,0.80588279654952977,0.80588279654952977
56,100055,B3_Physical_Success,0,Direct_Earth_to_Mars,0.80588279654952977,0.80588279654952977
56,100055,B4_Physical_Multiobjective,0,Direct_Earth_to_Mars,0.80588279654952977,0.80588279654952977
57,100056,B1_Shortest_Delay,0,Direct_Earth_to_Mars,1,0.90403549490050072
57,100056,B2_Contact_Aware,0,Direct_Earth_to_Mars,0.90403549490050072,0.90403549490050072
57,100056,B3_Physical_Success,0,Direct_Earth_to_Mars,0.90403549490050072,0.90403549490050072
57,100056,B4_Physical_Multiobjective,0,Direct_Earth_to_Mars,0.90403549490050072,0.90403549490050072
58,100057,B1_Shortest_Delay,0,Direct_Earth_to_Mars,1,0.88526196772714216
58,100057,B2_Contact_Aware,0,Direct_Earth_to_Mars,0.88526196772714216,0.88526196772714216
58,100057,B3_Physical_Success,0,Direct_Earth_to_Mars,0.88526196772714216,0.88526196772714216
58,100057,B4_Physical_Multiobjective,0,Direct_Earth_to_Mars,0.88526196772714216,0.88526196772714216
59,100058,B1_Shortest_Delay,0,Direct_Earth_to_Mars,1,0.94913078067123302
59,100058,B2_Contact_Aware,0,Direct_Earth_to_Mars,0.94913078067123302,0.94913078067123302
59,100058,B3_Physical_Success,0,Direct_Earth_to_Mars,0.94913078067123302,0.94913078067123302
59,100058,B4_Physical_Multiobjective,0,Direct_Earth_to_Mars,0.94913078067123302,0.94913078067123302
60,100059,B1_Shortest_Delay,0,Direct_Earth_to_Mars,1,0.89365583294041973
60,100059,B2_Contact_Aware,0,Direct_Earth_to_Mars,0.89366805524853343,0.89365583294041973
60,100059,B3_Physical_Success,0,Direct_Earth_to_Mars,0.89365583294041973,0.89365583294041973
60,100059,B4_Physical_Multiobjective,0,Direct_Earth_to_Mars,0.89365583294041973,0.89365583294041973
61,100060,B1_Shortest_Delay,0,Direct_Earth_to_Mars,1,0.88122715054081446
61,100060,B2_Contact_Aware,0,Direct_Earth_to_Mars,0.88135361594641237,0.88122715054081446
61,100060,B3_Physical_Success,0,Direct_Earth_to_Mars,0.88122715054081446,0.88122715054081446
61,100060,B4_Physical_Multiobjective,0,Direct_Earth_to_Mars,0.88122715054081446,0.88122715054081446
62,100061,B1_Shortest_Delay,0,Direct_Earth_to_Mars,1,0.80947127906126026
62,100061,B2_Contact_Aware,0,Direct_Earth_to_Mars,0.80947413765755172,0.80947127906126026
62,100061,B3_Physical_Success,0,Direct_Earth_to_Mars,0.80947127906126026,0.80947127906126026
62,100061,B4_Physical_Multiobjective,0,Direct_Earth_to_Mars,0.80947127906126026,0.80947127906126026
63,100062,B1_Shortest_Delay,0,Direct_Earth_to_Mars,1,0.91627586379561543
63,100062,B2_Contact_Aware,0,Direct_Earth_to_Mars,0.91627586379561543,0.91627586379561543
63,100062,B3_Physical_Success,0,Direct_Earth_to_Mars,0.91627586379561543,0.91627586379561543
63,100062,B4_Physical_Multiobjective,0,Direct_Earth_to_Mars,0.91627586379561543,0.91627586379561543
64,100063,B1_Shortest_Delay,0,Direct_Earth_to_Mars,1,0.92696486534350542
64,100063,B2_Contact_Aware,0,Direct_Earth_to_Mars,0.92696486558705926,0.92696486534350542
64,100063,B3_Physical_Success,0,Direct_Earth_to_Mars,0.92696486534350542,0.92696486534350542
64,100063,B4_Physical_Multiobjective,0,Direct_Earth_to_Mars,0.92696486534350542,0.92696486534350542
65,100064,B1_Shortest_Delay,0,Direct_Earth_to_Mars,1,0.86293250045694569
65,100064,B2_Contact_Aware,0,Direct_Earth_to_Mars,0.86293260068607081,0.86293250045694569
65,100064,B3_Physical_Success,0,Direct_Earth_to_Mars,0.86293250045694569,0.86293250045694569
65,100064,B4_Physical_Multiobjective,0,Direct_Earth_to_Mars,0.86293250045694569,0.86293250045694569
66,100065,B1_Shortest_Delay,0,Direct_Earth_to_Mars,1,0.95028733774102769
66,100065,B2_Contact_Aware,0,Direct_Earth_to_Mars,0.95028733791521613,0.95028733774102769
66,100065,B3_Physical_Success,0,Direct_Earth_to_Mars,0.95028733774102769,0.95028733774102769
66,100065,B4_Physical_Multiobjective,0,Direct_Earth_to_Mars,0.95028733774102769,0.95028733774102769
67,100066,B1_Shortest_Delay,0,Direct_Earth_to_Mars,1,0.97323639791216965
67,100066,B2_Contact_Aware,0,Direct_Earth_to_Mars,0.97323639791216965,0.97323639791216965
67,100066,B3_Physical_Success,0,Direct_Earth_to_Mars,0.97323639791216965,0.97323639791216965
67,100066,B4_Physical_Multiobjective,0,Direct_Earth_to_Mars,0.97323639791216965,0.97323639791216965
68,100067,B1_Shortest_Delay,0,Direct_Earth_to_Mars,1,0.85946927310059607
68,100067,B2_Contact_Aware,0,Direct_Earth_to_Mars,0.85947266443034731,0.85946927310059607
68,100067,B3_Physical_Success,0,Direct_Earth_to_Mars,0.85946927310059607,0.85946927310059607
68,100067,B4_Physical_Multiobjective,0,Direct_Earth_to_Mars,0.85946927310059607,0.85946927310059607
69,100068,B1_Shortest_Delay,0,Direct_Earth_to_Mars,1,0.93077079612493929
69,100068,B2_Contact_Aware,0,Direct_Earth_to_Mars,0.93077080111446731,0.93077079612493929
69,100068,B3_Physical_Success,0,Direct_Earth_to_Mars,0.93077079612493929,0.93077079612493929
69,100068,B4_Physical_Multiobjective,0,Direct_Earth_to_Mars,0.93077079612493929,0.93077079612493929
70,100069,B1_Shortest_Delay,0,Direct_Earth_to_Mars,1,0.97255197740195687
70,100069,B2_Contact_Aware,0,Direct_Earth_to_Mars,0.97255211625526805,0.97255197740195687
70,100069,B3_Physical_Success,0,Direct_Earth_to_Mars,0.97255197740195687,0.97255197740195687
70,100069,B4_Physical_Multiobjective,0,Direct_Earth_to_Mars,0.97255197740195687,0.97255197740195687
71,100070,B1_Shortest_Delay,0,Direct_Earth_to_Mars,1,0.85190021930433379
71,100070,B2_Contact_Aware,0,Direct_Earth_to_Mars,0.85190021930433379,0.85190021930433379
71,100070,B3_Physical_Success,0,Direct_Earth_to_Mars,0.85190021930433379,0.85190021930433379
71,100070,B4_Physical_Multiobjective,0,Direct_Earth_to_Mars,0.85190021930433379,0.85190021930433379
72,100071,B1_Shortest_Delay,0,Direct_Earth_to_Mars,1,0.90737860953759097
72,100071,B2_Contact_Aware,0,Direct_Earth_to_Mars,0.90737860954731686,0.90737860953759097
72,100071,B3_Physical_Success,0,Direct_Earth_to_Mars,0.90737860953759097,0.90737860953759097
72,100071,B4_Physical_Multiobjective,0,Direct_Earth_to_Mars,0.90737860953759097,0.90737860953759097
73,100072,B1_Shortest_Delay,0,Direct_Earth_to_Mars,1,0.90747614868113879
73,100072,B2_Contact_Aware,0,Direct_Earth_to_Mars,0.90747614868113879,0.90747614868113879
73,100072,B3_Physical_Success,0,Direct_Earth_to_Mars,0.90747614868113879,0.90747614868113879
73,100072,B4_Physical_Multiobjective,0,Direct_Earth_to_Mars,0.90747614868113879,0.90747614868113879
74,100073,B1_Shortest_Delay,0,Direct_Earth_to_Mars,1,0.81637958234147956
74,100073,B2_Contact_Aware,0,Direct_Earth_to_Mars,0.81637958234147956,0.81637958234147956
74,100073,B3_Physical_Success,0,Direct_Earth_to_Mars,0.81637958234147956,0.81637958234147956
74,100073,B4_Physical_Multiobjective,0,Direct_Earth_to_Mars,0.81637958234147956,0.81637958234147956
75,100074,B1_Shortest_Delay,0,Direct_Earth_to_Mars,1,0.99662971944533252
75,100074,B2_Contact_Aware,0,Direct_Earth_to_Mars,0.99662971973587677,0.99662971944533252
75,100074,B3_Physical_Success,0,Direct_Earth_to_Mars,0.99662971944533252,0.99662971944533252
75,100074,B4_Physical_Multiobjective,0,Direct_Earth_to_Mars,0.99662971944533252,0.99662971944533252
76,100075,B1_Shortest_Delay,0,Direct_Earth_to_Mars,1,0.92589037101096505
76,100075,B2_Contact_Aware,0,Direct_Earth_to_Mars,0.92589037101096505,0.92589037101096505
76,100075,B3_Physical_Success,0,Direct_Earth_to_Mars,0.92589037101096505,0.92589037101096505
76,100075,B4_Physical_Multiobjective,0,Direct_Earth_to_Mars,0.92589037101096505,0.92589037101096505
77,100076,B1_Shortest_Delay,0,Direct_Earth_to_Mars,1,0.84038478417836249
77,100076,B2_Contact_Aware,0,Direct_Earth_to_Mars,0.84038478417836249,0.84038478417836249
77,100076,B3_Physical_Success,0,Direct_Earth_to_Mars,0.84038478417836249,0.84038478417836249
77,100076,B4_Physical_Multiobjective,0,Direct_Earth_to_Mars,0.84038478417836249,0.84038478417836249
78,100077,B1_Shortest_Delay,0,Direct_Earth_to_Mars,1,0.89148577719485489
78,100077,B2_Contact_Aware,0,Direct_Earth_to_Mars,0.89148579946342987,0.89148577719485489
78,100077,B3_Physical_Success,0,Direct_Earth_to_Mars,0.89148577719485489,0.89148577719485489
78,100077,B4_Physical_Multiobjective,0,Direct_Earth_to_Mars,0.89148577719485489,0.89148577719485489
79,100078,B1_Shortest_Delay,0,Direct_Earth_to_Mars,1,0.9380874033422768
79,100078,B2_Contact_Aware,0,Direct_Earth_to_Mars,0.9380874033422768,0.9380874033422768
79,100078,B3_Physical_Success,0,Direct_Earth_to_Mars,0.9380874033422768,0.9380874033422768
79,100078,B4_Physical_Multiobjective,0,Direct_Earth_to_Mars,0.9380874033422768,0.9380874033422768
80,100079,B1_Shortest_Delay,0,Direct_Earth_to_Mars,1,0.94371568564509689
80,100079,B2_Contact_Aware,0,Direct_Earth_to_Mars,0.94371568564515551,0.94371568564509689
80,100079,B3_Physical_Success,0,Direct_Earth_to_Mars,0.94371568564509689,0.94371568564509689
80,100079,B4_Physical_Multiobjective,0,Direct_Earth_to_Mars,0.94371568564509689,0.94371568564509689
81,100080,B1_Shortest_Delay,0,Direct_Earth_to_Mars,1,0.90254036064198295
81,100080,B2_Contact_Aware,0,Direct_Earth_to_Mars,0.90254036064198295,0.90254036064198295
81,100080,B3_Physical_Success,0,Direct_Earth_to_Mars,0.90254036064198295,0.90254036064198295
81,100080,B4_Physical_Multiobjective,0,Direct_Earth_to_Mars,0.90254036064198295,0.90254036064198295
82,100081,B1_Shortest_Delay,0,Direct_Earth_to_Mars,1,0.88286756952954748
82,100081,B2_Contact_Aware,0,Direct_Earth_to_Mars,0.88287315668910304,0.88286756952954748
82,100081,B3_Physical_Success,0,Direct_Earth_to_Mars,0.88286756952954748,0.88286756952954748
82,100081,B4_Physical_Multiobjective,0,Direct_Earth_to_Mars,0.88286756952954748,0.88286756952954748
83,100082,B1_Shortest_Delay,0,Direct_Earth_to_Mars,1,0.9179355183575133
83,100082,B2_Contact_Aware,0,Direct_Earth_to_Mars,0.9179355183575133,0.9179355183575133
83,100082,B3_Physical_Success,0,Direct_Earth_to_Mars,0.9179355183575133,0.9179355183575133
83,100082,B4_Physical_Multiobjective,0,Direct_Earth_to_Mars,0.9179355183575133,0.9179355183575133
84,100083,B1_Shortest_Delay,0,Direct_Earth_to_Mars,1,0.86956244236195335
84,100083,B2_Contact_Aware,0,Direct_Earth_to_Mars,0.86966218084067815,0.86956244236195335
84,100083,B3_Physical_Success,0,Direct_Earth_to_Mars,0.86956244236195335,0.86956244236195335
84,100083,B4_Physical_Multiobjective,0,Direct_Earth_to_Mars,0.86956244236195335,0.86956244236195335
85,100084,B1_Shortest_Delay,0,Direct_Earth_to_Mars,1,0.83229011567272737
85,100084,B2_Contact_Aware,0,Direct_Earth_to_Mars,0.83229011567272737,0.83229011567272737
85,100084,B3_Physical_Success,0,Direct_Earth_to_Mars,0.83229011567272737,0.83229011567272737
85,100084,B4_Physical_Multiobjective,0,Direct_Earth_to_Mars,0.83229011567272737,0.83229011567272737
86,100085,B1_Shortest_Delay,0,Direct_Earth_to_Mars,1,0.92535475418070245
86,100085,B2_Contact_Aware,0,Direct_Earth_to_Mars,0.92536869417990997,0.92535475418070245
86,100085,B3_Physical_Success,0,Direct_Earth_to_Mars,0.92535475418070245,0.92535475418070245
86,100085,B4_Physical_Multiobjective,0,Direct_Earth_to_Mars,0.92535475418070245,0.92535475418070245
87,100086,B1_Shortest_Delay,0,Direct_Earth_to_Mars,1,0.81833451748143005
87,100086,B2_Contact_Aware,0,Direct_Earth_to_Mars,0.81833930344870331,0.81833451748143005
87,100086,B3_Physical_Success,0,Direct_Earth_to_Mars,0.81833451748143005,0.81833451748143005
87,100086,B4_Physical_Multiobjective,0,Direct_Earth_to_Mars,0.81833451748143005,0.81833451748143005
88,100087,B1_Shortest_Delay,0,Direct_Earth_to_Mars,1,0.80875581831569543
88,100087,B2_Contact_Aware,0,Direct_Earth_to_Mars,0.80876677721774448,0.80875581831569543
88,100087,B3_Physical_Success,0,Direct_Earth_to_Mars,0.80875581831569543,0.80875581831569543
88,100087,B4_Physical_Multiobjective,0,Direct_Earth_to_Mars,0.80875581831569543,0.80875581831569543
89,100088,B1_Shortest_Delay,0,Direct_Earth_to_Mars,1,0.86135067522931696
89,100088,B2_Contact_Aware,0,Direct_Earth_to_Mars,0.86135067522931696,0.86135067522931696
89,100088,B3_Physical_Success,0,Direct_Earth_to_Mars,0.86135067522931696,0.86135067522931696
89,100088,B4_Physical_Multiobjective,0,Direct_Earth_to_Mars,0.86135067522931696,0.86135067522931696
90,100089,B1_Shortest_Delay,0,Direct_Earth_to_Mars,1,0.94702501333695932
90,100089,B2_Contact_Aware,0,Direct_Earth_to_Mars,0.9470250133395679,0.94702501333695932
90,100089,B3_Physical_Success,0,Direct_Earth_to_Mars,0.94702501333695932,0.94702501333695932
90,100089,B4_Physical_Multiobjective,0,Direct_Earth_to_Mars,0.94702501333695932,0.94702501333695932
91,100090,B1_Shortest_Delay,0,Direct_Earth_to_Mars,1,0.82430506129998826
91,100090,B2_Contact_Aware,0,Direct_Earth_to_Mars,0.82430506129998826,0.82430506129998826
91,100090,B3_Physical_Success,0,Direct_Earth_to_Mars,0.82430506129998826,0.82430506129998826
91,100090,B4_Physical_Multiobjective,0,Direct_Earth_to_Mars,0.82430506129998826,0.82430506129998826
92,100091,B1_Shortest_Delay,0,Direct_Earth_to_Mars,1,0.93429323432814937
92,100091,B2_Contact_Aware,0,Direct_Earth_to_Mars,0.93429323432814937,0.93429323432814937
92,100091,B3_Physical_Success,0,Direct_Earth_to_Mars,0.93429323432814937,0.93429323432814937
92,100091,B4_Physical_Multiobjective,0,Direct_Earth_to_Mars,0.93429323432814937,0.93429323432814937
93,100092,B1_Shortest_Delay,0,Direct_Earth_to_Mars,1,0.9269428670211507
93,100092,B2_Contact_Aware,0,Direct_Earth_to_Mars,0.9269428670211507,0.9269428670211507
93,100092,B3_Physical_Success,0,Direct_Earth_to_Mars,0.9269428670211507,0.9269428670211507
93,100092,B4_Physical_Multiobjective,0,Direct_Earth_to_Mars,0.9269428670211507,0.9269428670211507
94,100093,B1_Shortest_Delay,0,Direct_Earth_to_Mars,1,0.82817775814787808
94,100093,B2_Contact_Aware,0,Direct_Earth_to_Mars,0.82817775814787808,0.82817775814787808
94,100093,B3_Physical_Success,0,Direct_Earth_to_Mars,0.82817775814787808,0.82817775814787808
94,100093,B4_Physical_Multiobjective,0,Direct_Earth_to_Mars,0.82817775814787808,0.82817775814787808
95,100094,B1_Shortest_Delay,0,Direct_Earth_to_Mars,1,0.82934783830034009
95,100094,B2_Contact_Aware,0,Direct_Earth_to_Mars,0.82934783830034009,0.82934783830034009
95,100094,B3_Physical_Success,0,Direct_Earth_to_Mars,0.82934783830034009,0.82934783830034009
95,100094,B4_Physical_Multiobjective,0,Direct_Earth_to_Mars,0.82934783830034009,0.82934783830034009
96,100095,B1_Shortest_Delay,0,Direct_Earth_to_Mars,1,0.84401533563308651
96,100095,B2_Contact_Aware,0,Direct_Earth_to_Mars,0.84401533563355591,0.84401533563308651
96,100095,B3_Physical_Success,0,Direct_Earth_to_Mars,0.84401533563308651,0.84401533563308651
96,100095,B4_Physical_Multiobjective,0,Direct_Earth_to_Mars,0.84401533563308651,0.84401533563308651
97,100096,B1_Shortest_Delay,0,Direct_Earth_to_Mars,1,0.92957698837659819
97,100096,B2_Contact_Aware,0,Direct_Earth_to_Mars,0.9295775495668599,0.92957698837659819
97,100096,B3_Physical_Success,0,Direct_Earth_to_Mars,0.92957698837659819,0.92957698837659819
97,100096,B4_Physical_Multiobjective,0,Direct_Earth_to_Mars,0.92957698837659819,0.92957698837659819
98,100097,B1_Shortest_Delay,0,Direct_Earth_to_Mars,1,0.91560414188080064
98,100097,B2_Contact_Aware,0,Direct_Earth_to_Mars,0.91563204610810722,0.91560414188080064
98,100097,B3_Physical_Success,0,Direct_Earth_to_Mars,0.91560414188080064,0.91560414188080064
98,100097,B4_Physical_Multiobjective,0,Direct_Earth_to_Mars,0.91560414188080064,0.91560414188080064
99,100098,B1_Shortest_Delay,0,Direct_Earth_to_Mars,1,0.90905135264563497
99,100098,B2_Contact_Aware,0,Direct_Earth_to_Mars,0.90905207435870927,0.90905135264563497
99,100098,B3_Physical_Success,0,Direct_Earth_to_Mars,0.90905135264563497,0.90905135264563497
99,100098,B4_Physical_Multiobjective,0,Direct_Earth_to_Mars,0.90905135264563497,0.90905135264563497
100,100099,B1_Shortest_Delay,0,Direct_Earth_to_Mars,1,0.93718977281102234
100,100099,B2_Contact_Aware,0,Direct_Earth_to_Mars,0.93718977281102234,0.93718977281102234
100,100099,B3_Physical_Success,0,Direct_Earth_to_Mars,0.93718977281102234,0.93718977281102234
100,100099,B4_Physical_Multiobjective,0,Direct_Earth_to_Mars,0.93718977281102234,0.93718977281102234
