Scenario,Reference_Policy,Comparator_Policy,Comparison_Role,Metric,Higher_Is_Better,N,Reference_Mean,Comparator_Mean,Mean_Paired_Difference,Median_Paired_Difference,SD_Paired_Difference,CI95_Lower,CI95_Upper,Percent_Change_From_Reference,Cohens_Dz,Paired_T,Paired_T_P_Value,Preferred_Wins,Preferred_Losses,Ties,Exact_Sign_Test_P_Value,Significant_At_0_05,Direction
Control,B1_Shortest_Delay,B2_Contact_Aware,Secondary_Ablation,Reliability,1,1000,0.89845000000000241,0.89845000000000241,0,0,0,0,0,0,0,0,1,0,0,1000,1,0,No_Change
Control,B1_Shortest_Delay,B2_Contact_Aware,Secondary_Ablation,Delivered_Packets,1,1000,179.69,179.69,0,0,0,0,0,0,0,0,1,0,0,1000,1,0,No_Change
Control,B1_Shortest_Delay,B2_Contact_Aware,Secondary_Ablation,Delivered_Bits,1,1000,184002.56,184002.56,0,0,0,0,0,0,0,0,1,0,0,1000,1,0,No_Change
Control,B1_Shortest_Delay,B2_Contact_Aware,Secondary_Ablation,Mean_Delivered_Latency_s,0,1000,894.90256737012317,894.90256737012317,0,0,0,0,0,0,0,0,1,0,0,1000,1,0,No_Change
Control,B1_Shortest_Delay,B2_Contact_Aware,Secondary_Ablation,Contact_Failures,0,1000,20.309999999999999,20.309999999999999,0,0,0,0,0,0,0,0,1,0,0,1000,1,0,No_Change
Control,B1_Shortest_Delay,B2_Contact_Aware,Secondary_Ablation,Optical_Failures,0,1000,0,0,0,0,0,0,0,0,0,0,1,0,0,1000,1,0,No_Change
Control,B1_Shortest_Delay,B3_Physical_Success,Secondary_Ablation,Reliability,1,1000,0.89845000000000241,0.89845000000000241,0,0,0,0,0,0,0,0,1,0,0,1000,1,0,No_Change
Control,B1_Shortest_Delay,B3_Physical_Success,Secondary_Ablation,Delivered_Packets,1,1000,179.69,179.69,0,0,0,0,0,0,0,0,1,0,0,1000,1,0,No_Change
Control,B1_Shortest_Delay,B3_Physical_Success,Secondary_Ablation,Delivered_Bits,1,1000,184002.56,184002.56,0,0,0,0,0,0,0,0,1,0,0,1000,1,0,No_Change
Control,B1_Shortest_Delay,B3_Physical_Success,Secondary_Ablation,Mean_Delivered_Latency_s,0,1000,894.90256737012317,894.90256737012317,0,0,0,0,0,0,0,0,1,0,0,1000,1,0,No_Change
Control,B1_Shortest_Delay,B3_Physical_Success,Secondary_Ablation,Contact_Failures,0,1000,20.309999999999999,20.309999999999999,0,0,0,0,0,0,0,0,1,0,0,1000,1,0,No_Change
Control,B1_Shortest_Delay,B3_Physical_Success,Secondary_Ablation,Optical_Failures,0,1000,0,0,0,0,0,0,0,0,0,0,1,0,0,1000,1,0,No_Change
Control,B1_Shortest_Delay,B4_Physical_Multiobjective,Primary,Reliability,1,1000,0.89845000000000241,0.89845000000000241,0,0,0,0,0,0,0,0,1,0,0,1000,1,0,No_Change
Control,B1_Shortest_Delay,B4_Physical_Multiobjective,Primary,Delivered_Packets,1,1000,179.69,179.69,0,0,0,0,0,0,0,0,1,0,0,1000,1,0,No_Change
Control,B1_Shortest_Delay,B4_Physical_Multiobjective,Primary,Delivered_Bits,1,1000,184002.56,184002.56,0,0,0,0,0,0,0,0,1,0,0,1000,1,0,No_Change
Control,B1_Shortest_Delay,B4_Physical_Multiobjective,Primary,Mean_Delivered_Latency_s,0,1000,894.90256737012317,894.90256737012317,0,0,0,0,0,0,0,0,1,0,0,1000,1,0,No_Change
Control,B1_Shortest_Delay,B4_Physical_Multiobjective,Primary,Contact_Failures,0,1000,20.309999999999999,20.309999999999999,0,0,0,0,0,0,0,0,1,0,0,1000,1,0,No_Change
Control,B1_Shortest_Delay,B4_Physical_Multiobjective,Primary,Optical_Failures,0,1000,0,0,0,0,0,0,0,0,0,0,1,0,0,1000,1,0,No_Change
Direct_Background_16,B1_Shortest_Delay,B2_Contact_Aware,Secondary_Ablation,Reliability,1,1000,0.88065500000000163,0.88065500000000163,0,0,0,0,0,0,0,0,1,0,0,1000,1,0,No_Change
Direct_Background_16,B1_Shortest_Delay,B2_Contact_Aware,Secondary_Ablation,Delivered_Packets,1,1000,176.131,176.131,0,0,0,0,0,0,0,0,1,0,0,1000,1,0,No_Change
Direct_Background_16,B1_Shortest_Delay,B2_Contact_Aware,Secondary_Ablation,Delivered_Bits,1,1000,180358.144,180358.144,0,0,0,0,0,0,0,0,1,0,0,1000,1,0,No_Change
Direct_Background_16,B1_Shortest_Delay,B2_Contact_Aware,Secondary_Ablation,Mean_Delivered_Latency_s,0,1000,894.90256737012317,894.90256737012317,0,0,0,0,0,0,0,0,1,0,0,1000,1,0,No_Change
Direct_Background_16,B1_Shortest_Delay,B2_Contact_Aware,Secondary_Ablation,Contact_Failures,0,1000,20.309999999999999,20.309999999999999,0,0,0,0,0,0,0,0,1,0,0,1000,1,0,No_Change
Direct_Background_16,B1_Shortest_Delay,B2_Contact_Aware,Secondary_Ablation,Optical_Failures,0,1000,3.5590000000000002,3.5590000000000002,0,0,0,0,0,0,0,0,1,0,0,1000,1,0,No_Change
Direct_Background_16,B1_Shortest_Delay,B3_Physical_Success,Secondary_Ablation,Reliability,1,1000,0.88065500000000163,0.81764500000000129,-0.063009999999999969,0,0.2180507648141487,-0.076541061589405532,-0.049478938410594406,-7.1549017492661537,-0.2889694060633326,-9.138014972662015,3.4587976077454453e-19,4,81,915,1.0997423112559616e-19,1,Comparator_Worse
Direct_Background_16,B1_Shortest_Delay,B3_Physical_Success,Secondary_Ablation,Delivered_Packets,1,1000,176.131,163.529,-12.602,0,43.610152962830654,-15.30821231788117,-9.8957876821188311,-7.1549017492661715,-0.28896940606332666,-9.1380149726618285,3.4587976077508817e-19,4,81,915,1.0997423112559616e-19,1,Comparator_Worse
Direct_Background_16,B1_Shortest_Delay,B3_Physical_Success,Secondary_Ablation,Delivered_Bits,1,1000,180358.144,167453.696,-12904.448,0,44656.796633938589,-15675.609413510318,-10133.286586489683,-7.1549017492661715,-0.28896940606332666,-9.1380149726618285,3.4587976077508817e-19,4,81,915,1.0997423112559616e-19,1,Comparator_Worse
Direct_Background_16,B1_Shortest_Delay,B3_Physical_Success,Secondary_Ablation,Mean_Delivered_Latency_s,0,920,855.1074258177058,855.73395043278833,0.62652461508238277,0,9.3886656363704439,0.019111429252993917,1.2339378009117716,0.073268526990426006,0.066732019154597394,2.0240823575174973,0.043250559169201633,0,6,914,0.03125,1,Comparator_Worse
Direct_Background_16,B1_Shortest_Delay,B3_Physical_Success,Secondary_Ablation,Contact_Failures,0,1000,20.309999999999999,21.298999999999999,0.98899999999999999,0,4.1940993633281458,0.72873667624761562,1.2492633237523845,4.869522402757263,0.2358074795860817,7.4568872479567734,1.9192062376513921e-13,0,81,919,8.2718061255302767e-25,1,Comparator_Worse
Direct_Background_16,B1_Shortest_Delay,B3_Physical_Success,Secondary_Ablation,Optical_Failures,0,1000,3.5590000000000002,1.1419999999999999,-2.4169999999999998,0,9.7030541717678638,-3.0191195280623493,-1.8148804719376503,-67.912334925540875,-0.24909682634077582,-7.8771332915627763,8.7073374707840107e-15,85,0,915,5.169878828456423e-26,1,Comparator_Better
Direct_Background_16,B1_Shortest_Delay,B4_Physical_Multiobjective,Primary,Reliability,1,1000,0.88065500000000163,0.88065500000000163,0,0,0,0,0,0,0,0,1,0,0,1000,1,0,No_Change
Direct_Background_16,B1_Shortest_Delay,B4_Physical_Multiobjective,Primary,Delivered_Packets,1,1000,176.131,176.131,0,0,0,0,0,0,0,0,1,0,0,1000,1,0,No_Change
Direct_Background_16,B1_Shortest_Delay,B4_Physical_Multiobjective,Primary,Delivered_Bits,1,1000,180358.144,180358.144,0,0,0,0,0,0,0,0,1,0,0,1000,1,0,No_Change
Direct_Background_16,B1_Shortest_Delay,B4_Physical_Multiobjective,Primary,Mean_Delivered_Latency_s,0,1000,894.90256737012317,894.90256737012317,0,0,0,0,0,0,0,0,1,0,0,1000,1,0,No_Change
Direct_Background_16,B1_Shortest_Delay,B4_Physical_Multiobjective,Primary,Contact_Failures,0,1000,20.309999999999999,20.309999999999999,0,0,0,0,0,0,0,0,1,0,0,1000,1,0,No_Change
Direct_Background_16,B1_Shortest_Delay,B4_Physical_Multiobjective,Primary,Optical_Failures,0,1000,3.5590000000000002,3.5590000000000002,0,0,0,0,0,0,0,0,1,0,0,1000,1,0,No_Change
Direct_Pointing_25pct_Power,B1_Shortest_Delay,B2_Contact_Aware,Secondary_Ablation,Reliability,1,1000,0.4246099999999996,0.4246099999999996,0,0,0,0,0,0,0,0,1,0,0,1000,1,0,No_Change
Direct_Pointing_25pct_Power,B1_Shortest_Delay,B2_Contact_Aware,Secondary_Ablation,Delivered_Packets,1,1000,84.921999999999997,84.921999999999997,0,0,0,0,0,0,0,0,1,0,0,1000,1,0,No_Change
Direct_Pointing_25pct_Power,B1_Shortest_Delay,B2_Contact_Aware,Secondary_Ablation,Delivered_Bits,1,1000,86960.127999999997,86960.127999999997,0,0,0,0,0,0,0,0,1,0,0,1000,1,0,No_Change
Direct_Pointing_25pct_Power,B1_Shortest_Delay,B2_Contact_Aware,Secondary_Ablation,Mean_Delivered_Latency_s,0,490,566.30619820357811,566.30619820357811,0,0,0,0,0,0,0,0,1,0,0,490,1,0,No_Change
Direct_Pointing_25pct_Power,B1_Shortest_Delay,B2_Contact_Aware,Secondary_Ablation,Contact_Failures,0,1000,20.309999999999999,20.309999999999999,0,0,0,0,0,0,0,0,1,0,0,1000,1,0,No_Change
Direct_Pointing_25pct_Power,B1_Shortest_Delay,B2_Contact_Aware,Secondary_Ablation,Optical_Failures,0,1000,94.768000000000001,94.768000000000001,0,0,0,0,0,0,0,0,1,0,0,1000,1,0,No_Change
Direct_Pointing_25pct_Power,B1_Shortest_Delay,B3_Physical_Success,Secondary_Ablation,Reliability,1,1000,0.4246099999999996,0.67094499999999935,0.246335,0,0.37424678145366591,0.22311125091660411,0.26955874908339589,58.014413226254739,0.65821541348511992,20.814598976424872,3.255549082144268e-80,333,3,664,9.033110791155448e-95,1,Comparator_Better
Direct_Pointing_25pct_Power,B1_Shortest_Delay,B3_Physical_Success,Secondary_Ablation,Delivered_Packets,1,1000,84.921999999999997,134.18899999999999,49.267000000000003,0,74.849356290733382,44.622250183320816,53.91174981667919,58.014413226254689,0.65821541348511814,20.814598976424815,3.2555490821468714e-80,333,3,664,9.033110791155448e-95,1,Comparator_Better
Direct_Pointing_25pct_Power,B1_Shortest_Delay,B3_Physical_Success,Secondary_Ablation,Delivered_Bits,1,1000,86960.127999999997,137409.53599999999,50449.408000000003,0,76645.740841710984,45693.184187720515,55205.631812279491,58.014413226254689,0.65821541348511814,20.814598976424815,3.2555490821468714e-80,333,3,664,9.033110791155448e-95,1,Comparator_Better
Direct_Pointing_25pct_Power,B1_Shortest_Delay,B3_Physical_Success,Secondary_Ablation,Mean_Delivered_Latency_s,0,490,566.30619820357811,588.48023524655571,22.174037042977716,0,75.06162232523512,15.519862887385115,28.828211198570315,3.915556127289022,0.29541110831444128,6.539203638718373,1.5599472407245679e-10,0,47,443,1.4210854715202004e-14,1,Comparator_Worse
Direct_Pointing_25pct_Power,B1_Shortest_Delay,B3_Physical_Success,Secondary_Ablation,Contact_Failures,0,1000,20.309999999999999,29.748999999999999,9.4390000000000001,3,11.151620404122363,8.7469902166889337,10.131009783311066,46.474643032988681,0.84642407631726169,26.766279475667318,2.0147542941085609e-119,0,542,458,1.3892242184281734e-163,1,Comparator_Worse
Direct_Pointing_25pct_Power,B1_Shortest_Delay,B3_Physical_Success,Secondary_Ablation,Optical_Failures,0,1000,94.768000000000001,0.27400000000000002,-94.494,-158,89.208711223501709,-100.02981440957355,-88.958185590426453,-99.710872868478802,-1.0592463303640451,-33.49631007125555,1.6426653589386821e-165,557,0,443,4.2395758619023847e-168,1,Comparator_Better
Direct_Pointing_25pct_Power,B1_Shortest_Delay,B4_Physical_Multiobjective,Primary,Reliability,1,1000,0.4246099999999996,0.83125500000000052,0.40664500000000003,0.46499999999999997,0.41311231009951377,0.38100946454997525,0.43228053545002482,95.769058665599118,0.98434491071458063,31.127719210531566,3.0203900924106539e-149,501,0,499,3.0549363634996047e-151,1,Comparator_Better
Direct_Pointing_25pct_Power,B1_Shortest_Delay,B4_Physical_Multiobjective,Primary,Delivered_Packets,1,1000,84.921999999999997,166.251,81.328999999999994,93,82.622462019902287,76.201892909995067,86.45610709000492,95.769058665599019,0.98434491071458607,31.127719210531733,3.0203900924025691e-149,501,0,499,3.0549363634996047e-151,1,Comparator_Better
Direct_Pointing_25pct_Power,B1_Shortest_Delay,B4_Physical_Multiobjective,Primary,Delivered_Bits,1,1000,86960.127999999997,170241.024,83280.895999999993,95232,84605.401108379941,78030.738339834948,88531.053660165038,95.769058665599019,0.98434491071458607,31.127719210531733,3.0203900924025691e-149,501,0,499,3.0549363634996047e-151,1,Comparator_Better
Direct_Pointing_25pct_Power,B1_Shortest_Delay,B4_Physical_Multiobjective,Primary,Mean_Delivered_Latency_s,0,490,566.30619820357811,567.64179526818441,1.3355970646063802,0,11.658112313064651,0.3021114130377951,2.3690827161749652,0.23584362467568368,0.1145637500086223,2.5359767112216689,0.011523590940448705,0,8,482,0.0078125,1,Comparator_Worse
Direct_Pointing_25pct_Power,B1_Shortest_Delay,B4_Physical_Multiobjective,Primary,Contact_Failures,0,1000,20.309999999999999,29.207999999999998,8.8979999999999997,1,11.050326045221766,8.2122760016074654,9.583723998392534,43.810930576070902,0.80522510952041582,25.463453752430475,1.2512451245807068e-110,0,504,496,3.8186704543745059e-152,1,Comparator_Worse
Direct_Pointing_25pct_Power,B1_Shortest_Delay,B4_Physical_Multiobjective,Primary,Optical_Failures,0,1000,94.768000000000001,1.7190000000000001,-93.049000000000007,-158,90.308516914116041,-98.653062455154895,-87.444937544845118,-98.186096572682771,-1.0303457877454703,-32.582394668360912,3.0722537438797094e-159,518,0,482,2.3307314785000646e-156,1,Comparator_Better
Direct_Combined_25pctPower_BG16,B1_Shortest_Delay,B2_Contact_Aware,Secondary_Ablation,Reliability,1,1000,0.32249499999999992,0.32249499999999992,0,0,0,0,0,0,0,0,1,0,0,1000,1,0,No_Change
Direct_Combined_25pctPower_BG16,B1_Shortest_Delay,B2_Contact_Aware,Secondary_Ablation,Delivered_Packets,1,1000,64.498999999999995,64.498999999999995,0,0,0,0,0,0,0,0,1,0,0,1000,1,0,No_Change
Direct_Combined_25pctPower_BG16,B1_Shortest_Delay,B2_Contact_Aware,Secondary_Ablation,Delivered_Bits,1,1000,66046.975999999995,66046.975999999995,0,0,0,0,0,0,0,0,1,0,0,1000,1,0,No_Change
Direct_Combined_25pctPower_BG16,B1_Shortest_Delay,B2_Contact_Aware,Secondary_Ablation,Mean_Delivered_Latency_s,0,380,483.39086917624502,483.39086917624502,0,0,0,0,0,0,0,0,1,0,0,380,1,0,No_Change
Direct_Combined_25pctPower_BG16,B1_Shortest_Delay,B2_Contact_Aware,Secondary_Ablation,Contact_Failures,0,1000,20.309999999999999,20.309999999999999,0,0,0,0,0,0,0,0,1,0,0,1000,1,0,No_Change
Direct_Combined_25pctPower_BG16,B1_Shortest_Delay,B2_Contact_Aware,Secondary_Ablation,Optical_Failures,0,1000,115.191,115.191,0,0,0,0,0,0,0,0,1,0,0,1000,1,0,No_Change
Direct_Combined_25pctPower_BG16,B1_Shortest_Delay,B3_Physical_Success,Secondary_Ablation,Reliability,1,1000,0.32249499999999992,0.66118499999999969,0.33868999999999977,0,0.40295298113427974,0.31368489804582983,0.36369510195416971,105.02178328346172,0.84051990146993094,26.579573073452902,3.7083590723954238e-118,437,2,561,1.3606724668645693e-127,1,Comparator_Better
Direct_Combined_25pctPower_BG16,B1_Shortest_Delay,B3_Physical_Success,Secondary_Ablation,Delivered_Packets,1,1000,64.498999999999995,132.23699999999999,67.738,0,80.590596226856405,62.736979609165985,72.739020390834014,105.02178328346177,0.84051990146992683,26.579573073452767,3.7083590724028246e-118,437,2,561,1.3606724668645693e-127,1,Comparator_Better
Direct_Combined_25pctPower_BG16,B1_Shortest_Delay,B3_Physical_Success,Secondary_Ablation,Delivered_Bits,1,1000,66046.975999999995,135410.68799999999,69363.712,0,82524.770536300959,64242.667119785969,74484.75688021403,105.02178328346177,0.84051990146992683,26.579573073452767,3.7083590724028246e-118,437,2,561,1.3606724668645693e-127,1,Comparator_Better
Direct_Combined_25pctPower_BG16,B1_Shortest_Delay,B3_Physical_Success,Secondary_Ablation,Mean_Delivered_Latency_s,0,380,483.39086917624502,507.80366497434591,24.412795798101076,0,81.294125828653975,16.229247995865819,32.596343600336333,5.0503220798736548,0.30030208885641557,5.8539654028000596,1.0404516046549029e-08,0,40,340,1.8189894035458565e-12,1,Comparator_Worse
Direct_Combined_25pctPower_BG16,B1_Shortest_Delay,B3_Physical_Success,Secondary_Ablation,Contact_Failures,0,1000,20.309999999999999,31.701000000000001,11.391,9,11.423423900635647,10.682123548715207,12.099876451284793,56.085672082717871,0.99716163026797566,31.533019469735002,4.9618559826222316e-152,0,643,357,5.4795233725210076e-194,1,Comparator_Worse
Direct_Combined_25pctPower_BG16,B1_Shortest_Delay,B3_Physical_Success,Secondary_Ablation,Optical_Failures,0,1000,115.191,0.27400000000000002,-114.917,-168,85.924729677608823,-120.24902811882689,-109.58497188117312,-99.762134194511731,-1.3374147399842946,-42.292767546322366,7.6282718382571564e-225,659,0,341,8.3610891304336664e-199,1,Comparator_Better
Direct_Combined_25pctPower_BG16,B1_Shortest_Delay,B4_Physical_Multiobjective,Primary,Reliability,1,1000,0.32249499999999992,0.8217100000000005,0.49921500000000008,0.70499999999999996,0.40363861672033835,0.47416735117675241,0.52426264882324769,154.79774880230707,1.2367870152173324,39.110639486080998,1.1262520336090352e-203,616,0,384,7.3544917758266727e-186,1,Comparator_Better
Direct_Combined_25pctPower_BG16,B1_Shortest_Delay,B4_Physical_Multiobjective,Primary,Delivered_Packets,1,1000,64.498999999999995,164.34200000000001,99.843000000000004,141,80.727723344067755,94.833470235350461,104.85252976464955,154.79774880230704,1.2367870152173308,39.110639486080949,1.1262520336098043e-203,616,0,384,7.3544917758266727e-186,1,Comparator_Better
Direct_Combined_25pctPower_BG16,B1_Shortest_Delay,B4_Physical_Multiobjective,Primary,Delivered_Bits,1,1000,66046.975999999995,168286.20800000001,102239.232,144384,82665.188704325381,97109.473520998872,107368.99047900114,154.79774880230704,1.2367870152173308,39.110639486080949,1.1262520336098043e-203,616,0,384,7.3544917758266727e-186,1,Comparator_Better
Direct_Combined_25pctPower_BG16,B1_Shortest_Delay,B4_Physical_Multiobjective,Primary,Mean_Delivered_Latency_s,0,380,483.39086917624502,487.43154918450699,4.0406800082619432,0,29.20051165535606,1.1011836972368996,6.9801763192869863,0.8359032546782974,0.13837702763406159,2.6974648607902902,0.0072990448963149183,0,14,366,0.0001220703125,1,Comparator_Worse
Direct_Combined_25pctPower_BG16,B1_Shortest_Delay,B4_Physical_Multiobjective,Primary,Contact_Failures,0,1000,20.309999999999999,31.207000000000001,10.897,8,11.400981246075874,10.189516219551914,11.604483780448087,53.653372722796661,0.95579492368261365,30.224889348638701,4.787107004313238e-143,0,617,383,3.6772458879133364e-186,1,Comparator_Worse
Direct_Combined_25pctPower_BG16,B1_Shortest_Delay,B4_Physical_Multiobjective,Primary,Optical_Failures,0,1000,115.191,1.629,-113.562,-168,87.191263739393875,-118.97262243336506,-108.15137756663493,-98.585827017735753,-1.3024470013351988,-41.186990558755944,1.5544025190133783e-217,633,0,367,5.6110319334615118e-191,1,Comparator_Better
