Condition,Metric,Reference_Policy,Comparator_Policy,Interpretation,Excluded_Worlds,N,Reference_Mean,Comparator_Mean,Mean_Paired_Difference,Median_Paired_Difference,SD_Paired_Difference,CI95_Lower,CI95_Upper,Cohens_Dz,Preferred_Wins,Preferred_Losses,Ties,Exact_Sign_Test_P_Value
PAT120__Direct_Combined_25pctPower_BG16,Reliability,B1_Shortest_Delay,B4_Physical_Multiobjective,Preserved,,1000,0.32249500000000003,0.68701,0.364515,0.0,0.40916470464903315,0.3391244128773466,0.38990558712265333,0.8908759623161238,451,0,549,3.4395525670743494e-136
PAT120__Direct_Combined_25pctPower_BG16,Conditional_Latency_s,B1_Shortest_Delay,B4_Physical_Multiobjective,,620,380,543.3908691762447,549.6420755002962,6.251206324051409,0.0,38.06575718417767,2.411660474791349,10.090752173311468,0.16422125255004177,0,14,366,0.0001220703125
PAT120__Direct_Combined_25pctPower_BG16,Reliability,B3_Physical_Success,B4_Physical_Multiobjective,,,1000,0.5855549999999999,0.68701,0.101455,0.0,0.2785250153202745,0.08417121773096527,0.11873878226903474,0.3642581255523401,133,24,843,1.6913749317532664e-19
PAT120__Direct_Combined_25pctPower_BG16,Conditional_Latency_s,B3_Physical_Success,B4_Physical_Multiobjective,,314,686,904.6632827538201,833.409983008813,-71.25329974500704,0.0,103.61113647161056,-79.0204285052246,-63.48617098478949,-0.6876992394010699,285,0,401,3.217223493417518e-86
PAT120__Direct_Pointing_25pct_Power,Reliability,B1_Shortest_Delay,B4_Physical_Multiobjective,Preserved,,1000,0.42461,0.6965549999999999,0.271945,0.0,0.3875440392489057,0.24789607647211478,0.2959939235278852,0.7017137988421993,336,0,664,1.4287342391028437e-101
PAT120__Direct_Pointing_25pct_Power,Conditional_Latency_s,B1_Shortest_Delay,B4_Physical_Multiobjective,,510,490,626.3061982035777,628.6213871049188,2.3151889013410765,0.0,18.756947946639624,0.6502876934523529,3.9800901092298,0.12343100316359576,0,8,482,0.0078125
PAT120__Direct_Pointing_25pct_Power,Reliability,B3_Physical_Success,B4_Physical_Multiobjective,,,1000,0.595315,0.6965549999999999,0.10124,0.0,0.2782566066405956,0.08397287374720622,0.11850712625279378,0.3638368239384323,134,35,831,7.44856535606066e-15
PAT120__Direct_Pointing_25pct_Power,Conditional_Latency_s,B3_Physical_Success,B4_Physical_Multiobjective,,313,687,856.7434142834023,809.0102111426484,-47.73320314075405,0.0,87.74270919321425,-54.3059616487277,-41.1604446327804,-0.5440133269152075,195,0,492,3.982729777831131e-59
PAT30__Direct_Combined_25pctPower_BG16,Reliability,B1_Shortest_Delay,B4_Physical_Multiobjective,Preserved,,1000,0.32249500000000003,0.824915,0.50242,0.705,0.4028626216117498,0.4774204866591128,0.5274195133408872,1.2471248833906374,620,0,380,4.5965573598916705e-187
PAT30__Direct_Combined_25pctPower_BG16,Conditional_Latency_s,B1_Shortest_Delay,B4_Physical_Multiobjective,,620,380,453.39086917624473,456.32628602661197,2.93541685036721,0.0,25.50618639668684,0.36270637895805,5.50812732177637,0.11508646587592217,0,14,366,0.0001220703125
PAT30__Direct_Combined_25pctPower_BG16,Reliability,B3_Physical_Success,B4_Physical_Multiobjective,,,1000,0.6999249999999999,0.824915,0.12498999999999999,0.0,0.30420073633702466,0.10611291893464818,0.1438670810653518,0.4108800047792235,161,24,815,4.184848753503772e-26
PAT30__Direct_Combined_25pctPower_BG16,Conditional_Latency_s,B3_Physical_Success,B4_Physical_Multiobjective,,173,827,879.1356279840523,797.8241868603599,-81.31144112369242,0.0,97.30235944459208,-87.9527785201511,-74.67010372723374,-0.8356574453879966,405,0,422,2.420369946780824e-122
PAT30__Direct_Pointing_25pct_Power,Reliability,B1_Shortest_Delay,B4_Physical_Multiobjective,Preserved,,1000,0.42461,0.8344600000000001,0.40985000000000005,0.6025,0.4130737311999002,0.38421683946356777,0.4354831605364323,0.9921957487092297,505,0,495,1.909335227187253e-152
PAT30__Direct_Pointing_25pct_Power,Conditional_Latency_s,B1_Shortest_Delay,B4_Physical_Multiobjective,,510,490,536.3061982035777,537.1519993498167,0.8458011462390306,0.0,8.450232727939042,0.09574294296897179,1.5958593495090894,0.10009205349369307,0,8,482,0.0078125
PAT30__Direct_Pointing_25pct_Power,Reliability,B3_Physical_Success,B4_Physical_Multiobjective,,,1000,0.7096849999999999,0.8344600000000001,0.12477500000000001,0.0,0.30397117108016647,0.10591216453449678,0.14363783546550324,0.41048300586075326,162,35,803,9.961378611540593e-21
PAT30__Direct_Pointing_25pct_Power,Conditional_Latency_s,B3_Physical_Success,B4_Physical_Multiobjective,,172,828,850.3851183410485,790.0137309715838,-60.37138736946476,0.0,82.49942644190749,-65.99894456490604,-54.74383017402348,-0.7317794798485742,315,0,513,2.996272867003007e-95
PAT60__Direct_Combined_25pctPower_BG16,Reliability,B1_Shortest_Delay,B4_Physical_Multiobjective,Preserved,,1000,0.32249500000000003,0.82171,0.49921499999999996,0.705,0.40363861672033796,0.4741673325265899,0.5242626674734101,1.2367870152173333,616,0,384,7.354491775826673e-186
PAT60__Direct_Combined_25pctPower_BG16,Conditional_Latency_s,B1_Shortest_Delay,B4_Physical_Multiobjective,,620,380,483.39086917624473,487.4315491845067,4.040680008261943,0.0,29.200511655356074,1.0953372220899507,6.986022794433936,0.13837702763406154,0,14,366,0.0001220703125
PAT60__Direct_Combined_25pctPower_BG16,Reliability,B3_Physical_Success,B4_Physical_Multiobjective,,,1000,0.6611849999999999,0.82171,0.160525,0.0,0.33402121121950407,0.13979741874013127,0.18125258125986873,0.48058325222499126,205,24,771,5.243792078681324e-37
PAT60__Direct_Combined_25pctPower_BG16,Conditional_Latency_s,B3_Physical_Success,B4_Physical_Multiobjective,,221,779,889.8052623764921,812.8453555799078,-76.95990679658433,0.0,98.31809545670494,-83.87485570892838,-70.04495788424029,-0.7827644182801952,361,0,418,4.257959840008151e-109
PAT60__Direct_Pointing_25pct_Power,Reliability,B1_Shortest_Delay,B4_Physical_Multiobjective,Preserved,,1000,0.42461,0.831255,0.406645,0.46499999999999997,0.4131123100995125,0.3810094454620799,0.4322805545379201,0.9843449107145835,501,0,499,3.054936363499605e-151
PAT60__Direct_Pointing_25pct_Power,Conditional_Latency_s,B1_Shortest_Delay,B4_Physical_Multiobjective,,510,490,566.3061982035777,567.6417952681841,1.3355970646063802,0.0,11.658112313064713,0.300801567655548,2.370392561557212,0.11456375000862169,0,8,482,0.0078125
PAT60__Direct_Pointing_25pct_Power,Reliability,B3_Physical_Success,B4_Physical_Multiobjective,,,1000,0.670945,0.831255,0.16031,0.0,0.3338350636912632,0.13959397006647925,0.18102602993352077,0.4802071964143876,206,35,759,1.1524598892964705e-30
PAT60__Direct_Pointing_25pct_Power,Conditional_Latency_s,B3_Physical_Success,B4_Physical_Multiobjective,,220,780,855.3871961985438,800.1503829585921,-55.23681323995179,0.0,82.53653811579329,-61.03807319435614,-49.43555328554745,-0.669240732661433,271,0,509,5.271098971615262e-82
