Relay_Count,Trial,Hop_Count,Distance_Per_Hop_m,Transmit_Power_W,Atmosphere_Efficiency,Receiver_Efficiency,Bottleneck_Rate_bps,Weakest_Received_Power_W,Minimum_Photons_Per_Packet,Propagation_Delay_s,Transmission_Delay_s,Processing_Delay_s,Total_Delay_s,Packet_Delivered
0,1,1,5.86954e+07,11.3075,0.886473,0.810419,3.77911e+13,9.68658e-07,1638.4,0.195782,2.16771e-10,0,0.195782,1
0,2,1,5.86954e+07,9.5531,0.947571,0.813596,3.42619e+13,8.78198e-07,1638.4,0.195782,2.391e-10,0,0.195782,1
0,3,1,5.86954e+07,11.3762,0.872243,0.775426,3.57948e+13,9.1749e-07,1638.4,0.195782,2.2886e-10,0,0.195782,1
0,4,1,5.86954e+07,10.1194,0.938355,0.847219,3.74251e+13,9.59277e-07,1638.4,0.195782,2.18891e-10,0,0.195782,1
0,5,1,5.86954e+07,9.2641,0.917517,0.771749,3.05168e+13,7.82205e-07,1638.4,0.195782,2.68442e-10,0,0.195782,1
0,6,1,5.86954e+07,10.4873,0.933462,0.795006,3.62057e+13,9.28023e-07,1638.4,0.195782,2.26263e-10,0,0.195782,1
0,7,1,5.86954e+07,10.552,0.9099,0.841888,3.76034e+13,9.63848e-07,1638.4,0.195782,2.17853e-10,0,0.195782,1
0,8,1,5.86954e+07,9.40534,0.949906,0.781635,3.24867e+13,8.32697e-07,1638.4,0.195782,2.52165e-10,0,0.195782,1
0,9,1,5.86954e+07,11.9907,0.852151,0.760492,3.61493e+13,9.26577e-07,1638.4,0.195782,2.26616e-10,0,0.195782,1
0,10,1,5.86954e+07,8.62531,0.914461,0.830358,3.04685e+13,7.80967e-07,1638.4,0.195782,2.68868e-10,0,0.195782,1
0,11,1,5.86954e+07,8.89311,0.889712,0.807144,2.97098e+13,7.6152e-07,1638.4,0.195782,2.75734e-10,0,0.195782,1
0,12,1,5.86954e+07,10.0418,0.883193,0.785521,3.24093e+13,8.30713e-07,1638.4,0.195782,2.52767e-10,0,0.195782,1
0,13,1,5.86954e+07,9.63642,0.892792,0.846669,3.38864e+13,8.68575e-07,1638.4,0.195782,2.41749e-10,0,0.195782,1
0,14,1,5.86954e+07,9.48865,0.923351,0.767948,3.13004e+13,8.02289e-07,1638.4,0.195782,2.61722e-10,0,0.195782,1
0,15,1,5.86954e+07,10.8077,0.876936,0.767324,3.38319e+13,8.67176e-07,1638.4,0.195782,2.42139e-10,0,0.195782,1
0,16,1,5.86954e+07,10.553,0.884711,0.765688,3.32564e+13,8.52425e-07,1638.4,0.195782,2.46329e-10,0,0.195782,1
0,17,1,5.86954e+07,9.91107,0.913758,0.779577,3.28441e+13,8.41857e-07,1638.4,0.195782,2.49421e-10,0,0.195782,1
0,18,1,5.86954e+07,11.021,0.89904,0.769989,3.5492e+13,9.09728e-07,1638.4,0.195782,2.30813e-10,0,0.195782,1
0,19,1,5.86954e+07,11.6459,0.935999,0.828771,4.20271e+13,1.07724e-06,1638.4,0.195782,1.94922e-10,0,0.195782,1
0,20,1,5.86954e+07,11.567,0.886886,0.849322,4.05329e+13,1.03894e-06,1638.4,0.195782,2.02108e-10,0,0.195782,1
0,21,1,5.86954e+07,10.2332,0.857131,0.797948,3.25596e+13,8.34564e-07,1638.4,0.195782,2.51601e-10,0,0.195782,1
0,22,1,5.86954e+07,9.10954,0.879703,0.764637,2.85058e+13,7.3066e-07,1638.4,0.195782,2.8738e-10,0,0.195782,1
0,23,1,5.86954e+07,9.55131,0.900654,0.79085,3.16491e+13,8.11227e-07,1638.4,0.195782,2.58838e-10,0,0.195782,1
0,24,1,5.86954e+07,11.8922,0.851738,0.771794,3.63678e+13,9.32177e-07,1638.4,0.195782,2.25254e-10,0,0.195782,1
0,25,1,5.86954e+07,8.64424,0.902168,0.789043,2.8626e+13,7.33741e-07,1638.4,0.195782,2.86173e-10,0,0.195782,1
0,26,1,5.86954e+07,9.90591,0.880472,0.760466,3.08557e+13,7.90892e-07,1638.4,0.195782,2.65493e-10,0,0.195782,1
0,27,1,5.86954e+07,11.6116,0.939351,0.75302,3.82095e+13,9.79383e-07,1638.4,0.195782,2.14397e-10,0,0.195782,1
0,28,1,5.86954e+07,11.808,0.913818,0.764568,3.83795e+13,9.8374e-07,1638.4,0.195782,2.13447e-10,0,0.195782,1
0,29,1,5.86954e+07,8.35719,0.891897,0.822324,2.85144e+13,7.3088e-07,1638.4,0.195782,2.87293e-10,0,0.195782,1
0,30,1,5.86954e+07,10.6646,0.871576,0.818603,3.53973e+13,9.07302e-07,1638.4,0.195782,2.3143e-10,0,0.195782,1
0,31,1,5.86954e+07,10.188,0.94062,0.821711,3.66325e+13,9.38963e-07,1638.4,0.195782,2.23626e-10,0,0.195782,1
0,32,1,5.86954e+07,9.8823,0.919893,0.844754,3.5725e+13,9.157e-07,1638.4,0.195782,2.29307e-10,0,0.195782,1
0,33,1,5.86954e+07,9.93994,0.874064,0.7788,3.14774e+13,8.06828e-07,1638.4,0.195782,2.6025e-10,0,0.195782,1
0,34,1,5.86954e+07,9.00695,0.856819,0.828068,2.97289e+13,7.62009e-07,1638.4,0.195782,2.75557e-10,0,0.195782,1
0,35,1,5.86954e+07,11.1383,0.882855,0.818679,3.74513e+13,9.59949e-07,1638.4,0.195782,2.18738e-10,0,0.195782,1
0,36,1,5.86954e+07,10.706,0.921914,0.815418,3.74406e+13,9.59674e-07,1638.4,0.195782,2.188e-10,0,0.195782,1
0,37,1,5.86954e+07,9.43872,0.937768,0.773076,3.1833e+13,8.1594e-07,1638.4,0.195782,2.57343e-10,0,0.195782,1
0,38,1,5.86954e+07,10.6569,0.939623,0.777587,3.62227e+13,9.28457e-07,1638.4,0.195782,2.26157e-10,0,0.195782,1
0,39,1,5.86954e+07,9.93502,0.949398,0.826297,3.62576e+13,9.29353e-07,1638.4,0.195782,2.25939e-10,0,0.195782,1
0,40,1,5.86954e+07,8.29538,0.893619,0.75743,2.61202e+13,6.69512e-07,1638.4,0.195782,3.13626e-10,0,0.195782,1
0,41,1,5.86954e+07,8.30327,0.861727,0.834008,2.7761e+13,7.11569e-07,1638.4,0.195782,2.9509e-10,0,0.195782,1
0,42,1,5.86954e+07,11.0478,0.862562,0.750012,3.3249e+13,8.52236e-07,1638.4,0.195782,2.46383e-10,0,0.195782,1
0,43,1,5.86954e+07,11.259,0.920298,0.846905,4.08235e+13,1.04638e-06,1638.4,0.195782,2.00669e-10,0,0.195782,1
0,44,1,5.86954e+07,10.5743,0.941542,0.777292,3.60016e+13,9.22789e-07,1638.4,0.195782,2.27546e-10,0,0.195782,1
0,45,1,5.86954e+07,10.5478,0.947056,0.756548,3.51576e+13,9.01158e-07,1638.4,0.195782,2.33008e-10,0,0.195782,1
0,46,1,5.86954e+07,10.4036,0.945749,0.843637,3.86155e+13,9.8979e-07,1638.4,0.195782,2.12143e-10,0,0.195782,1
0,47,1,5.86954e+07,11.9639,0.942159,0.84128,4.41147e+13,1.13074e-06,1638.4,0.195782,1.85698e-10,0,0.195782,1
0,48,1,5.86954e+07,10.7722,0.948093,0.813054,3.86297e+13,9.90155e-07,1638.4,0.195782,2.12065e-10,0,0.195782,1
0,49,1,5.86954e+07,10.5123,0.892703,0.841714,3.67464e+13,9.41881e-07,1638.4,0.195782,2.22933e-10,0,0.195782,1
0,50,1,5.86954e+07,8.43118,0.946754,0.846813,3.14456e+13,8.06011e-07,1638.4,0.195782,2.60514e-10,0,0.195782,1
0,51,1,5.86954e+07,8.16203,0.89754,0.777685,2.65034e+13,6.79334e-07,1638.4,0.195782,3.09092e-10,0,0.195782,1
0,52,1,5.86954e+07,11.3823,0.86268,0.773188,3.53192e+13,9.053e-07,1638.4,0.195782,2.31942e-10,0,0.195782,1
0,53,1,5.86954e+07,11.6326,0.882597,0.833164,3.97938e+13,1.01999e-06,1638.4,0.195782,2.05861e-10,0,0.195782,1
0,54,1,5.86954e+07,11.0868,0.864105,0.806883,3.59607e+13,9.21743e-07,1638.4,0.195782,2.27804e-10,0,0.195782,1
0,55,1,5.86954e+07,9.57589,0.900616,0.764244,3.06618e+13,7.85921e-07,1638.4,0.195782,2.67173e-10,0,0.195782,1
0,56,1,5.86954e+07,10.1339,0.865775,0.833483,3.40194e+13,8.71982e-07,1638.4,0.195782,2.40804e-10,0,0.195782,1
0,57,1,5.86954e+07,9.64292,0.945225,0.826378,3.50404e+13,8.98152e-07,1638.4,0.195782,2.33788e-10,0,0.195782,1
0,58,1,5.86954e+07,11.1086,0.887875,0.829375,3.80548e+13,9.75418e-07,1638.4,0.195782,2.15268e-10,0,0.195782,1
0,59,1,5.86954e+07,9.57508,0.866276,0.763874,2.94759e+13,7.55524e-07,1638.4,0.195782,2.77922e-10,0,0.195782,1
0,60,1,5.86954e+07,11.4431,0.856427,0.776349,3.53946e+13,9.07233e-07,1638.4,0.195782,2.31448e-10,0,0.195782,1
0,61,1,5.86954e+07,10.5213,0.896441,0.838796,3.6804e+13,9.43358e-07,1638.4,0.195782,2.22584e-10,0,0.195782,1
0,62,1,5.86954e+07,10.5729,0.903264,0.767922,3.41172e+13,8.7449e-07,1638.4,0.195782,2.40114e-10,0,0.195782,1
0,63,1,5.86954e+07,10.396,0.919048,0.785575,3.49171e+13,8.94993e-07,1638.4,0.195782,2.34613e-10,0,0.195782,1
0,64,1,5.86954e+07,8.66753,0.903921,0.832929,3.03585e+13,7.78147e-07,1638.4,0.195782,2.69842e-10,0,0.195782,1
0,65,1,5.86954e+07,9.29464,0.855792,0.804602,2.97733e+13,7.63148e-07,1638.4,0.195782,2.75145e-10,0,0.195782,1
0,66,1,5.86954e+07,8.31706,0.905047,0.751934,2.6331e+13,6.74914e-07,1638.4,0.195782,3.11117e-10,0,0.195782,1
0,67,1,5.86954e+07,10.3658,0.885571,0.767889,3.27923e+13,8.4053e-07,1638.4,0.195782,2.49815e-10,0,0.195782,1
0,68,1,5.86954e+07,8.59536,0.941636,0.810101,3.05023e+13,7.81832e-07,1638.4,0.195782,2.6857e-10,0,0.195782,1
0,69,1,5.86954e+07,8.25862,0.941611,0.810345,2.93153e+13,7.51409e-07,1638.4,0.195782,2.79444e-10,0,0.195782,1
0,70,1,5.86954e+07,10.14,0.854007,0.835169,3.3645e+13,8.62385e-07,1638.4,0.195782,2.43484e-10,0,0.195782,1
0,71,1,5.86954e+07,9.39654,0.86741,0.836681,3.17248e+13,8.13168e-07,1638.4,0.195782,2.58221e-10,0,0.195782,1
0,72,1,5.86954e+07,9.277,0.933334,0.769726,3.10047e+13,7.9471e-07,1638.4,0.195782,2.64218e-10,0,0.195782,1
0,73,1,5.86954e+07,9.92693,0.904214,0.802002,3.34894e+13,8.58399e-07,1638.4,0.195782,2.44614e-10,0,0.195782,1
0,74,1,5.86954e+07,8.48056,0.916155,0.798606,2.8865e+13,7.39867e-07,1638.4,0.195782,2.83803e-10,0,0.195782,1
0,75,1,5.86954e+07,11.1462,0.944516,0.765229,3.74777e+13,9.60627e-07,1638.4,0.195782,2.18583e-10,0,0.195782,1
0,76,1,5.86954e+07,10.1154,0.897127,0.819917,3.46141e+13,8.87227e-07,1638.4,0.195782,2.36666e-10,0,0.195782,1
0,77,1,5.86954e+07,11.6189,0.878613,0.81531,3.87196e+13,9.92459e-07,1638.4,0.195782,2.11572e-10,0,0.195782,1
0,78,1,5.86954e+07,9.9159,0.933909,0.764163,3.29207e+13,8.43821e-07,1638.4,0.195782,2.4884e-10,0,0.195782,1
0,79,1,5.86954e+07,9.53797,0.949214,0.805812,3.39391e+13,8.69924e-07,1638.4,0.195782,2.41374e-10,0,0.195782,1
0,80,1,5.86954e+07,11.2273,0.921681,0.760887,3.66286e+13,9.38862e-07,1638.4,0.195782,2.2365e-10,0,0.195782,1
0,81,1,5.86954e+07,10.8772,0.855932,0.805174,3.48733e+13,8.9387e-07,1638.4,0.195782,2.34907e-10,0,0.195782,1
0,82,1,5.86954e+07,10.0884,0.861246,0.83551,3.37712e+13,8.6562e-07,1638.4,0.195782,2.42574e-10,0,0.195782,1
0,83,1,5.86954e+07,8.45123,0.917493,0.829219,2.99115e+13,7.66689e-07,1638.4,0.195782,2.73875e-10,0,0.195782,1
0,84,1,5.86954e+07,10.4333,0.934851,0.804325,3.64958e+13,9.35458e-07,1638.4,0.195782,2.24464e-10,0,0.195782,1
0,85,1,5.86954e+07,10.3637,0.895616,0.834663,3.60408e+13,9.23796e-07,1638.4,0.195782,2.27298e-10,0,0.195782,1
0,86,1,5.86954e+07,10.5026,0.923616,0.83169,3.75315e+13,9.62006e-07,1638.4,0.195782,2.1827e-10,0,0.195782,1
0,87,1,5.86954e+07,11.9443,0.885056,0.840434,4.13316e+13,1.05941e-06,1638.4,0.195782,1.98202e-10,0,0.195782,1
0,88,1,5.86954e+07,9.05602,0.88815,0.792302,2.96456e+13,7.59874e-07,1638.4,0.195782,2.76331e-10,0,0.195782,1
0,89,1,5.86954e+07,10.7033,0.896596,0.801896,3.57998e+13,9.17618e-07,1638.4,0.195782,2.28828e-10,0,0.195782,1
0,90,1,5.86954e+07,9.68178,0.943122,0.773293,3.28483e+13,8.41966e-07,1638.4,0.195782,2.49389e-10,0,0.195782,1
0,91,1,5.86954e+07,9.97067,0.859541,0.814283,3.24648e+13,8.32135e-07,1638.4,0.195782,2.52335e-10,0,0.195782,1
0,92,1,5.86954e+07,9.98753,0.935895,0.791506,3.4418e+13,8.822e-07,1638.4,0.195782,2.38015e-10,0,0.195782,1
0,93,1,5.86954e+07,11.0428,0.858803,0.759011,3.34863e+13,8.5832e-07,1638.4,0.195782,2.44637e-10,0,0.195782,1
0,94,1,5.86954e+07,10.7411,0.896017,0.795134,3.56001e+13,9.12499e-07,1638.4,0.195782,2.30112e-10,0,0.195782,1
0,95,1,5.86954e+07,10.2732,0.878012,0.829792,3.48194e+13,8.92488e-07,1638.4,0.195782,2.35271e-10,0,0.195782,1
0,96,1,5.86954e+07,9.36282,0.864702,0.844058,3.17901e+13,8.14841e-07,1638.4,0.195782,2.5769e-10,0,0.195782,1
0,97,1,5.86954e+07,8.26653,0.920563,0.833259,2.94987e+13,7.56109e-07,1638.4,0.195782,2.77707e-10,0,0.195782,1
0,98,1,5.86954e+07,10.3634,0.880283,0.763115,3.23864e+13,8.30125e-07,1638.4,0.195782,2.52946e-10,0,0.195782,1
0,99,1,5.86954e+07,8.57994,0.891818,0.818285,2.9128e+13,7.46608e-07,1638.4,0.195782,2.81241e-10,0,0.195782,1
0,100,1,5.86954e+07,9.81237,0.901117,0.833922,3.43025e+13,8.7924e-07,1638.4,0.195782,2.38816e-10,0,0.195782,1
1,1,2,2.93477e+07,10.1036,0.918954,0.765052,1.3218e+14,3.38803e-06,1638.4,0.195782,1.23952e-10,0.005,0.200782,1
1,2,2,2.93477e+07,11.5855,0.937917,0.772482,1.56198e+14,4.00366e-06,1638.4,0.195782,1.04892e-10,0.005,0.200782,1
1,3,2,2.93477e+07,10.4923,0.923707,0.788017,1.42117e+14,3.64274e-06,1638.4,0.195782,1.15285e-10,0.005,0.200782,1
1,4,2,2.93477e+07,10.5959,0.919538,0.835512,1.51484e+14,3.88282e-06,1638.4,0.195782,1.08157e-10,0.005,0.200782,1
1,5,2,2.93477e+07,10.4703,0.927573,0.828916,1.49804e+14,3.83976e-06,1638.4,0.195782,1.0937e-10,0.005,0.200782,1
1,6,2,2.93477e+07,8.19112,0.864554,0.77214,1.01751e+14,2.60806e-06,1638.4,0.195782,1.61021e-10,0.005,0.200782,1
1,7,2,2.93477e+07,8.77817,0.888492,0.802836,1.16517e+14,2.98657e-06,1638.4,0.195782,1.40614e-10,0.005,0.200782,1
1,8,2,2.93477e+07,11.4665,0.925639,0.754481,1.49014e+14,3.81952e-06,1638.4,0.195782,1.09949e-10,0.005,0.200782,1
1,9,2,2.93477e+07,9.18169,0.895611,0.771516,1.18057e+14,3.02604e-06,1638.4,0.195782,1.3878e-10,0.005,0.200782,1
1,10,2,2.93477e+07,8.06199,0.882899,0.77027,1.02024e+14,2.61507e-06,1638.4,0.195782,1.6059e-10,0.005,0.200782,1
1,11,2,2.93477e+07,11.0166,0.884514,0.816188,1.47996e+14,3.79341e-06,1638.4,0.195782,1.10706e-10,0.005,0.200782,1
1,12,2,2.93477e+07,9.60719,0.94681,0.776405,1.31418e+14,3.36849e-06,1638.4,0.195782,1.24671e-10,0.005,0.200782,1
1,13,2,2.93477e+07,11.0781,0.916032,0.818016,1.5447e+14,3.95937e-06,1638.4,0.195782,1.06066e-10,0.005,0.200782,1
1,14,2,2.93477e+07,10.0806,0.919315,0.811236,1.39895e+14,3.58579e-06,1638.4,0.195782,1.17116e-10,0.005,0.200782,1
1,15,2,2.93477e+07,8.64509,0.877157,0.829277,1.17018e+14,2.9994e-06,1638.4,0.195782,1.40013e-10,0.005,0.200782,1
1,16,2,2.93477e+07,11.7809,0.943057,0.778008,1.60844e+14,4.12276e-06,1638.4,0.195782,1.01862e-10,0.005,0.200782,1
1,17,2,2.93477e+07,8.23166,0.94921,0.846659,1.23102e+14,3.15534e-06,1638.4,0.195782,1.33093e-10,0.005,0.200782,1
1,18,2,2.93477e+07,11.0141,0.891121,0.795184,1.45231e+14,3.72255e-06,1638.4,0.195782,1.12813e-10,0.005,0.200782,1
1,19,2,2.93477e+07,9.25972,0.902835,0.796222,1.23864e+14,3.17489e-06,1638.4,0.195782,1.32274e-10,0.005,0.200782,1
1,20,2,2.93477e+07,10.4933,0.867851,0.819632,1.38894e+14,3.56011e-06,1638.4,0.195782,1.17961e-10,0.005,0.200782,1
1,21,2,2.93477e+07,10.4132,0.864114,0.776039,1.29941e+14,3.33065e-06,1638.4,0.195782,1.26088e-10,0.005,0.200782,1
1,22,2,2.93477e+07,11.2666,0.928502,0.846751,1.6483e+14,4.22492e-06,1638.4,0.195782,9.93993e-11,0.005,0.200782,1
1,23,2,2.93477e+07,9.61462,0.889848,0.78359,1.24751e+14,3.1976e-06,1638.4,0.195782,1.31334e-10,0.005,0.200782,1
1,24,2,2.93477e+07,8.67865,0.919559,0.788037,1.17027e+14,2.99962e-06,1638.4,0.195782,1.40002e-10,0.005,0.200782,1
1,25,2,2.93477e+07,9.31463,0.863637,0.795389,1.19065e+14,3.05185e-06,1638.4,0.195782,1.37606e-10,0.005,0.200782,1
1,26,2,2.93477e+07,11.1945,0.928855,0.792632,1.53367e+14,3.93108e-06,1638.4,0.195782,1.06829e-10,0.005,0.200782,1
1,27,2,2.93477e+07,9.45292,0.856439,0.82712,1.24606e+14,3.19388e-06,1638.4,0.195782,1.31487e-10,0.005,0.200782,1
1,28,2,2.93477e+07,11.6029,0.869241,0.823483,1.5455e+14,3.96141e-06,1638.4,0.195782,1.06011e-10,0.005,0.200782,1
1,29,2,2.93477e+07,10.5948,0.889422,0.795468,1.39486e+14,3.57529e-06,1638.4,0.195782,1.1746e-10,0.005,0.200782,0
1,30,2,2.93477e+07,10.5615,0.887586,0.788067,1.37469e+14,3.5236e-06,1638.4,0.195782,1.19183e-10,0.005,0.200782,1
1,31,2,2.93477e+07,10.7914,0.870985,0.820417,1.43493e+14,3.678e-06,1638.4,0.195782,1.1418e-10,0.005,0.200782,1
1,32,2,2.93477e+07,11.2433,0.905241,0.802249,1.51941e+14,3.89453e-06,1638.4,0.195782,1.07832e-10,0.005,0.200782,1
1,33,2,2.93477e+07,11.7048,0.946153,0.821845,1.69364e+14,4.34112e-06,1638.4,0.195782,9.67385e-11,0.005,0.200782,1
1,34,2,2.93477e+07,8.17592,0.852715,0.792046,1.02754e+14,2.63378e-06,1638.4,0.195782,1.59449e-10,0.005,0.200782,1
1,35,2,2.93477e+07,9.85287,0.933806,0.805085,1.37837e+14,3.53304e-06,1638.4,0.195782,1.18865e-10,0.005,0.200782,1
1,36,2,2.93477e+07,11.5025,0.875452,0.811187,1.52002e+14,3.89611e-06,1638.4,0.195782,1.07788e-10,0.005,0.200782,1
1,37,2,2.93477e+07,11.7724,0.901011,0.838249,1.65453e+14,4.24089e-06,1638.4,0.195782,9.90249e-11,0.005,0.200782,1
1,38,2,2.93477e+07,10.4135,0.886206,0.786566,1.35075e+14,3.46223e-06,1638.4,0.195782,1.21296e-10,0.005,0.200782,1
1,39,2,2.93477e+07,11.3144,0.940823,0.776431,1.53797e+14,3.94211e-06,1638.4,0.195782,1.0653e-10,0.005,0.200782,1
1,40,2,2.93477e+07,10.0643,0.925258,0.81131,1.40585e+14,3.60346e-06,1638.4,0.195782,1.16542e-10,0.005,0.200782,1
1,41,2,2.93477e+07,8.70789,0.92977,0.752322,1.13344e+14,2.90523e-06,1638.4,0.195782,1.44551e-10,0.005,0.200782,1
1,42,2,2.93477e+07,8.27883,0.863882,0.754408,1.004e+14,2.57346e-06,1638.4,0.195782,1.63187e-10,0.005,0.200782,1
1,43,2,2.93477e+07,10.2068,0.926406,0.835277,1.46969e+14,3.7671e-06,1638.4,0.195782,1.11479e-10,0.005,0.200782,1
1,44,2,2.93477e+07,10.9244,0.947334,0.759502,1.46263e+14,3.74901e-06,1638.4,0.195782,1.12017e-10,0.005,0.200782,1
1,45,2,2.93477e+07,8.274,0.94868,0.79876,1.1667e+14,2.99047e-06,1638.4,0.195782,1.40431e-10,0.005,0.200782,1
1,46,2,2.93477e+07,9.084,0.91892,0.753258,1.17005e+14,2.99907e-06,1638.4,0.195782,1.40028e-10,0.005,0.200782,1
1,47,2,2.93477e+07,11.8668,0.857089,0.758848,1.43622e+14,3.68131e-06,1638.4,0.195782,1.14077e-10,0.005,0.200782,1
1,48,2,2.93477e+07,9.55735,0.908118,0.81115,1.31005e+14,3.35791e-06,1638.4,0.195782,1.25064e-10,0.005,0.200782,1
1,49,2,2.93477e+07,10.9704,0.892377,0.80419,1.46499e+14,3.75505e-06,1638.4,0.195782,1.11837e-10,0.005,0.200782,1
1,50,2,2.93477e+07,10.4647,0.897133,0.771065,1.34704e+14,3.45272e-06,1638.4,0.195782,1.2163e-10,0.005,0.200782,1
1,51,2,2.93477e+07,9.7694,0.919938,0.814864,1.36276e+14,3.49301e-06,1638.4,0.195782,1.20227e-10,0.005,0.200782,1
1,52,2,2.93477e+07,9.21284,0.925474,0.772903,1.22628e+14,3.14319e-06,1638.4,0.195782,1.33608e-10,0.005,0.200782,1
1,53,2,2.93477e+07,11.073,0.933284,0.808867,1.55547e+14,3.98697e-06,1638.4,0.195782,1.05331e-10,0.005,0.200782,1
1,54,2,2.93477e+07,8.77715,0.939794,0.759229,1.16537e+14,2.98708e-06,1638.4,0.195782,1.4059e-10,0.005,0.200782,1
1,55,2,2.93477e+07,9.46156,0.878151,0.847626,1.31052e+14,3.35911e-06,1638.4,0.195782,1.25019e-10,0.005,0.200782,1
1,56,2,2.93477e+07,8.77803,0.880276,0.802031,1.15322e+14,2.95593e-06,1638.4,0.195782,1.42071e-10,0.005,0.200782,1
1,57,2,2.93477e+07,10.8023,0.890872,0.75998,1.36095e+14,3.48837e-06,1638.4,0.195782,1.20387e-10,0.005,0.200782,1
1,58,2,2.93477e+07,11.9586,0.887138,0.834942,1.64829e+14,4.22489e-06,1638.4,0.195782,9.94e-11,0.005,0.200782,1
1,59,2,2.93477e+07,10.0644,0.875298,0.846374,1.38743e+14,3.55626e-06,1638.4,0.195782,1.18089e-10,0.005,0.200782,1
1,60,2,2.93477e+07,8.7763,0.927075,0.78776,1.19269e+14,3.05708e-06,1638.4,0.195782,1.37371e-10,0.005,0.200782,1
1,61,2,2.93477e+07,8.36066,0.921135,0.791562,1.13437e+14,2.90761e-06,1638.4,0.195782,1.44433e-10,0.005,0.200782,1
1,62,2,2.93477e+07,10.3677,0.869183,0.766118,1.28468e+14,3.29288e-06,1638.4,0.195782,1.27534e-10,0.005,0.200782,1
1,63,2,2.93477e+07,8.42855,0.917118,0.824841,1.18646e+14,3.04114e-06,1638.4,0.195782,1.38091e-10,0.005,0.200782,1
1,64,2,2.93477e+07,10.7815,0.925599,0.773653,1.43667e+14,3.68246e-06,1638.4,0.195782,1.14042e-10,0.005,0.200782,1
1,65,2,2.93477e+07,8.1194,0.900267,0.801955,1.09082e+14,2.79597e-06,1638.4,0.195782,1.502e-10,0.005,0.200782,1
1,66,2,2.93477e+07,8.7982,0.856723,0.778515,1.09196e+14,2.79891e-06,1638.4,0.195782,1.50042e-10,0.005,0.200782,1
1,67,2,2.93477e+07,9.92939,0.897128,0.810986,1.3443e+14,3.4457e-06,1638.4,0.195782,1.21877e-10,0.005,0.200782,1
1,68,2,2.93477e+07,11.5672,0.898526,0.793848,1.53533e+14,3.93535e-06,1638.4,0.195782,1.06713e-10,0.005,0.200782,1
1,69,2,2.93477e+07,9.54373,0.926156,0.817373,1.3444e+14,3.44596e-06,1638.4,0.195782,1.21868e-10,0.005,0.200782,1
1,70,2,2.93477e+07,10.343,0.93093,0.763806,1.36852e+14,3.50778e-06,1638.4,0.195782,1.1972e-10,0.005,0.200782,1
1,71,2,2.93477e+07,9.28033,0.941944,0.796105,1.29499e+14,3.3193e-06,1638.4,0.195782,1.26519e-10,0.005,0.200782,1
1,72,2,2.93477e+07,8.93167,0.858031,0.800546,1.14164e+14,2.92624e-06,1638.4,0.195782,1.43513e-10,0.005,0.200782,1
1,73,2,2.93477e+07,11.1424,0.936135,0.761366,1.47781e+14,3.78792e-06,1638.4,0.195782,1.10867e-10,0.005,0.200782,1
1,74,2,2.93477e+07,11.5907,0.938236,0.814055,1.64734e+14,4.22245e-06,1638.4,0.195782,9.94573e-11,0.005,0.200782,1
1,75,2,2.93477e+07,11.1301,0.921287,0.830645,1.58495e+14,4.06254e-06,1638.4,0.195782,1.03372e-10,0.005,0.200782,1
1,76,2,2.93477e+07,10.1899,0.919517,0.79576,1.38745e+14,3.5563e-06,1638.4,0.195782,1.18087e-10,0.005,0.200782,1
1,77,2,2.93477e+07,10.1474,0.881611,0.83495,1.38994e+14,3.56269e-06,1638.4,0.195782,1.17875e-10,0.005,0.200782,1
1,78,2,2.93477e+07,9.55362,0.860463,0.820902,1.25573e+14,3.21869e-06,1638.4,0.195782,1.30474e-10,0.005,0.200782,1
1,79,2,2.93477e+07,8.50796,0.914764,0.761757,1.10321e+14,2.82773e-06,1638.4,0.195782,1.48513e-10,0.005,0.200782,1
1,80,2,2.93477e+07,8.68049,0.865279,0.831171,1.16171e+14,2.97768e-06,1638.4,0.195782,1.41034e-10,0.005,0.200782,1
1,81,2,2.93477e+07,8.17732,0.906762,0.770053,1.06251e+14,2.72341e-06,1638.4,0.195782,1.54202e-10,0.005,0.200782,1
1,82,2,2.93477e+07,11.0314,0.891819,0.766098,1.40249e+14,3.59485e-06,1638.4,0.195782,1.16821e-10,0.005,0.200782,1
1,83,2,2.93477e+07,8.00719,0.858105,0.753199,9.63023e+13,2.46841e-06,1638.4,0.195782,1.70131e-10,0.005,0.200782,1
1,84,2,2.93477e+07,8.96564,0.895046,0.765353,1.14286e+14,2.92938e-06,1638.4,0.195782,1.43359e-10,0.005,0.200782,1
1,85,2,2.93477e+07,8.05022,0.883088,0.825772,1.09239e+14,2.80001e-06,1638.4,0.195782,1.49983e-10,0.005,0.200782,1
1,86,2,2.93477e+07,9.63105,0.919569,0.769333,1.26788e+14,3.24982e-06,1638.4,0.195782,1.29224e-10,0.005,0.200782,1
1,87,2,2.93477e+07,11.8746,0.902113,0.833346,1.66115e+14,4.25786e-06,1638.4,0.195782,9.86303e-11,0.005,0.200782,1
1,88,2,2.93477e+07,10.326,0.930956,0.803648,1.43759e+14,3.68481e-06,1638.4,0.195782,1.13969e-10,0.005,0.200782,1
1,89,2,2.93477e+07,11.715,0.940372,0.779391,1.59773e+14,4.0953e-06,1638.4,0.195782,1.02545e-10,0.005,0.200782,1
1,90,2,2.93477e+07,10.3308,0.854373,0.837322,1.37525e+14,3.52502e-06,1638.4,0.195782,1.19135e-10,0.005,0.200782,1
1,91,2,2.93477e+07,9.72637,0.887006,0.770628,1.23717e+14,3.1711e-06,1638.4,0.195782,1.32432e-10,0.005,0.200782,1
1,92,2,2.93477e+07,11.7051,0.859553,0.833077,1.55969e+14,3.99779e-06,1638.4,0.195782,1.05046e-10,0.005,0.200782,1
1,93,2,2.93477e+07,8.51683,0.949529,0.795958,1.1978e+14,3.07018e-06,1638.4,0.195782,1.36785e-10,0.005,0.200782,1
1,94,2,2.93477e+07,11.0455,0.931606,0.836669,1.60206e+14,4.1064e-06,1638.4,0.195782,1.02268e-10,0.005,0.200782,1
1,95,2,2.93477e+07,10.9272,0.877516,0.802569,1.43203e+14,3.67057e-06,1638.4,0.195782,1.14411e-10,0.005,0.200782,1
1,96,2,2.93477e+07,9.23149,0.874302,0.842247,1.26496e+14,3.24235e-06,1638.4,0.195782,1.29521e-10,0.005,0.200782,0
1,97,2,2.93477e+07,10.8621,0.898787,0.822477,1.49417e+14,3.82985e-06,1638.4,0.195782,1.09653e-10,0.005,0.200782,1
1,98,2,2.93477e+07,8.06811,0.909089,0.848428,1.15798e+14,2.96811e-06,1638.4,0.195782,1.41488e-10,0.005,0.200782,1
1,99,2,2.93477e+07,11.3138,0.854215,0.801216,1.44089e+14,3.69328e-06,1638.4,0.195782,1.13707e-10,0.005,0.200782,1
1,100,2,2.93477e+07,10.7987,0.861698,0.797797,1.38141e+14,3.54082e-06,1638.4,0.195782,1.18603e-10,0.005,0.200782,1
2,1,3,1.95651e+07,11.0091,0.865419,0.822149,3.27956e+14,8.40616e-06,1638.4,0.195782,7.49368e-11,0.01,0.205782,1
2,2,3,1.95651e+07,10.5484,0.949676,0.806403,3.38224e+14,8.66933e-06,1638.4,0.195782,7.2662e-11,0.01,0.205782,1
2,3,3,1.95651e+07,8.07458,0.916791,0.762836,2.36434e+14,6.06026e-06,1638.4,0.195782,1.03944e-10,0.01,0.205782,1
2,4,3,1.95651e+07,9.65685,0.908527,0.770024,2.82857e+14,7.25017e-06,1638.4,0.195782,8.6885e-11,0.01,0.205782,1
2,5,3,1.95651e+07,11.5386,0.881134,0.80543,3.42856e+14,8.78806e-06,1638.4,0.195782,7.16802e-11,0.01,0.205782,1
2,6,3,1.95651e+07,11.104,0.853307,0.842086,3.34063e+14,8.56269e-06,1638.4,0.195782,7.35669e-11,0.01,0.205782,1
2,7,3,1.95651e+07,10.7434,0.872144,0.758371,2.97509e+14,7.62573e-06,1638.4,0.195782,8.26059e-11,0.01,0.205782,1
2,8,3,1.95651e+07,8.27341,0.862368,0.758324,2.26527e+14,5.80633e-06,1638.4,0.195782,1.0849e-10,0.01,0.205782,1
2,9,3,1.95651e+07,8.83371,0.942978,0.801245,2.79446e+14,7.16275e-06,1638.4,0.195782,8.79454e-11,0.01,0.205782,1
2,10,3,1.95651e+07,11.5251,0.935097,0.756483,3.4134e+14,8.74921e-06,1638.4,0.195782,7.19985e-11,0.01,0.205782,1
2,11,3,1.95651e+07,9.23827,0.878738,0.824202,2.80139e+14,7.18049e-06,1638.4,0.195782,8.7728e-11,0.01,0.205782,1
2,12,3,1.95651e+07,11.5547,0.881156,0.799448,3.40792e+14,8.73516e-06,1638.4,0.195782,7.21144e-11,0.01,0.205782,1
2,13,3,1.95651e+07,11.6903,0.893392,0.820201,3.58656e+14,9.19304e-06,1638.4,0.195782,6.85226e-11,0.01,0.205782,1
2,14,3,1.95651e+07,11.395,0.904311,0.755366,3.25896e+14,8.35335e-06,1638.4,0.195782,7.54105e-11,0.01,0.205782,1
2,15,3,1.95651e+07,10.4003,0.860547,0.84373,3.16164e+14,8.10389e-06,1638.4,0.195782,7.77319e-11,0.01,0.205782,1
2,16,3,1.95651e+07,11.9557,0.942408,0.813067,3.83557e+14,9.83131e-06,1638.4,0.195782,6.40739e-11,0.01,0.205782,0
2,17,3,1.95651e+07,10.7859,0.893028,0.768239,3.09817e+14,7.94122e-06,1638.4,0.195782,7.93241e-11,0.01,0.205782,1
2,18,3,1.95651e+07,9.21308,0.864776,0.800789,2.67125e+14,6.84694e-06,1638.4,0.195782,9.20017e-11,0.01,0.205782,1
2,19,3,1.95651e+07,9.76278,0.867252,0.764231,2.70914e+14,6.94406e-06,1638.4,0.195782,9.0715e-11,0.01,0.205782,1
2,20,3,1.95651e+07,9.58713,0.932092,0.802857,3.00382e+14,7.69938e-06,1638.4,0.195782,8.18157e-11,0.01,0.205782,1
2,21,3,1.95651e+07,8.0642,0.924395,0.809476,2.52646e+14,6.4758e-06,1638.4,0.195782,9.72746e-11,0.01,0.205782,1
2,22,3,1.95651e+07,11.7919,0.922498,0.829155,3.77636e+14,9.67955e-06,1638.4,0.195782,6.50785e-11,0.01,0.205782,1
2,23,3,1.95651e+07,11.068,0.889878,0.766133,3.15931e+14,8.09793e-06,1638.4,0.195782,7.77891e-11,0.01,0.205782,1
2,24,3,1.95651e+07,10.1365,0.873652,0.7999,2.96586e+14,7.60207e-06,1638.4,0.195782,8.2863e-11,0.01,0.205782,0
2,25,3,1.95651e+07,9.52173,0.897766,0.803775,2.87675e+14,7.37366e-06,1638.4,0.195782,8.54298e-11,0.01,0.205782,1
2,26,3,1.95651e+07,9.26352,0.926876,0.784639,2.8207e+14,7.22999e-06,1638.4,0.195782,8.71274e-11,0.01,0.205782,1
2,27,3,1.95651e+07,8.40393,0.852324,0.807718,2.42234e+14,6.20894e-06,1638.4,0.195782,1.01455e-10,0.01,0.205782,1
2,28,3,1.95651e+07,11.032,0.853432,0.810787,3.19608e+14,8.19217e-06,1638.4,0.195782,7.68942e-11,0.01,0.205782,1
2,29,3,1.95651e+07,9.16586,0.949201,0.842106,3.06752e+14,7.86264e-06,1638.4,0.195782,8.01169e-11,0.01,0.205782,0
2,30,3,1.95651e+07,11.3926,0.925418,0.785997,3.46953e+14,8.89309e-06,1638.4,0.195782,7.08337e-11,0.01,0.205782,1
2,31,3,1.95651e+07,8.75975,0.89117,0.829747,2.71198e+14,6.95133e-06,1638.4,0.195782,9.06201e-11,0.01,0.205782,0
2,32,3,1.95651e+07,9.79593,0.942408,0.771758,2.98301e+14,7.64603e-06,1638.4,0.195782,8.23866e-11,0.01,0.205782,1
2,33,3,1.95651e+07,9.43204,0.911826,0.817244,2.94278e+14,7.54292e-06,1638.4,0.195782,8.35128e-11,0.01,0.205782,1
2,34,3,1.95651e+07,9.25297,0.924575,0.825577,2.95713e+14,7.57968e-06,1638.4,0.195782,8.31077e-11,0.01,0.205782,1
2,35,3,1.95651e+07,9.16204,0.893623,0.785769,2.69358e+14,6.90416e-06,1638.4,0.195782,9.12392e-11,0.01,0.205782,1
2,36,3,1.95651e+07,8.77063,0.942698,0.811717,2.80994e+14,7.20241e-06,1638.4,0.195782,8.7461e-11,0.01,0.205782,1
2,37,3,1.95651e+07,8.05654,0.887468,0.750851,2.24773e+14,5.76136e-06,1638.4,0.195782,1.09337e-10,0.01,0.205782,1
2,38,3,1.95651e+07,8.43274,0.946948,0.84418,2.8224e+14,7.23435e-06,1638.4,0.195782,8.70749e-11,0.01,0.205782,1
2,39,3,1.95651e+07,8.39651,0.919978,0.819704,2.65107e+14,6.79521e-06,1638.4,0.195782,9.27021e-11,0.01,0.205782,1
2,40,3,1.95651e+07,11.1181,0.917577,0.778942,3.3271e+14,8.528e-06,1638.4,0.195782,7.38661e-11,0.01,0.205782,1
2,41,3,1.95651e+07,8.46258,0.883122,0.797408,2.49513e+14,6.3955e-06,1638.4,0.195782,9.84959e-11,0.01,0.205782,1
2,42,3,1.95651e+07,11.8913,0.862579,0.788402,3.38583e+14,8.67854e-06,1638.4,0.195782,7.25848e-11,0.01,0.205782,1
2,43,3,1.95651e+07,8.47457,0.923923,0.796501,2.61113e+14,6.69283e-06,1638.4,0.195782,9.41202e-11,0.01,0.205782,1
2,44,3,1.95651e+07,11.9067,0.876251,0.793564,3.4665e+14,8.88531e-06,1638.4,0.195782,7.08957e-11,0.01,0.205782,1
2,45,3,1.95651e+07,9.35794,0.923098,0.831166,3.00611e+14,7.70523e-06,1638.4,0.195782,8.17536e-11,0.01,0.205782,1
2,46,3,1.95651e+07,10.5733,0.93454,0.802007,3.31799e+14,8.50466e-06,1638.4,0.195782,7.40689e-11,0.01,0.205782,1
2,47,3,1.95651e+07,9.18583,0.888648,0.754435,2.57845e+14,6.60907e-06,1638.4,0.195782,9.5313e-11,0.01,0.205782,1
2,48,3,1.95651e+07,11.5301,0.911598,0.777836,3.42304e+14,8.77392e-06,1638.4,0.195782,7.17958e-11,0.01,0.205782,1
2,49,3,1.95651e+07,11.9289,0.852543,0.832791,3.54601e+14,9.08911e-06,1638.4,0.195782,6.93061e-11,0.01,0.205782,1
2,50,3,1.95651e+07,11.1123,0.942989,0.822733,3.6096e+14,9.25209e-06,1638.4,0.195782,6.80852e-11,0.01,0.205782,1
2,51,3,1.95651e+07,10.7667,0.905423,0.78442,3.20164e+14,8.20643e-06,1638.4,0.195782,7.67606e-11,0.01,0.205782,1
2,52,3,1.95651e+07,11.4361,0.922253,0.841135,3.71435e+14,9.5206e-06,1638.4,0.195782,6.6165e-11,0.01,0.205782,0
2,53,3,1.95651e+07,11.3341,0.856195,0.756673,3.07437e+14,7.8802e-06,1638.4,0.195782,7.99384e-11,0.01,0.205782,1
2,54,3,1.95651e+07,10.8203,0.852185,0.848086,3.27416e+14,8.39231e-06,1638.4,0.195782,7.50604e-11,0.01,0.205782,1
2,55,3,1.95651e+07,11.8352,0.872309,0.82937,3.58495e+14,9.18892e-06,1638.4,0.195782,6.85533e-11,0.01,0.205782,1
2,56,3,1.95651e+07,9.6409,0.8528,0.801047,2.75747e+14,7.06793e-06,1638.4,0.195782,8.91251e-11,0.01,0.205782,1
2,57,3,1.95651e+07,9.03778,0.91113,0.839767,2.89528e+14,7.42115e-06,1638.4,0.195782,8.48831e-11,0.01,0.205782,1
2,58,3,1.95651e+07,9.53207,0.924604,0.828224,3.05618e+14,7.83359e-06,1638.4,0.195782,8.0414e-11,0.01,0.205782,1
2,59,3,1.95651e+07,11.8236,0.90388,0.7748,3.46688e+14,8.88629e-06,1638.4,0.195782,7.08879e-11,0.01,0.205782,1
2,60,3,1.95651e+07,10.2567,0.901421,0.797412,3.08679e+14,7.91203e-06,1638.4,0.195782,7.96168e-11,0.01,0.205782,1
2,61,3,1.95651e+07,9.27217,0.930662,0.809126,2.92333e+14,7.49306e-06,1638.4,0.195782,8.40685e-11,0.01,0.205782,1
2,62,3,1.95651e+07,10.8748,0.931264,0.763692,3.23819e+14,8.3001e-06,1638.4,0.195782,7.58943e-11,0.01,0.205782,1
2,63,3,1.95651e+07,11.7664,0.867399,0.771296,3.29589e+14,8.44801e-06,1638.4,0.195782,7.45656e-11,0.01,0.205782,1
2,64,3,1.95651e+07,8.77735,0.942947,0.83322,2.88735e+14,7.40083e-06,1638.4,0.195782,8.51162e-11,0.01,0.205782,1
2,65,3,1.95651e+07,9.41018,0.934176,0.837766,3.08346e+14,7.90351e-06,1638.4,0.195782,7.97026e-11,0.01,0.205782,1
2,66,3,1.95651e+07,10.9638,0.867484,0.78117,3.11068e+14,7.97328e-06,1638.4,0.195782,7.90051e-11,0.01,0.205782,1
2,67,3,1.95651e+07,8.96622,0.942695,0.802226,2.839e+14,7.27691e-06,1638.4,0.195782,8.65656e-11,0.01,0.205782,1
2,68,3,1.95651e+07,8.3175,0.903058,0.832959,2.61952e+14,6.71432e-06,1638.4,0.195782,9.38189e-11,0.01,0.205782,1
2,69,3,1.95651e+07,8.94533,0.92472,0.806385,2.79279e+14,7.15845e-06,1638.4,0.195782,8.79982e-11,0.01,0.205782,1
2,70,3,1.95651e+07,10.2009,0.863203,0.753044,2.77626e+14,7.11608e-06,1638.4,0.195782,8.85221e-11,0.01,0.205782,1
2,71,3,1.95651e+07,9.92423,0.919189,0.764122,2.91846e+14,7.48057e-06,1638.4,0.195782,8.42088e-11,0.01,0.205782,1
2,72,3,1.95651e+07,8.94308,0.947594,0.787926,2.79565e+14,7.1658e-06,1638.4,0.195782,8.79079e-11,0.01,0.205782,1
2,73,3,1.95651e+07,10.8577,0.940694,0.778301,3.32829e+14,8.53104e-06,1638.4,0.195782,7.38398e-11,0.01,0.205782,1
2,74,3,1.95651e+07,10.9137,0.910784,0.760031,3.16307e+14,8.10755e-06,1638.4,0.195782,7.76968e-11,0.01,0.205782,1
2,75,3,1.95651e+07,8.15275,0.926084,0.78077,2.46812e+14,6.32626e-06,1638.4,0.195782,9.95738e-11,0.01,0.205782,1
2,76,3,1.95651e+07,11.3902,0.936825,0.847277,3.78534e+14,9.70256e-06,1638.4,0.195782,6.49241e-11,0.01,0.205782,1
2,77,3,1.95651e+07,9.32215,0.944604,0.849171,3.13076e+14,8.02474e-06,1638.4,0.195782,7.84985e-11,0.01,0.205782,1
2,78,3,1.95651e+07,8.22127,0.883899,0.824625,2.50892e+14,6.43084e-06,1638.4,0.195782,9.79546e-11,0.01,0.205782,1
2,79,3,1.95651e+07,10.5269,0.911335,0.827387,3.32336e+14,8.51841e-06,1638.4,0.195782,7.39493e-11,0.01,0.205782,1
2,80,3,1.95651e+07,9.74599,0.940903,0.847737,3.25477e+14,8.34261e-06,1638.4,0.195782,7.55076e-11,0.01,0.205782,1
2,81,3,1.95651e+07,9.80298,0.903299,0.810538,3.00505e+14,7.70253e-06,1638.4,0.195782,8.17823e-11,0.01,0.205782,1
2,82,3,1.95651e+07,9.44132,0.939055,0.792801,2.94291e+14,7.54324e-06,1638.4,0.195782,8.35093e-11,0.01,0.205782,1
2,83,3,1.95651e+07,11.9092,0.872484,0.809745,3.52271e+14,9.02939e-06,1638.4,0.195782,6.97644e-11,0.01,0.205782,1
2,84,3,1.95651e+07,9.96788,0.857079,0.834323,2.98433e+14,7.64941e-06,1638.4,0.195782,8.23502e-11,0.01,0.205782,1
2,85,3,1.95651e+07,8.26426,0.945656,0.826674,2.70496e+14,6.93332e-06,1638.4,0.195782,9.08555e-11,0.01,0.205782,1
2,86,3,1.95651e+07,11.1667,0.873418,0.842561,3.44064e+14,8.81902e-06,1638.4,0.195782,7.14287e-11,0.01,0.205782,1
2,87,3,1.95651e+07,11.9503,0.930507,0.757106,3.52486e+14,9.03491e-06,1638.4,0.195782,6.97219e-11,0.01,0.205782,1
2,88,3,1.95651e+07,9.94216,0.941325,0.820727,3.21594e+14,8.24307e-06,1638.4,0.195782,7.64194e-11,0.01,0.205782,1
2,89,3,1.95651e+07,11.8744,0.917627,0.786146,3.5865e+14,9.1929e-06,1638.4,0.195782,6.85236e-11,0.01,0.205782,1
2,90,3,1.95651e+07,8.24101,0.896423,0.78349,2.42335e+14,6.21151e-06,1638.4,0.195782,1.01413e-10,0.01,0.205782,1
2,91,3,1.95651e+07,11.7169,0.854967,0.756166,3.17151e+14,8.1292e-06,1638.4,0.195782,7.74898e-11,0.01,0.205782,1
2,92,3,1.95651e+07,10.9623,0.897816,0.786279,3.24006e+14,8.3049e-06,1638.4,0.195782,7.58505e-11,0.01,0.205782,1
2,93,3,1.95651e+07,8.95453,0.949502,0.794513,2.82832e+14,7.24953e-06,1638.4,0.195782,8.68926e-11,0.01,0.205782,1
2,94,3,1.95651e+07,8.94096,0.905832,0.816927,2.77015e+14,7.10044e-06,1638.4,0.195782,8.87171e-11,0.01,0.205782,1
2,95,3,1.95651e+07,10.5549,0.902475,0.778709,3.10565e+14,7.96039e-06,1638.4,0.195782,7.91331e-11,0.01,0.205782,1
2,96,3,1.95651e+07,8.34237,0.948644,0.821046,2.7205e+14,6.97316e-06,1638.4,0.195782,9.03364e-11,0.01,0.205782,1
2,97,3,1.95651e+07,10.9041,0.893553,0.833693,3.40097e+14,8.71735e-06,1638.4,0.195782,7.22617e-11,0.01,0.205782,1
2,98,3,1.95651e+07,10.675,0.935369,0.838896,3.50711e+14,8.9894e-06,1638.4,0.195782,7.00748e-11,0.01,0.205782,1
2,99,3,1.95651e+07,11.3356,0.850874,0.79488,3.20996e+14,8.22774e-06,1638.4,0.195782,7.65618e-11,0.01,0.205782,1
2,100,3,1.95651e+07,11.1012,0.919501,0.830788,3.55059e+14,9.10084e-06,1638.4,0.195782,6.92167e-11,0.01,0.205782,1
4,1,5,1.17391e+07,10.5564,0.850161,0.796817,8.31691e+14,2.13178e-05,1638.4,0.195782,4.92491e-11,0.02,0.215782,1
4,2,5,1.17391e+07,8.539,0.945326,0.831184,7.80318e+14,2.00011e-05,1638.4,0.195782,5.24914e-11,0.02,0.215782,1
4,3,5,1.17391e+07,8.06193,0.865356,0.765283,6.2093e+14,1.59156e-05,1638.4,0.195782,6.59656e-11,0.02,0.215782,1
4,4,5,1.17391e+07,8.58809,0.886484,0.810343,7.17502e+14,1.8391e-05,1638.4,0.195782,5.7087e-11,0.02,0.215782,1
4,5,5,1.17391e+07,10.9629,0.897268,0.798495,9.13491e+14,2.34146e-05,1638.4,0.195782,4.4839e-11,0.02,0.215782,1
4,6,5,1.17391e+07,11.5203,0.88494,0.779729,9.24497e+14,2.36966e-05,1638.4,0.195782,4.43052e-11,0.02,0.215782,1
4,7,5,1.17391e+07,9.3839,0.902788,0.763186,7.51945e+14,1.92738e-05,1638.4,0.195782,5.44721e-11,0.02,0.215782,1
4,8,5,1.17391e+07,8.7745,0.880369,0.814303,7.31576e+14,1.87517e-05,1638.4,0.195782,5.59887e-11,0.02,0.215782,1
4,9,5,1.17391e+07,8.87662,0.883867,0.837597,7.64286e+14,1.95901e-05,1638.4,0.195782,5.35925e-11,0.02,0.215782,1
4,10,5,1.17391e+07,9.91984,0.878522,0.827783,8.38996e+14,2.15051e-05,1638.4,0.195782,4.88203e-11,0.02,0.215782,1
4,11,5,1.17391e+07,9.72171,0.87006,0.792236,7.7935e+14,1.99762e-05,1638.4,0.195782,5.25566e-11,0.02,0.215782,1
4,12,5,1.17391e+07,11.6719,0.905378,0.772212,9.4906e+14,2.43263e-05,1638.4,0.195782,4.31585e-11,0.02,0.215782,1
4,13,5,1.17391e+07,9.07739,0.941167,0.849077,8.43648e+14,2.16243e-05,1638.4,0.195782,4.85511e-11,0.02,0.215782,1
4,14,5,1.17391e+07,9.39147,0.874719,0.760306,7.26401e+14,1.86191e-05,1638.4,0.195782,5.63876e-11,0.02,0.215782,1
4,15,5,1.17391e+07,11.5258,0.874738,0.764443,8.96353e+14,2.29753e-05,1638.4,0.195782,4.56963e-11,0.02,0.215782,1
4,16,5,1.17391e+07,8.74354,0.865584,0.828047,7.2885e+14,1.86818e-05,1638.4,0.195782,5.61981e-11,0.02,0.215782,1
4,17,5,1.17391e+07,8.50184,0.897026,0.755637,6.7022e+14,1.7179e-05,1638.4,0.195782,6.11143e-11,0.02,0.215782,1
4,18,5,1.17391e+07,8.67156,0.888897,0.817819,7.33149e+14,1.8792e-05,1638.4,0.195782,5.58686e-11,0.02,0.215782,1
4,19,5,1.17391e+07,8.45918,0.875863,0.781013,6.72991e+14,1.72501e-05,1638.4,0.195782,6.08626e-11,0.02,0.215782,0
4,20,5,1.17391e+07,10.9964,0.855484,0.778307,8.51529e+14,2.18263e-05,1638.4,0.195782,4.81017e-11,0.02,0.215782,0
4,21,5,1.17391e+07,11.4682,0.946812,0.806874,1.01894e+15,2.61174e-05,1638.4,0.195782,4.01986e-11,0.02,0.215782,0
4,22,5,1.17391e+07,8.93962,0.868108,0.775353,6.99807e+14,1.79374e-05,1638.4,0.195782,5.85304e-11,0.02,0.215782,1
4,23,5,1.17391e+07,11.2861,0.88355,0.756001,8.7677e+14,2.24733e-05,1638.4,0.195782,4.67169e-11,0.02,0.215782,1
4,24,5,1.17391e+07,9.62237,0.938197,0.794345,8.34011e+14,2.13773e-05,1638.4,0.195782,4.91121e-11,0.02,0.215782,1
4,25,5,1.17391e+07,9.17262,0.925914,0.784341,7.74738e+14,1.9858e-05,1638.4,0.195782,5.28695e-11,0.02,0.215782,1
4,26,5,1.17391e+07,10.4163,0.880596,0.759979,8.10734e+14,2.07807e-05,1638.4,0.195782,5.05221e-11,0.02,0.215782,1
4,27,5,1.17391e+07,10.0672,0.91534,0.784064,8.40291e+14,2.15383e-05,1638.4,0.195782,4.8745e-11,0.02,0.215782,1
4,28,5,1.17391e+07,8.74625,0.948381,0.811602,7.8295e+14,2.00685e-05,1638.4,0.195782,5.23149e-11,0.02,0.215782,1
4,29,5,1.17391e+07,10.735,0.856207,0.752399,8.04293e+14,2.06156e-05,1638.4,0.195782,5.09267e-11,0.02,0.215782,1
4,30,5,1.17391e+07,8.38472,0.884157,0.759603,6.54925e+14,1.6787e-05,1638.4,0.195782,6.25415e-11,0.02,0.215782,1
4,31,5,1.17391e+07,11.0578,0.945775,0.827516,1.00651e+15,2.57989e-05,1638.4,0.195782,4.06949e-11,0.02,0.215782,1
4,32,5,1.17391e+07,10.808,0.8779,0.779576,8.60274e+14,2.20505e-05,1638.4,0.195782,4.76128e-11,0.02,0.215782,1
4,33,5,1.17391e+07,11.1687,0.908025,0.757587,8.93547e+14,2.29033e-05,1638.4,0.195782,4.58398e-11,0.02,0.215782,1
4,34,5,1.17391e+07,9.4722,0.9179,0.822627,8.31831e+14,2.13214e-05,1638.4,0.195782,4.92407e-11,0.02,0.215782,1
4,35,5,1.17391e+07,11.0639,0.941703,0.789782,9.57011e+14,2.453e-05,1638.4,0.195782,4.27999e-11,0.02,0.215782,1
4,36,5,1.17391e+07,8.85566,0.922408,0.750303,7.12798e+14,1.82704e-05,1638.4,0.195782,5.74637e-11,0.02,0.215782,1
4,37,5,1.17391e+07,8.94011,0.850498,0.826391,7.30781e+14,1.87313e-05,1638.4,0.195782,5.60496e-11,0.02,0.215782,1
4,38,5,1.17391e+07,11.4072,0.86372,0.808719,9.26693e+14,2.37529e-05,1638.4,0.195782,4.42002e-11,0.02,0.215782,0
4,39,5,1.17391e+07,8.61477,0.888408,0.793609,7.06397e+14,1.81063e-05,1638.4,0.195782,5.79844e-11,0.02,0.215782,0
4,40,5,1.17391e+07,9.10572,0.94469,0.834938,8.35303e+14,2.14104e-05,1638.4,0.195782,4.90361e-11,0.02,0.215782,1
4,41,5,1.17391e+07,10.5264,0.866261,0.815595,8.64943e+14,2.21702e-05,1638.4,0.195782,4.73557e-11,0.02,0.215782,1
4,42,5,1.17391e+07,10.7791,0.899176,0.825203,9.30199e+14,2.38428e-05,1638.4,0.195782,4.40336e-11,0.02,0.215782,1
4,43,5,1.17391e+07,9.79469,0.869022,0.833038,8.24655e+14,2.11375e-05,1638.4,0.195782,4.96693e-11,0.02,0.215782,1
4,44,5,1.17391e+07,8.41842,0.873487,0.792077,6.77393e+14,1.73629e-05,1638.4,0.195782,6.04671e-11,0.02,0.215782,1
4,45,5,1.17391e+07,10.7742,0.886463,0.751629,8.34902e+14,2.14002e-05,1638.4,0.195782,4.90596e-11,0.02,0.215782,1
4,46,5,1.17391e+07,10.5709,0.869855,0.761948,8.14836e+14,2.08858e-05,1638.4,0.195782,5.02678e-11,0.02,0.215782,1
4,47,5,1.17391e+07,11.3346,0.929638,0.771571,9.45543e+14,2.42361e-05,1638.4,0.195782,4.3319e-11,0.02,0.215782,1
4,48,5,1.17391e+07,9.06436,0.913155,0.770335,7.41562e+14,1.90077e-05,1638.4,0.195782,5.52347e-11,0.02,0.215782,1
4,49,5,1.17391e+07,8.09334,0.948284,0.808564,7.21716e+14,1.8499e-05,1638.4,0.195782,5.67536e-11,0.02,0.215782,1
4,50,5,1.17391e+07,11.787,0.898723,0.788503,9.71445e+14,2.49e-05,1638.4,0.195782,4.2164e-11,0.02,0.215782,1
4,51,5,1.17391e+07,8.01455,0.8984,0.769568,6.4444e+14,1.65182e-05,1638.4,0.195782,6.35591e-11,0.02,0.215782,1
4,52,5,1.17391e+07,9.96275,0.944312,0.767465,8.3973e+14,2.15239e-05,1638.4,0.195782,4.87776e-11,0.02,0.215782,1
4,53,5,1.17391e+07,9.57733,0.922005,0.791509,8.12868e+14,2.08354e-05,1638.4,0.195782,5.03895e-11,0.02,0.215782,1
4,54,5,1.17391e+07,11.0447,0.859637,0.837336,9.246e+14,2.36993e-05,1638.4,0.195782,4.43002e-11,0.02,0.215782,1
4,55,5,1.17391e+07,10.4773,0.937024,0.788052,8.99793e+14,2.30634e-05,1638.4,0.195782,4.55216e-11,0.02,0.215782,1
4,56,5,1.17391e+07,8.21857,0.91687,0.80919,7.09153e+14,1.8177e-05,1638.4,0.195782,5.7759e-11,0.02,0.215782,1
4,57,5,1.17391e+07,8.26467,0.887179,0.838566,7.15089e+14,1.83291e-05,1638.4,0.195782,5.72796e-11,0.02,0.215782,1
4,58,5,1.17391e+07,10.8384,0.922235,0.828415,9.63033e+14,2.46844e-05,1638.4,0.195782,4.25323e-11,0.02,0.215782,1
4,59,5,1.17391e+07,10.2578,0.871809,0.783741,8.15144e+14,2.08937e-05,1638.4,0.195782,5.02488e-11,0.02,0.215782,1
4,60,5,1.17391e+07,11.578,0.907944,0.805431,9.84706e+14,2.52399e-05,1638.4,0.195782,4.15962e-11,0.02,0.215782,1
4,61,5,1.17391e+07,10.0261,0.919649,0.780164,8.36616e+14,2.14441e-05,1638.4,0.195782,4.89591e-11,0.02,0.215782,1
4,62,5,1.17391e+07,10.4664,0.867765,0.782245,8.26284e+14,2.11793e-05,1638.4,0.195782,4.95713e-11,0.02,0.215782,1
4,63,5,1.17391e+07,8.6889,0.914058,0.787574,7.27472e+14,1.86465e-05,1638.4,0.195782,5.63046e-11,0.02,0.215782,1
4,64,5,1.17391e+07,8.28595,0.856315,0.836303,6.90122e+14,1.76892e-05,1638.4,0.195782,5.93518e-11,0.02,0.215782,1
4,65,5,1.17391e+07,9.76486,0.853201,0.828395,8.02678e+14,2.05742e-05,1638.4,0.195782,5.10292e-11,0.02,0.215782,1
4,66,5,1.17391e+07,8.07004,0.896695,0.830234,6.98726e+14,1.79097e-05,1638.4,0.195782,5.86209e-11,0.02,0.215782,1
4,67,5,1.17391e+07,10.189,0.912755,0.78924,8.53652e+14,2.18807e-05,1638.4,0.195782,4.79821e-11,0.02,0.215782,1
4,68,5,1.17391e+07,11.9801,0.935152,0.767855,1.00048e+15,2.56443e-05,1638.4,0.195782,4.09402e-11,0.02,0.215782,1
4,69,5,1.17391e+07,11.619,0.887745,0.804408,9.64986e+14,2.47345e-05,1638.4,0.195782,4.24462e-11,0.02,0.215782,1
4,70,5,1.17391e+07,11.6694,0.874348,0.838368,9.9484e+14,2.54997e-05,1638.4,0.195782,4.11724e-11,0.02,0.215782,1
4,71,5,1.17391e+07,10.63,0.910133,0.765644,8.61492e+14,2.20817e-05,1638.4,0.195782,4.75454e-11,0.02,0.215782,1
4,72,5,1.17391e+07,9.58961,0.877234,0.759449,7.43022e+14,1.90451e-05,1638.4,0.195782,5.51262e-11,0.02,0.215782,1
4,73,5,1.17391e+07,10.5295,0.905274,0.779803,8.64488e+14,2.21585e-05,1638.4,0.195782,4.73806e-11,0.02,0.215782,1
4,74,5,1.17391e+07,11.0452,0.943356,0.837609,1.01503e+15,2.60172e-05,1638.4,0.195782,4.03535e-11,0.02,0.215782,1
4,75,5,1.17391e+07,9.92407,0.926649,0.761729,8.14689e+14,2.0882e-05,1638.4,0.195782,5.02769e-11,0.02,0.215782,1
4,76,5,1.17391e+07,11.5457,0.898035,0.843377,1.017e+15,2.60677e-05,1638.4,0.195782,4.02754e-11,0.02,0.215782,1
4,77,5,1.17391e+07,9.75489,0.851646,0.846311,8.17707e+14,2.09594e-05,1638.4,0.195782,5.00913e-11,0.02,0.215782,1
4,78,5,1.17391e+07,9.40799,0.887586,0.79157,7.68746e+14,1.97044e-05,1638.4,0.195782,5.32816e-11,0.02,0.215782,1
4,79,5,1.17391e+07,11.5291,0.85514,0.795892,9.12585e+14,2.33913e-05,1638.4,0.195782,4.48835e-11,0.02,0.215782,0
4,80,5,1.17391e+07,11.4554,0.858995,0.777325,8.89586e+14,2.28018e-05,1638.4,0.195782,4.60439e-11,0.02,0.215782,1
4,81,5,1.17391e+07,10.8103,0.863598,0.849541,9.22405e+14,2.3643e-05,1638.4,0.195782,4.44056e-11,0.02,0.215782,1
4,82,5,1.17391e+07,10.9084,0.948897,0.797748,9.60355e+14,2.46158e-05,1638.4,0.195782,4.26509e-11,0.02,0.215782,1
4,83,5,1.17391e+07,11.3561,0.86367,0.792964,9.04518e+14,2.31845e-05,1638.4,0.195782,4.52838e-11,0.02,0.215782,1
4,84,5,1.17391e+07,10.1871,0.88472,0.815133,8.54417e+14,2.19004e-05,1638.4,0.195782,4.79391e-11,0.02,0.215782,1
4,85,5,1.17391e+07,10.1767,0.947431,0.781538,8.76378e+14,2.24633e-05,1638.4,0.195782,4.67378e-11,0.02,0.215782,1
4,86,5,1.17391e+07,9.13342,0.871419,0.828908,7.67278e+14,1.96668e-05,1638.4,0.195782,5.33835e-11,0.02,0.215782,0
4,87,5,1.17391e+07,10.3187,0.913711,0.792464,8.68956e+14,2.2273e-05,1638.4,0.195782,4.7137e-11,0.02,0.215782,1
4,88,5,1.17391e+07,11.8591,0.901653,0.7719,9.59924e+14,2.46047e-05,1638.4,0.195782,4.26701e-11,0.02,0.215782,1
4,89,5,1.17391e+07,11.0992,0.860915,0.815834,9.06654e+14,2.32393e-05,1638.4,0.195782,4.51771e-11,0.02,0.215782,1
4,90,5,1.17391e+07,10.8188,0.866867,0.838873,9.14985e+14,2.34528e-05,1638.4,0.195782,4.47658e-11,0.02,0.215782,1
4,91,5,1.17391e+07,9.4299,0.943747,0.80831,8.36617e+14,2.14441e-05,1638.4,0.195782,4.89591e-11,0.02,0.215782,1
4,92,5,1.17391e+07,9.8944,0.923523,0.771235,8.19615e+14,2.10083e-05,1638.4,0.195782,4.99747e-11,0.02,0.215782,1
4,93,5,1.17391e+07,10.6187,0.867463,0.794599,8.51247e+14,2.18191e-05,1638.4,0.195782,4.81177e-11,0.02,0.215782,1
4,94,5,1.17391e+07,8.83453,0.879319,0.762281,6.88702e+14,1.76528e-05,1638.4,0.195782,5.94742e-11,0.02,0.215782,1
4,95,5,1.17391e+07,11.6624,0.946644,0.831311,1.06739e+15,2.73594e-05,1638.4,0.195782,3.83738e-11,0.02,0.215782,0
4,96,5,1.17391e+07,9.18563,0.874244,0.757316,7.07302e+14,1.81295e-05,1638.4,0.195782,5.79102e-11,0.02,0.215782,1
4,97,5,1.17391e+07,9.84982,0.884934,0.787897,7.98721e+14,2.04728e-05,1638.4,0.195782,5.1282e-11,0.02,0.215782,1
4,98,5,1.17391e+07,10.7334,0.883571,0.760601,8.38926e+14,2.15033e-05,1638.4,0.195782,4.88243e-11,0.02,0.215782,1
4,99,5,1.17391e+07,9.50559,0.858779,0.803432,7.62774e+14,1.95514e-05,1638.4,0.195782,5.36988e-11,0.02,0.215782,1
4,100,5,1.17391e+07,10.1589,0.892606,0.8052,8.4917e+14,2.17659e-05,1638.4,0.195782,4.82353e-11,0.02,0.215782,1
6,1,7,8.38506e+06,8.04114,0.891477,0.815333,1.33231e+15,3.41497e-05,1638.4,0.195782,4.3041e-11,0.03,0.225782,1
6,2,7,8.38506e+06,9.41064,0.943325,0.783631,1.58575e+15,4.06458e-05,1638.4,0.195782,3.61621e-11,0.03,0.225782,1
6,3,7,8.38506e+06,11.3637,0.870946,0.817932,1.84532e+15,4.72991e-05,1638.4,0.195782,3.10754e-11,0.03,0.225782,0
6,4,7,8.38506e+06,10.899,0.913048,0.828507,1.8794e+15,4.81726e-05,1638.4,0.195782,3.05119e-11,0.03,0.225782,1
6,5,7,8.38506e+06,10.9925,0.896893,0.808845,1.8178e+15,4.65936e-05,1638.4,0.195782,3.15459e-11,0.03,0.225782,1
6,6,7,8.38506e+06,11.5566,0.889561,0.830823,1.94696e+15,4.99043e-05,1638.4,0.195782,2.94531e-11,0.03,0.225782,1
6,7,7,8.38506e+06,8.14611,0.914602,0.811537,1.37827e+15,3.53276e-05,1638.4,0.195782,4.16059e-11,0.03,0.225782,0
6,8,7,8.38506e+06,8.58659,0.867315,0.797299,1.35351e+15,3.4693e-05,1638.4,0.195782,4.2367e-11,0.03,0.225782,1
6,9,7,8.38506e+06,8.54284,0.8545,0.845901,1.40759e+15,3.60792e-05,1638.4,0.195782,4.07391e-11,0.03,0.225782,1
6,10,7,8.38506e+06,11.5953,0.93248,0.807165,1.98942e+15,5.09928e-05,1638.4,0.195782,2.88244e-11,0.03,0.225782,1
6,11,7,8.38506e+06,8.32148,0.853103,0.761552,1.23238e+15,3.15882e-05,1638.4,0.195782,4.65312e-11,0.03,0.225782,1
6,12,7,8.38506e+06,11.467,0.852795,0.753936,1.68063e+15,4.30779e-05,1638.4,0.195782,3.41205e-11,0.03,0.225782,0
6,13,7,8.38506e+06,10.0785,0.911508,0.800133,1.67557e+15,4.29481e-05,1638.4,0.195782,3.42236e-11,0.03,0.225782,1
6,14,7,8.38506e+06,8.42391,0.880485,0.841053,1.42201e+15,3.64488e-05,1638.4,0.195782,4.03261e-11,0.03,0.225782,1
6,15,7,8.38506e+06,10.7779,0.890633,0.817294,1.78835e+15,4.58388e-05,1638.4,0.195782,3.20653e-11,0.03,0.225782,1
6,16,7,8.38506e+06,9.02046,0.875158,0.846423,1.52316e+15,3.90415e-05,1638.4,0.195782,3.76481e-11,0.03,0.225782,1
6,17,7,8.38506e+06,10.7675,0.907355,0.79342,1.767e+15,4.52916e-05,1638.4,0.195782,3.24528e-11,0.03,0.225782,1
6,18,7,8.38506e+06,10.9494,0.877512,0.763558,1.67236e+15,4.28658e-05,1638.4,0.195782,3.42893e-11,0.03,0.225782,1
6,19,7,8.38506e+06,8.90722,0.901665,0.79248,1.45084e+15,3.71877e-05,1638.4,0.195782,3.95248e-11,0.03,0.225782,1
6,20,7,8.38506e+06,9.3199,0.917953,0.836034,1.63041e+15,4.17907e-05,1638.4,0.195782,3.51714e-11,0.03,0.225782,1
6,21,7,8.38506e+06,8.56706,0.873526,0.807909,1.3782e+15,3.53259e-05,1638.4,0.195782,4.16079e-11,0.03,0.225782,1
6,22,7,8.38506e+06,9.63993,0.86318,0.778274,1.47622e+15,3.78383e-05,1638.4,0.195782,3.88453e-11,0.03,0.225782,1
6,23,7,8.38506e+06,11.6623,0.897942,0.845159,2.01749e+15,5.17122e-05,1638.4,0.195782,2.84234e-11,0.03,0.225782,1
6,24,7,8.38506e+06,9.45548,0.938053,0.841269,1.70094e+15,4.35983e-05,1638.4,0.195782,3.37132e-11,0.03,0.225782,1
6,25,7,8.38506e+06,8.78301,0.874831,0.785076,1.37506e+15,3.52454e-05,1638.4,0.195782,4.17029e-11,0.03,0.225782,1
6,26,7,8.38506e+06,10.5967,0.890979,0.774514,1.6669e+15,4.27259e-05,1638.4,0.195782,3.44016e-11,0.03,0.225782,1
6,27,7,8.38506e+06,11.3094,0.947475,0.808449,1.9747e+15,5.06155e-05,1638.4,0.195782,2.90393e-11,0.03,0.225782,1
6,28,7,8.38506e+06,9.00691,0.922675,0.842031,1.59512e+15,4.08861e-05,1638.4,0.195782,3.59495e-11,0.03,0.225782,0
6,29,7,8.38506e+06,11.8679,0.907477,0.840342,2.06305e+15,5.28799e-05,1638.4,0.195782,2.77958e-11,0.03,0.225782,1
6,30,7,8.38506e+06,9.76842,0.885644,0.774381,1.52715e+15,3.91437e-05,1638.4,0.195782,3.75498e-11,0.03,0.225782,0
6,31,7,8.38506e+06,11.6456,0.900543,0.773972,1.85027e+15,4.74259e-05,1638.4,0.195782,3.09923e-11,0.03,0.225782,1
6,32,7,8.38506e+06,10.19,0.920448,0.812422,1.73699e+15,4.45225e-05,1638.4,0.195782,3.30134e-11,0.03,0.225782,1
6,33,7,8.38506e+06,10.9616,0.855937,0.763612,1.63317e+15,4.18613e-05,1638.4,0.195782,3.51121e-11,0.03,0.225782,1
6,34,7,8.38506e+06,10.3324,0.898702,0.83778,1.77333e+15,4.54538e-05,1638.4,0.195782,3.2337e-11,0.03,0.225782,1
6,35,7,8.38506e+06,8.36043,0.923116,0.772481,1.35899e+15,3.48334e-05,1638.4,0.195782,4.21962e-11,0.03,0.225782,0
6,36,7,8.38506e+06,8.31037,0.879056,0.791828,1.31859e+15,3.3798e-05,1638.4,0.195782,4.34888e-11,0.03,0.225782,1
6,37,7,8.38506e+06,8.87349,0.912411,0.78984,1.45769e+15,3.73635e-05,1638.4,0.195782,3.93388e-11,0.03,0.225782,1
6,38,7,8.38506e+06,10.2606,0.899921,0.809759,1.70442e+15,4.36876e-05,1638.4,0.195782,3.36443e-11,0.03,0.225782,1
6,39,7,8.38506e+06,11.3168,0.944013,0.818242,1.99263e+15,5.1075e-05,1638.4,0.195782,2.8778e-11,0.03,0.225782,1
6,40,7,8.38506e+06,10.9213,0.941401,0.843099,1.97592e+15,5.06467e-05,1638.4,0.195782,2.90214e-11,0.03,0.225782,1
6,41,7,8.38506e+06,8.78532,0.938758,0.756417,1.42205e+15,3.64498e-05,1638.4,0.195782,4.03249e-11,0.03,0.225782,1
6,42,7,8.38506e+06,9.68604,0.905192,0.751174,1.50131e+15,3.84814e-05,1638.4,0.195782,3.81961e-11,0.03,0.225782,1
6,43,7,8.38506e+06,10.4186,0.907748,0.823444,1.77522e+15,4.55022e-05,1638.4,0.195782,3.23025e-11,0.03,0.225782,1
6,44,7,8.38506e+06,11.6096,0.908663,0.848356,2.04005e+15,5.22905e-05,1638.4,0.195782,2.81091e-11,0.03,0.225782,1
6,45,7,8.38506e+06,11.878,0.883684,0.796395,1.9055e+15,4.88417e-05,1638.4,0.195782,3.00939e-11,0.03,0.225782,1
6,46,7,8.38506e+06,10.8046,0.949597,0.792592,1.8537e+15,4.7514e-05,1638.4,0.195782,3.09348e-11,0.03,0.225782,0
6,47,7,8.38506e+06,10.8756,0.881524,0.813172,1.7771e+15,4.55504e-05,1638.4,0.195782,3.22684e-11,0.03,0.225782,1
6,48,7,8.38506e+06,9.24347,0.927579,0.820754,1.60414e+15,4.11171e-05,1638.4,0.195782,3.57476e-11,0.03,0.225782,1
6,49,7,8.38506e+06,10.032,0.906883,0.778068,1.61361e+15,4.13598e-05,1638.4,0.195782,3.55378e-11,0.03,0.225782,1
6,50,7,8.38506e+06,8.93241,0.913691,0.750321,1.39591e+15,3.57799e-05,1638.4,0.195782,4.108e-11,0.03,0.225782,1
6,51,7,8.38506e+06,11.8541,0.936839,0.816112,2.06598e+15,5.29551e-05,1638.4,0.195782,2.77563e-11,0.03,0.225782,1
6,52,7,8.38506e+06,8.02801,0.916016,0.784197,1.31455e+15,3.36946e-05,1638.4,0.195782,4.36224e-11,0.03,0.225782,1
6,53,7,8.38506e+06,11.257,0.889646,0.821128,1.87454e+15,4.8048e-05,1638.4,0.195782,3.0591e-11,0.03,0.225782,1
6,54,7,8.38506e+06,9.9728,0.874302,0.842553,1.67463e+15,4.29239e-05,1638.4,0.195782,3.42429e-11,0.03,0.225782,1
6,55,7,8.38506e+06,11.4366,0.864888,0.829102,1.86942e+15,4.79168e-05,1638.4,0.195782,3.06748e-11,0.03,0.225782,1
6,56,7,8.38506e+06,8.39658,0.895505,0.772062,1.32332e+15,3.39193e-05,1638.4,0.195782,4.33334e-11,0.03,0.225782,1
6,57,7,8.38506e+06,11.4286,0.864736,0.763595,1.72022e+15,4.40925e-05,1638.4,0.195782,3.33354e-11,0.03,0.225782,1
6,58,7,8.38506e+06,9.21915,0.890089,0.756915,1.41584e+15,3.62907e-05,1638.4,0.195782,4.05018e-11,0.03,0.225782,1
6,59,7,8.38506e+06,8.51322,0.908835,0.797448,1.40645e+15,3.605e-05,1638.4,0.195782,4.07722e-11,0.03,0.225782,1
6,60,7,8.38506e+06,9.15703,0.872805,0.833833,1.51912e+15,3.89381e-05,1638.4,0.195782,3.77481e-11,0.03,0.225782,1
6,61,7,8.38506e+06,9.3818,0.926671,0.842313,1.66927e+15,4.27867e-05,1638.4,0.195782,3.43526e-11,0.03,0.225782,1
6,62,7,8.38506e+06,9.34441,0.860248,0.768969,1.40905e+15,3.61167e-05,1638.4,0.195782,4.06969e-11,0.03,0.225782,1
6,63,7,8.38506e+06,11.2732,0.929634,0.811675,1.93902e+15,4.97009e-05,1638.4,0.195782,2.95737e-11,0.03,0.225782,1
6,64,7,8.38506e+06,8.03776,0.85394,0.8267,1.29346e+15,3.31539e-05,1638.4,0.195782,4.43338e-11,0.03,0.225782,1
6,65,7,8.38506e+06,10.6613,0.855595,0.795733,1.65458e+15,4.24101e-05,1638.4,0.195782,3.46577e-11,0.03,0.225782,1
6,66,7,8.38506e+06,11.7361,0.882817,0.762793,1.80154e+15,4.6177e-05,1638.4,0.195782,3.18305e-11,0.03,0.225782,1
6,67,7,8.38506e+06,10.7381,0.930938,0.799431,1.82168e+15,4.66932e-05,1638.4,0.195782,3.14786e-11,0.03,0.225782,1
6,68,7,8.38506e+06,9.33667,0.875345,0.759862,1.41562e+15,3.62852e-05,1638.4,0.195782,4.0508e-11,0.03,0.225782,1
6,69,7,8.38506e+06,8.54177,0.943427,0.826151,1.5176e+15,3.88991e-05,1638.4,0.195782,3.77859e-11,0.03,0.225782,0
6,70,7,8.38506e+06,11.1755,0.89896,0.759954,1.74036e+15,4.46087e-05,1638.4,0.195782,3.29496e-11,0.03,0.225782,1
6,71,7,8.38506e+06,11.3724,0.932342,0.82001,1.98193e+15,5.08007e-05,1638.4,0.195782,2.89334e-11,0.03,0.225782,1
6,72,7,8.38506e+06,8.14318,0.915857,0.828534,1.40855e+15,3.6104e-05,1638.4,0.195782,4.07112e-11,0.03,0.225782,1
6,73,7,8.38506e+06,9.24613,0.883842,0.75247,1.40173e+15,3.59292e-05,1638.4,0.195782,4.09093e-11,0.03,0.225782,1
6,74,7,8.38506e+06,9.33779,0.913967,0.796322,1.54919e+15,3.97088e-05,1638.4,0.195782,3.70154e-11,0.03,0.225782,1
6,75,7,8.38506e+06,10.228,0.948466,0.824934,1.82421e+15,4.67581e-05,1638.4,0.195782,3.14349e-11,0.03,0.225782,1
6,76,7,8.38506e+06,10.6273,0.92865,0.759795,1.70928e+15,4.38121e-05,1638.4,0.195782,3.35486e-11,0.03,0.225782,1
6,77,7,8.38506e+06,8.68598,0.87307,0.838711,1.44985e+15,3.71624e-05,1638.4,0.195782,3.95518e-11,0.03,0.225782,1
6,78,7,8.38506e+06,10.53,0.911242,0.754233,1.64971e+15,4.22853e-05,1638.4,0.195782,3.476e-11,0.03,0.225782,1
6,79,7,8.38506e+06,8.05306,0.924719,0.845916,1.43595e+15,3.68062e-05,1638.4,0.195782,3.99345e-11,0.03,0.225782,1
6,80,7,8.38506e+06,9.86098,0.890347,0.793445,1.58795e+15,4.07023e-05,1638.4,0.195782,3.61119e-11,0.03,0.225782,1
6,81,7,8.38506e+06,10.7822,0.92059,0.822915,1.86197e+15,4.77258e-05,1638.4,0.195782,3.07976e-11,0.03,0.225782,1
6,82,7,8.38506e+06,10.8707,0.901816,0.845015,1.88834e+15,4.84018e-05,1638.4,0.195782,3.03674e-11,0.03,0.225782,1
6,83,7,8.38506e+06,9.06003,0.86206,0.76828,1.36782e+15,3.50599e-05,1638.4,0.195782,4.19236e-11,0.03,0.225782,0
6,84,7,8.38506e+06,9.11172,0.90149,0.781448,1.4632e+15,3.75046e-05,1638.4,0.195782,3.91908e-11,0.03,0.225782,0
6,85,7,8.38506e+06,8.72465,0.909425,0.775488,1.40259e+15,3.59512e-05,1638.4,0.195782,4.08842e-11,0.03,0.225782,1
6,86,7,8.38506e+06,10.7594,0.862856,0.843538,1.78514e+15,4.57566e-05,1638.4,0.195782,3.2123e-11,0.03,0.225782,1
6,87,7,8.38506e+06,9.44291,0.886413,0.778733,1.48584e+15,3.8085e-05,1638.4,0.195782,3.85936e-11,0.03,0.225782,1
6,88,7,8.38506e+06,9.52398,0.872728,0.839029,1.5897e+15,4.07472e-05,1638.4,0.195782,3.60721e-11,0.03,0.225782,0
6,89,7,8.38506e+06,8.35192,0.882945,0.810535,1.36249e+15,3.49233e-05,1638.4,0.195782,4.20876e-11,0.03,0.225782,1
6,90,7,8.38506e+06,10.3841,0.925697,0.808589,1.77177e+15,4.5414e-05,1638.4,0.195782,3.23653e-11,0.03,0.225782,1
6,91,7,8.38506e+06,11.5467,0.928484,0.817936,1.99891e+15,5.12359e-05,1638.4,0.195782,2.86877e-11,0.03,0.225782,1
6,92,7,8.38506e+06,9.14973,0.933345,0.811295,1.57933e+15,4.04812e-05,1638.4,0.195782,3.63091e-11,0.03,0.225782,0
6,93,7,8.38506e+06,10.8379,0.929802,0.766592,1.76093e+15,4.51361e-05,1638.4,0.195782,3.25646e-11,0.03,0.225782,1
6,94,7,8.38506e+06,9.67669,0.850648,0.758867,1.42392e+15,3.64977e-05,1638.4,0.195782,4.02721e-11,0.03,0.225782,0
6,95,7,8.38506e+06,11.5801,0.930153,0.777773,1.90969e+15,4.8949e-05,1638.4,0.195782,3.0028e-11,0.03,0.225782,1
6,96,7,8.38506e+06,10.204,0.882675,0.799533,1.64153e+15,4.20757e-05,1638.4,0.195782,3.49332e-11,0.03,0.225782,1
6,97,7,8.38506e+06,9.94786,0.87258,0.779116,1.54163e+15,3.95149e-05,1638.4,0.195782,3.71971e-11,0.03,0.225782,1
6,98,7,8.38506e+06,11.2046,0.865181,0.769142,1.69963e+15,4.35648e-05,1638.4,0.195782,3.37391e-11,0.03,0.225782,1
6,99,7,8.38506e+06,10.6076,0.92038,0.788838,1.75556e+15,4.49983e-05,1638.4,0.195782,3.26643e-11,0.03,0.225782,1
6,100,7,8.38506e+06,9.38028,0.912722,0.757365,1.47809e+15,3.78864e-05,1638.4,0.195782,3.8796e-11,0.03,0.225782,1
8,1,9,6.52172e+06,10.8733,0.92902,0.841565,3.20335e+15,8.2108e-05,1638.4,0.195782,2.30159e-11,0.04,0.235782,1
8,2,9,6.52172e+06,11.3536,0.869965,0.781197,2.90754e+15,7.45259e-05,1638.4,0.195782,2.53575e-11,0.04,0.235782,1
8,3,9,6.52172e+06,11.8685,0.88528,0.763922,3.02453e+15,7.75246e-05,1638.4,0.195782,2.43767e-11,0.04,0.235782,1
8,4,9,6.52172e+06,10.0697,0.85193,0.817136,2.64147e+15,6.7706e-05,1638.4,0.195782,2.79117e-11,0.04,0.235782,1
8,5,9,6.52172e+06,9.28037,0.855194,0.764352,2.28589e+15,5.85917e-05,1638.4,0.195782,3.22535e-11,0.04,0.235782,1
8,6,9,6.52172e+06,8.51454,0.912629,0.769959,2.25452e+15,5.77878e-05,1638.4,0.195782,3.27023e-11,0.04,0.235782,1
8,7,9,6.52172e+06,9.43201,0.912044,0.815017,2.64191e+15,6.77172e-05,1638.4,0.195782,2.79071e-11,0.04,0.235782,1
8,8,9,6.52172e+06,8.03714,0.873166,0.842551,2.22805e+15,5.71093e-05,1638.4,0.195782,3.30908e-11,0.04,0.235782,0
8,9,9,6.52172e+06,11.6695,0.897127,0.817407,3.2246e+15,8.26527e-05,1638.4,0.195782,2.28642e-11,0.04,0.235782,1
8,10,9,6.52172e+06,10.3824,0.874328,0.796921,2.72595e+15,6.98714e-05,1638.4,0.195782,2.70467e-11,0.04,0.235782,1
8,11,9,6.52172e+06,9.43229,0.894134,0.79336,2.52128e+15,6.46253e-05,1638.4,0.195782,2.92423e-11,0.04,0.235782,1
8,12,9,6.52172e+06,9.44734,0.927415,0.793182,2.61871e+15,6.71227e-05,1638.4,0.195782,2.81543e-11,0.04,0.235782,1
8,13,9,6.52172e+06,8.79028,0.940505,0.756573,2.35693e+15,6.04126e-05,1638.4,0.195782,3.12814e-11,0.04,0.235782,1
8,14,9,6.52172e+06,10.5229,0.882645,0.752991,2.63537e+15,6.75497e-05,1638.4,0.195782,2.79763e-11,0.04,0.235782,1
8,15,9,6.52172e+06,9.17766,0.894733,0.819866,2.53688e+15,6.50251e-05,1638.4,0.195782,2.90625e-11,0.04,0.235782,0
8,16,9,6.52172e+06,11.971,0.910422,0.76958,3.16053e+15,8.10104e-05,1638.4,0.195782,2.33278e-11,0.04,0.235782,1
8,17,9,6.52172e+06,9.9932,0.930862,0.76718,2.68917e+15,6.89286e-05,1638.4,0.195782,2.74166e-11,0.04,0.235782,1
8,18,9,6.52172e+06,9.57013,0.900105,0.810312,2.63024e+15,6.7418e-05,1638.4,0.195782,2.8031e-11,0.04,0.235782,1
8,19,9,6.52172e+06,8.83704,0.949403,0.820059,2.59259e+15,6.64531e-05,1638.4,0.195782,2.8438e-11,0.04,0.235782,0
8,20,9,6.52172e+06,10.4155,0.888501,0.841152,2.93323e+15,7.51842e-05,1638.4,0.195782,2.51355e-11,0.04,0.235782,1
8,21,9,6.52172e+06,10.0906,0.906535,0.822397,2.83475e+15,7.26602e-05,1638.4,0.195782,2.60086e-11,0.04,0.235782,1
8,22,9,6.52172e+06,8.61883,0.932605,0.828816,2.51036e+15,6.43453e-05,1638.4,0.195782,2.93695e-11,0.04,0.235782,1
8,23,9,6.52172e+06,8.29537,0.948459,0.805075,2.38683e+15,6.11791e-05,1638.4,0.195782,3.08895e-11,0.04,0.235782,1
8,24,9,6.52172e+06,9.38477,0.929477,0.802562,2.63798e+15,6.76166e-05,1638.4,0.195782,2.79486e-11,0.04,0.235782,0
8,25,9,6.52172e+06,11.3425,0.914027,0.838207,3.27455e+15,8.3933e-05,1638.4,0.195782,2.25155e-11,0.04,0.235782,1
8,26,9,6.52172e+06,8.47364,0.938634,0.766918,2.29851e+15,5.89153e-05,1638.4,0.195782,3.20764e-11,0.04,0.235782,1
8,27,9,6.52172e+06,9.11911,0.942137,0.750819,2.43071e+15,6.23038e-05,1638.4,0.195782,3.03319e-11,0.04,0.235782,1
8,28,9,6.52172e+06,11.8807,0.94983,0.769608,3.27257e+15,8.38824e-05,1638.4,0.195782,2.25291e-11,0.04,0.235782,1
8,29,9,6.52172e+06,11.3116,0.901644,0.808587,3.10753e+15,7.9652e-05,1638.4,0.195782,2.37256e-11,0.04,0.235782,1
8,30,9,6.52172e+06,10.5209,0.925351,0.777505,2.85228e+15,7.31095e-05,1638.4,0.195782,2.58488e-11,0.04,0.235782,1
8,31,9,6.52172e+06,10.9175,0.885273,0.839808,3.05853e+15,7.83962e-05,1638.4,0.195782,2.41057e-11,0.04,0.235782,1
8,32,9,6.52172e+06,8.8154,0.888554,0.810653,2.39272e+15,6.13301e-05,1638.4,0.195782,3.08134e-11,0.04,0.235782,1
8,33,9,6.52172e+06,9.1655,0.897933,0.823948,2.55524e+15,6.54957e-05,1638.4,0.195782,2.88537e-11,0.04,0.235782,1
8,34,9,6.52172e+06,11.8163,0.885155,0.750329,2.95721e+15,7.57989e-05,1638.4,0.195782,2.49316e-11,0.04,0.235782,1
8,35,9,6.52172e+06,11.4604,0.856879,0.768861,2.84509e+15,7.29253e-05,1638.4,0.195782,2.59141e-11,0.04,0.235782,1
8,36,9,6.52172e+06,9.30399,0.924003,0.750768,2.43209e+15,6.23392e-05,1638.4,0.195782,3.03147e-11,0.04,0.235782,1
8,37,9,6.52172e+06,9.6451,0.861541,0.802546,2.51295e+15,6.44117e-05,1638.4,0.195782,2.93392e-11,0.04,0.235782,1
8,38,9,6.52172e+06,8.43779,0.892587,0.795965,2.25894e+15,5.7901e-05,1638.4,0.195782,3.26383e-11,0.04,0.235782,1
8,39,9,6.52172e+06,11.3704,0.8983,0.759133,2.92177e+15,7.48907e-05,1638.4,0.195782,2.5234e-11,0.04,0.235782,1
8,40,9,6.52172e+06,8.16477,0.878739,0.76345,2.06403e+15,5.29051e-05,1638.4,0.195782,3.57204e-11,0.04,0.235782,0
8,41,9,6.52172e+06,11.1173,0.912958,0.820449,3.13786e+15,8.04294e-05,1638.4,0.195782,2.34963e-11,0.04,0.235782,1
8,42,9,6.52172e+06,10.7472,0.927001,0.830553,3.11798e+15,7.99198e-05,1638.4,0.195782,2.36461e-11,0.04,0.235782,1
8,43,9,6.52172e+06,11.0305,0.900628,0.820716,3.07231e+15,7.87494e-05,1638.4,0.195782,2.39975e-11,0.04,0.235782,1
8,44,9,6.52172e+06,8.26894,0.893477,0.813936,2.26597e+15,5.80812e-05,1638.4,0.195782,3.2537e-11,0.04,0.235782,0
8,45,9,6.52172e+06,11.3167,0.924608,0.75228,2.96611e+15,7.60271e-05,1638.4,0.195782,2.48568e-11,0.04,0.235782,1
8,46,9,6.52172e+06,11.6565,0.867209,0.825261,3.14352e+15,8.05745e-05,1638.4,0.195782,2.3454e-11,0.04,0.235782,1
8,47,9,6.52172e+06,10.0508,0.863571,0.848005,2.7735e+15,7.10901e-05,1638.4,0.195782,2.65831e-11,0.04,0.235782,1
8,48,9,6.52172e+06,9.529,0.933221,0.778383,2.60829e+15,6.68555e-05,1638.4,0.195782,2.82668e-11,0.04,0.235782,0
8,49,9,6.52172e+06,10.5483,0.915426,0.845408,3.07613e+15,7.88471e-05,1638.4,0.195782,2.39678e-11,0.04,0.235782,1
8,50,9,6.52172e+06,11.1628,0.902298,0.776125,2.9457e+15,7.5504e-05,1638.4,0.195782,2.5029e-11,0.04,0.235782,1
8,51,9,6.52172e+06,8.39422,0.947414,0.821426,2.46161e+15,6.30959e-05,1638.4,0.195782,2.99511e-11,0.04,0.235782,0
8,52,9,6.52172e+06,9.36346,0.852353,0.783913,2.35752e+15,6.04277e-05,1638.4,0.195782,3.12736e-11,0.04,0.235782,1
8,53,9,6.52172e+06,8.68872,0.891474,0.757066,2.20968e+15,5.66384e-05,1638.4,0.195782,3.33659e-11,0.04,0.235782,1
8,54,9,6.52172e+06,10.0726,0.911424,0.813222,2.81321e+15,7.21079e-05,1638.4,0.195782,2.62078e-11,0.04,0.235782,0
8,55,9,6.52172e+06,11.2717,0.886816,0.76993,2.90005e+15,7.4334e-05,1638.4,0.195782,2.5423e-11,0.04,0.235782,1
8,56,9,6.52172e+06,11.8519,0.885506,0.797292,3.15303e+15,8.08182e-05,1638.4,0.195782,2.33832e-11,0.04,0.235782,1
8,57,9,6.52172e+06,8.60732,0.926063,0.819057,2.46011e+15,6.30573e-05,1638.4,0.195782,2.99694e-11,0.04,0.235782,1
8,58,9,6.52172e+06,9.60637,0.863122,0.756432,2.36337e+15,6.05778e-05,1638.4,0.195782,3.11961e-11,0.04,0.235782,1
8,59,9,6.52172e+06,9.81006,0.948981,0.815926,2.86227e+15,7.33656e-05,1638.4,0.195782,2.57585e-11,0.04,0.235782,1
8,60,9,6.52172e+06,9.63189,0.876666,0.847757,2.69742e+15,6.914e-05,1638.4,0.195782,2.73328e-11,0.04,0.235782,1
8,61,9,6.52172e+06,11.355,0.880586,0.817889,3.08165e+15,7.89887e-05,1638.4,0.195782,2.39248e-11,0.04,0.235782,1
8,62,9,6.52172e+06,8.74842,0.909309,0.807495,2.42054e+15,6.20431e-05,1638.4,0.195782,3.04593e-11,0.04,0.235782,1
8,63,9,6.52172e+06,11.9686,0.927997,0.778254,3.25718e+15,8.34879e-05,1638.4,0.195782,2.26355e-11,0.04,0.235782,1
8,64,9,6.52172e+06,9.21061,0.872527,0.837131,2.53508e+15,6.4979e-05,1638.4,0.195782,2.90831e-11,0.04,0.235782,1
8,65,9,6.52172e+06,11.8397,0.858382,0.77643,2.97341e+15,7.62142e-05,1638.4,0.195782,2.47958e-11,0.04,0.235782,1
8,66,9,6.52172e+06,11.3077,0.893045,0.77829,2.96157e+15,7.59107e-05,1638.4,0.195782,2.48949e-11,0.04,0.235782,1
8,67,9,6.52172e+06,10.3975,0.949238,0.760812,2.82953e+15,7.25262e-05,1638.4,0.195782,2.60567e-11,0.04,0.235782,1
8,68,9,6.52172e+06,9.64747,0.896215,0.840009,2.73679e+15,7.01492e-05,1638.4,0.195782,2.69396e-11,0.04,0.235782,1
8,69,9,6.52172e+06,9.3724,0.891717,0.817573,2.57475e+15,6.59959e-05,1638.4,0.195782,2.8635e-11,0.04,0.235782,1
8,70,9,6.52172e+06,8.11556,0.938333,0.828653,2.37782e+15,6.09482e-05,1638.4,0.195782,3.10065e-11,0.04,0.235782,1
8,71,9,6.52172e+06,9.94332,0.938094,0.8105,2.8488e+15,7.30203e-05,1638.4,0.195782,2.58803e-11,0.04,0.235782,1
8,72,9,6.52172e+06,8.25247,0.918848,0.804675,2.29921e+15,5.89333e-05,1638.4,0.195782,3.20666e-11,0.04,0.235782,1
8,73,9,6.52172e+06,10.3066,0.947488,0.751323,2.7647e+15,7.08647e-05,1638.4,0.195782,2.66676e-11,0.04,0.235782,0
8,74,9,6.52172e+06,9.45476,0.933459,0.808099,2.68746e+15,6.88847e-05,1638.4,0.195782,2.74341e-11,0.04,0.235782,1
8,75,9,6.52172e+06,9.9269,0.929915,0.779543,2.71161e+15,6.95039e-05,1638.4,0.195782,2.71897e-11,0.04,0.235782,1
8,76,9,6.52172e+06,8.70388,0.869633,0.81816,2.33356e+15,5.98136e-05,1638.4,0.195782,3.15947e-11,0.04,0.235782,1
8,77,9,6.52172e+06,8.72525,0.862619,0.751934,2.13259e+15,5.46624e-05,1638.4,0.195782,3.45721e-11,0.04,0.235782,1
8,78,9,6.52172e+06,9.40976,0.911745,0.80515,2.60292e+15,6.67177e-05,1638.4,0.195782,2.83252e-11,0.04,0.235782,1
8,79,9,6.52172e+06,11.8878,0.896171,0.837525,3.36218e+15,8.61791e-05,1638.4,0.195782,2.19286e-11,0.04,0.235782,0
8,80,9,6.52172e+06,9.15962,0.855772,0.75237,2.22228e+15,5.69613e-05,1638.4,0.195782,3.31768e-11,0.04,0.235782,1
8,81,9,6.52172e+06,8.5561,0.90923,0.816192,2.39262e+15,6.13274e-05,1638.4,0.195782,3.08148e-11,0.04,0.235782,1
8,82,9,6.52172e+06,11.2756,0.8976,0.835658,3.187e+15,8.1689e-05,1638.4,0.195782,2.3134e-11,0.04,0.235782,1
8,83,9,6.52172e+06,11.2005,0.871746,0.829485,3.05188e+15,7.82255e-05,1638.4,0.195782,2.41583e-11,0.04,0.235782,1
8,84,9,6.52172e+06,9.05897,0.891943,0.764877,2.32884e+15,5.96926e-05,1638.4,0.195782,3.16587e-11,0.04,0.235782,1
8,85,9,6.52172e+06,8.75755,0.883736,0.843994,2.46136e+15,6.30895e-05,1638.4,0.195782,2.99541e-11,0.04,0.235782,1
8,86,9,6.52172e+06,9.1285,0.897516,0.760505,2.34787e+15,6.01805e-05,1638.4,0.195782,3.1402e-11,0.04,0.235782,1
8,87,9,6.52172e+06,8.81677,0.892322,0.844083,2.50235e+15,6.414e-05,1638.4,0.195782,2.94636e-11,0.04,0.235782,1
8,88,9,6.52172e+06,8.65575,0.907203,0.772682,2.28634e+15,5.86034e-05,1638.4,0.195782,3.22471e-11,0.04,0.235782,1
8,89,9,6.52172e+06,8.93733,0.917451,0.773942,2.39128e+15,6.12932e-05,1638.4,0.195782,3.0832e-11,0.04,0.235782,1
8,90,9,6.52172e+06,9.55189,0.898522,0.787163,2.54574e+15,6.52522e-05,1638.4,0.195782,2.89613e-11,0.04,0.235782,1
8,91,9,6.52172e+06,10.8671,0.917239,0.836528,3.14201e+15,8.05359e-05,1638.4,0.195782,2.34652e-11,0.04,0.235782,0
8,92,9,6.52172e+06,8.03141,0.852885,0.787845,2.03355e+15,5.21238e-05,1638.4,0.195782,3.62558e-11,0.04,0.235782,1
8,93,9,6.52172e+06,9.22301,0.888823,0.843673,2.60611e+15,6.67997e-05,1638.4,0.195782,2.82904e-11,0.04,0.235782,1
8,94,9,6.52172e+06,11.0556,0.932561,0.838726,3.25844e+15,8.352e-05,1638.4,0.195782,2.26268e-11,0.04,0.235782,1
8,95,9,6.52172e+06,11.432,0.921516,0.790719,3.13892e+15,8.04566e-05,1638.4,0.195782,2.34883e-11,0.04,0.235782,1
8,96,9,6.52172e+06,10.6876,0.936808,0.769201,2.90204e+15,7.43849e-05,1638.4,0.195782,2.54056e-11,0.04,0.235782,1
8,97,9,6.52172e+06,8.49126,0.915753,0.813205,2.38277e+15,6.10749e-05,1638.4,0.195782,3.09422e-11,0.04,0.235782,1
8,98,9,6.52172e+06,10.0126,0.941221,0.796486,2.82846e+15,7.24988e-05,1638.4,0.195782,2.60665e-11,0.04,0.235782,1
8,99,9,6.52172e+06,10.5827,0.919053,0.773252,2.83394e+15,7.26392e-05,1638.4,0.195782,2.60161e-11,0.04,0.235782,1
8,100,9,6.52172e+06,8.98491,0.94784,0.828863,2.65988e+15,6.8178e-05,1638.4,0.195782,2.77185e-11,0.04,0.235782,1
10,1,11,5.33595e+06,8.27895,0.859238,0.820827,3.28679e+15,8.42467e-05,1638.4,0.195782,2.74164e-11,0.05,0.245782,1
10,2,11,5.33595e+06,11.3402,0.93965,0.760153,4.55953e+15,0.00011687,1638.4,0.195782,1.97634e-11,0.05,0.245782,1
10,3,11,5.33595e+06,11.698,0.851756,0.814275,4.56698e+15,0.00011706,1638.4,0.195782,1.97312e-11,0.05,0.245782,0
10,4,11,5.33595e+06,11.0776,0.900925,0.848509,4.76676e+15,0.000122181,1638.4,0.195782,1.89042e-11,0.05,0.245782,1
10,5,11,5.33595e+06,10.756,0.894814,0.774461,4.19581e+15,0.000107547,1638.4,0.195782,2.14767e-11,0.05,0.245782,1
10,6,11,5.33595e+06,10.7093,0.908474,0.78604,4.30476e+15,0.000110339,1638.4,0.195782,2.09331e-11,0.05,0.245782,1
10,7,11,5.33595e+06,8.04238,0.899487,0.760999,3.09881e+15,7.94285e-05,1638.4,0.195782,2.90795e-11,0.05,0.245782,0
10,8,11,5.33595e+06,11.6545,0.895461,0.78604,4.61762e+15,0.000118358,1638.4,0.195782,1.95148e-11,0.05,0.245782,1
10,9,11,5.33595e+06,11.0659,0.908309,0.791611,4.47883e+15,0.000114801,1638.4,0.195782,2.01196e-11,0.05,0.245782,1
10,10,11,5.33595e+06,10.2469,0.850973,0.787451,3.86512e+15,9.90706e-05,1638.4,0.195782,2.33141e-11,0.05,0.245782,1
10,11,11,5.33595e+06,8.29798,0.913118,0.778042,3.31844e+15,8.5058e-05,1638.4,0.195782,2.71549e-11,0.05,0.245782,1
10,12,11,5.33595e+06,9.87271,0.889,0.756048,3.73525e+15,9.57416e-05,1638.4,0.195782,2.41248e-11,0.05,0.245782,1
10,13,11,5.33595e+06,10.9324,0.880233,0.794814,4.30538e+15,0.000110355,1638.4,0.195782,2.09301e-11,0.05,0.245782,1
10,14,11,5.33595e+06,11.7763,0.867614,0.772252,4.44146e+15,0.000113843,1638.4,0.195782,2.02888e-11,0.05,0.245782,1
10,15,11,5.33595e+06,10.6844,0.918096,0.768869,4.24542e+15,0.000108818,1638.4,0.195782,2.12257e-11,0.05,0.245782,1
10,16,11,5.33595e+06,10.058,0.928886,0.840734,4.42145e+15,0.00011333,1638.4,0.195782,2.03806e-11,0.05,0.245782,1
10,17,11,5.33595e+06,10.3803,0.909099,0.780209,4.14444e+15,0.00010623,1638.4,0.195782,2.17429e-11,0.05,0.245782,1
10,18,11,5.33595e+06,8.44294,0.859433,0.773748,3.16036e+15,8.10062e-05,1638.4,0.195782,2.85132e-11,0.05,0.245782,1
10,19,11,5.33595e+06,9.99012,0.870915,0.757977,3.71222e+15,9.51515e-05,1638.4,0.195782,2.42744e-11,0.05,0.245782,0
10,20,11,5.33595e+06,10.3333,0.876461,0.768476,3.91771e+15,0.000100419,1638.4,0.195782,2.30012e-11,0.05,0.245782,1
10,21,11,5.33595e+06,10.3442,0.936338,0.751159,4.09538e+15,0.000104972,1638.4,0.195782,2.20033e-11,0.05,0.245782,1
10,22,11,5.33595e+06,8.35358,0.929919,0.751442,3.28583e+15,8.42222e-05,1638.4,0.195782,2.74244e-11,0.05,0.245782,0
10,23,11,5.33595e+06,9.0704,0.855343,0.841481,3.67487e+15,9.41941e-05,1638.4,0.195782,2.45211e-11,0.05,0.245782,1
10,24,11,5.33595e+06,10.3802,0.92795,0.792414,4.2965e+15,0.000110128,1638.4,0.195782,2.09733e-11,0.05,0.245782,1
10,25,11,5.33595e+06,11.7565,0.921533,0.770799,4.70068e+15,0.000120487,1638.4,0.195782,1.917e-11,0.05,0.245782,1
10,26,11,5.33595e+06,8.32117,0.895473,0.848452,3.55874e+15,9.12173e-05,1638.4,0.195782,2.53213e-11,0.05,0.245782,0
10,27,11,5.33595e+06,8.20537,0.928158,0.804499,3.44887e+15,8.84013e-05,1638.4,0.195782,2.6128e-11,0.05,0.245782,0
10,28,11,5.33595e+06,8.45152,0.850879,0.766366,3.1022e+15,7.95154e-05,1638.4,0.195782,2.90478e-11,0.05,0.245782,0
10,29,11,5.33595e+06,8.2812,0.851245,0.75431,2.99316e+15,7.67204e-05,1638.4,0.195782,3.0106e-11,0.05,0.245782,1
10,30,11,5.33595e+06,8.83978,0.921828,0.772533,3.54356e+15,9.08283e-05,1638.4,0.195782,2.54298e-11,0.05,0.245782,1
10,31,11,5.33595e+06,11.5861,0.850586,0.841639,4.6689e+15,0.000119673,1638.4,0.195782,1.93005e-11,0.05,0.245782,1
10,32,11,5.33595e+06,11.2739,0.884811,0.750659,4.21502e+15,0.000108039,1638.4,0.195782,2.13788e-11,0.05,0.245782,1
10,33,11,5.33595e+06,11.7039,0.894316,0.782229,4.60878e+15,0.000118132,1638.4,0.195782,1.95522e-11,0.05,0.245782,0
10,34,11,5.33595e+06,9.65077,0.902393,0.827096,4.05457e+15,0.000103927,1638.4,0.195782,2.22248e-11,0.05,0.245782,1
10,35,11,5.33595e+06,8.73934,0.910685,0.818724,3.66788e+15,9.4015e-05,1638.4,0.195782,2.45678e-11,0.05,0.245782,0
10,36,11,5.33595e+06,8.01916,0.880719,0.796604,3.16694e+15,8.11749e-05,1638.4,0.195782,2.84539e-11,0.05,0.245782,1
10,37,11,5.33595e+06,11.8008,0.897493,0.827057,4.93071e+15,0.000126384,1638.4,0.195782,1.82757e-11,0.05,0.245782,0
10,38,11,5.33595e+06,10.6849,0.920212,0.777148,4.30124e+15,0.000110249,1638.4,0.195782,2.09503e-11,0.05,0.245782,1
10,39,11,5.33595e+06,9.19579,0.884878,0.817846,3.74606e+15,9.60189e-05,1638.4,0.195782,2.40551e-11,0.05,0.245782,1
10,40,11,5.33595e+06,11.6869,0.865942,0.810159,4.61521e+15,0.000118297,1638.4,0.195782,1.9525e-11,0.05,0.245782,1
10,41,11,5.33595e+06,10.8564,0.893113,0.831199,4.53658e+15,0.000116281,1638.4,0.195782,1.98634e-11,0.05,0.245782,1
10,42,11,5.33595e+06,10.3124,0.851613,0.835577,4.13065e+15,0.000105877,1638.4,0.195782,2.18155e-11,0.05,0.245782,1
10,43,11,5.33595e+06,8.19696,0.909311,0.765738,3.21275e+15,8.23491e-05,1638.4,0.195782,2.80482e-11,0.05,0.245782,1
10,44,11,5.33595e+06,8.38844,0.935802,0.806229,3.5625e+15,9.13139e-05,1638.4,0.195782,2.52946e-11,0.05,0.245782,1
10,45,11,5.33595e+06,8.39336,0.89762,0.846972,3.59194e+15,9.20683e-05,1638.4,0.195782,2.50873e-11,0.05,0.245782,1
10,46,11,5.33595e+06,8.34402,0.85487,0.842857,3.38424e+15,8.67445e-05,1638.4,0.195782,2.6627e-11,0.05,0.245782,1
10,47,11,5.33595e+06,11.4084,0.930542,0.801866,4.79176e+15,0.000122822,1638.4,0.195782,1.88056e-11,0.05,0.245782,1
10,48,11,5.33595e+06,8.30231,0.878251,0.799946,3.2833e+15,8.41572e-05,1638.4,0.195782,2.74456e-11,0.05,0.245782,0
10,49,11,5.33595e+06,9.22529,0.929208,0.799025,3.85553e+15,9.88248e-05,1638.4,0.195782,2.33721e-11,0.05,0.245782,1
10,50,11,5.33595e+06,8.98289,0.922544,0.827454,3.85992e+15,9.89373e-05,1638.4,0.195782,2.33455e-11,0.05,0.245782,1
10,51,11,5.33595e+06,8.07311,0.851504,0.803191,3.10798e+15,7.96635e-05,1638.4,0.195782,2.89938e-11,0.05,0.245782,1
10,52,11,5.33595e+06,11.8555,0.944876,0.828698,5.22546e+15,0.000133939,1638.4,0.195782,1.72448e-11,0.05,0.245782,1
10,53,11,5.33595e+06,9.7484,0.894702,0.845981,4.1534e+15,0.00010646,1638.4,0.195782,2.16959e-11,0.05,0.245782,1
10,54,11,5.33595e+06,9.96882,0.874859,0.760326,3.73261e+15,9.56741e-05,1638.4,0.195782,2.41418e-11,0.05,0.245782,1
10,55,11,5.33595e+06,11.247,0.902057,0.781403,4.46248e+15,0.000114382,1638.4,0.195782,2.01933e-11,0.05,0.245782,1
10,56,11,5.33595e+06,8.0276,0.888985,0.825568,3.31638e+15,8.50053e-05,1638.4,0.195782,2.71718e-11,0.05,0.245782,1
10,57,11,5.33595e+06,10.4979,0.894567,0.844449,4.46395e+15,0.00011442,1638.4,0.195782,2.01866e-11,0.05,0.245782,1
10,58,11,5.33595e+06,10.4648,0.91713,0.798899,4.31604e+15,0.000110628,1638.4,0.195782,2.08784e-11,0.05,0.245782,0
10,59,11,5.33595e+06,9.71944,0.942323,0.800199,4.12544e+15,0.000105743,1638.4,0.195782,2.1843e-11,0.05,0.245782,1
10,60,11,5.33595e+06,10.2464,0.904511,0.787807,4.10996e+15,0.000105346,1638.4,0.195782,2.19253e-11,0.05,0.245782,1
10,61,11,5.33595e+06,9.06223,0.922108,0.783737,3.68654e+15,9.44931e-05,1638.4,0.195782,2.44435e-11,0.05,0.245782,1
10,62,11,5.33595e+06,9.49834,0.868067,0.788843,3.6612e+15,9.38435e-05,1638.4,0.195782,2.46127e-11,0.05,0.245782,1
10,63,11,5.33595e+06,10.5965,0.908729,0.765716,4.15044e+15,0.000106384,1638.4,0.195782,2.17115e-11,0.05,0.245782,0
10,64,11,5.33595e+06,8.07561,0.924448,0.81051,3.40602e+15,8.7303e-05,1638.4,0.195782,2.64567e-11,0.05,0.245782,0
10,65,11,5.33595e+06,8.7699,0.862552,0.820916,3.49551e+15,8.95966e-05,1638.4,0.195782,2.57794e-11,0.05,0.245782,1
10,66,11,5.33595e+06,10.8834,0.897352,0.760942,4.18322e+15,0.000107224,1638.4,0.195782,2.15413e-11,0.05,0.245782,1
10,67,11,5.33595e+06,8.55343,0.909691,0.818789,3.58623e+15,9.19219e-05,1638.4,0.195782,2.51273e-11,0.05,0.245782,1
10,68,11,5.33595e+06,11.1556,0.883214,0.821145,4.55418e+15,0.000116733,1638.4,0.195782,1.97866e-11,0.05,0.245782,0
10,69,11,5.33595e+06,11.2601,0.866628,0.77024,4.23088e+15,0.000108446,1638.4,0.195782,2.12986e-11,0.05,0.245782,0
10,70,11,5.33595e+06,8.57298,0.895963,0.759664,3.28454e+15,8.41892e-05,1638.4,0.195782,2.74352e-11,0.05,0.245782,0
10,71,11,5.33595e+06,10.2783,0.853894,0.820631,4.05419e+15,0.000103917,1638.4,0.195782,2.22269e-11,0.05,0.245782,1
10,72,11,5.33595e+06,11.2264,0.915841,0.799147,4.62508e+15,0.00011855,1638.4,0.195782,1.94833e-11,0.05,0.245782,0
10,73,11,5.33595e+06,11.4825,0.87454,0.814741,4.60538e+15,0.000118045,1638.4,0.195782,1.95667e-11,0.05,0.245782,0
10,74,11,5.33595e+06,8.23177,0.907531,0.774366,3.25636e+15,8.34668e-05,1638.4,0.195782,2.76726e-11,0.05,0.245782,0
10,75,11,5.33595e+06,11.3622,0.921334,0.768935,4.53107e+15,0.00011614,1638.4,0.195782,1.98876e-11,0.05,0.245782,1
10,76,11,5.33595e+06,10.0682,0.91361,0.809402,4.1909e+15,0.000107421,1638.4,0.195782,2.15018e-11,0.05,0.245782,1
10,77,11,5.33595e+06,8.14804,0.946798,0.803024,3.48715e+15,8.93825e-05,1638.4,0.195782,2.58411e-11,0.05,0.245782,1
10,78,11,5.33595e+06,9.29328,0.85914,0.753786,3.38776e+15,8.68348e-05,1638.4,0.195782,2.65993e-11,0.05,0.245782,0
10,79,11,5.33595e+06,11.1911,0.910836,0.835516,4.79401e+15,0.00012288,1638.4,0.195782,1.87968e-11,0.05,0.245782,1
10,80,11,5.33595e+06,10.2753,0.93186,0.835378,4.50257e+15,0.00011541,1638.4,0.195782,2.00134e-11,0.05,0.245782,1
10,81,11,5.33595e+06,11.8311,0.873301,0.798059,4.64147e+15,0.00011897,1638.4,0.195782,1.94145e-11,0.05,0.245782,1
10,82,11,5.33595e+06,11.0306,0.899022,0.794003,4.43225e+15,0.000113607,1638.4,0.195782,2.0331e-11,0.05,0.245782,1
10,83,11,5.33595e+06,9.47669,0.886897,0.792007,3.74706e+15,9.60443e-05,1638.4,0.195782,2.40487e-11,0.05,0.245782,0
10,84,11,5.33595e+06,11.2318,0.948812,0.832301,4.99277e+15,0.000127974,1638.4,0.195782,1.80485e-11,0.05,0.245782,0
10,85,11,5.33595e+06,8.57336,0.889156,0.836467,3.5893e+15,9.20007e-05,1638.4,0.195782,2.51057e-11,0.05,0.245782,1
10,86,11,5.33595e+06,11.8534,0.935166,0.814151,5.08005e+15,0.000130211,1638.4,0.195782,1.77384e-11,0.05,0.245782,1
10,87,11,5.33595e+06,9.35854,0.919232,0.800787,3.87777e+15,9.93947e-05,1638.4,0.195782,2.32381e-11,0.05,0.245782,1
10,88,11,5.33595e+06,10.3485,0.856888,0.815556,4.07086e+15,0.000104344,1638.4,0.195782,2.21359e-11,0.05,0.245782,1
10,89,11,5.33595e+06,9.87888,0.852426,0.837101,3.96802e+15,0.000101708,1638.4,0.195782,2.27096e-11,0.05,0.245782,1
10,90,11,5.33595e+06,11.1399,0.940233,0.831196,4.90061e+15,0.000125612,1638.4,0.195782,1.83879e-11,0.05,0.245782,1
10,91,11,5.33595e+06,11.6422,0.945317,0.837809,5.19024e+15,0.000133036,1638.4,0.195782,1.73618e-11,0.05,0.245782,1
10,92,11,5.33595e+06,9.14844,0.933713,0.769451,3.69975e+15,9.48319e-05,1638.4,0.195782,2.43562e-11,0.05,0.245782,1
10,93,11,5.33595e+06,8.63587,0.935002,0.775736,3.52585e+15,9.03744e-05,1638.4,0.195782,2.55575e-11,0.05,0.245782,1
10,94,11,5.33595e+06,8.49501,0.943735,0.833434,3.76111e+15,9.64046e-05,1638.4,0.195782,2.39589e-11,0.05,0.245782,1
10,95,11,5.33595e+06,10.9428,0.879815,0.843323,4.57032e+15,0.000117146,1638.4,0.195782,1.97168e-11,0.05,0.245782,1
10,96,11,5.33595e+06,11.631,0.904027,0.793358,4.69567e+15,0.000120359,1638.4,0.195782,1.91904e-11,0.05,0.245782,1
10,97,11,5.33595e+06,10.8528,0.913063,0.781982,4.36187e+15,0.000111803,1638.4,0.195782,2.0659e-11,0.05,0.245782,1
10,98,11,5.33595e+06,9.82206,0.878774,0.807995,3.92573e+15,0.000100624,1638.4,0.195782,2.29542e-11,0.05,0.245782,0
10,99,11,5.33595e+06,10.1762,0.941502,0.77506,4.17997e+15,0.000107141,1638.4,0.195782,2.1558e-11,0.05,0.245782,1
10,100,11,5.33595e+06,11.1434,0.905757,0.815634,4.634e+15,0.000118778,1638.4,0.195782,1.94459e-11,0.05,0.245782,1
15,1,16,3.66847e+06,9.19406,0.935903,0.778227,7.975e+15,0.000204415,1638.4,0.195782,1.64354e-11,0.075,0.270782,1
15,2,16,3.66847e+06,8.89098,0.880795,0.805354,7.51099e+15,0.000192521,1638.4,0.195782,1.74507e-11,0.075,0.270782,1
15,3,16,3.66847e+06,11.3918,0.919143,0.832341,1.03792e+16,0.000266038,1638.4,0.195782,1.26284e-11,0.075,0.270782,1
15,4,16,3.66847e+06,10.9578,0.874923,0.849791,9.70267e+15,0.000248698,1638.4,0.195782,1.35089e-11,0.075,0.270782,1
15,5,16,3.66847e+06,9.94101,0.943676,0.775494,8.66399e+15,0.000222075,1638.4,0.195782,1.51284e-11,0.075,0.270782,0
15,6,16,3.66847e+06,10.344,0.906767,0.759562,8.48462e+15,0.000217477,1638.4,0.195782,1.54482e-11,0.075,0.270782,1
15,7,16,3.66847e+06,9.51812,0.85754,0.758619,7.37421e+15,0.000189015,1638.4,0.195782,1.77744e-11,0.075,0.270782,1
15,8,16,3.66847e+06,8.90812,0.911708,0.814825,7.88121e+15,0.000202011,1638.4,0.195782,1.6631e-11,0.075,0.270782,1
15,9,16,3.66847e+06,10.6331,0.948603,0.830097,9.97143e+15,0.000255587,1638.4,0.195782,1.31448e-11,0.075,0.270782,1
15,10,16,3.66847e+06,10.5076,0.850654,0.83056,8.84128e+15,0.000226619,1638.4,0.195782,1.4825e-11,0.075,0.270782,0
15,11,16,3.66847e+06,9.73367,0.851471,0.814356,8.03797e+15,0.000206029,1638.4,0.195782,1.63066e-11,0.075,0.270782,1
15,12,16,3.66847e+06,9.32089,0.909502,0.80195,8.09644e+15,0.000207528,1638.4,0.195782,1.61888e-11,0.075,0.270782,1
15,13,16,3.66847e+06,10.1411,0.948062,0.763698,8.74444e+15,0.000224137,1638.4,0.195782,1.49892e-11,0.075,0.270782,1
15,14,16,3.66847e+06,9.64801,0.887153,0.788321,8.03574e+15,0.000205972,1638.4,0.195782,1.63111e-11,0.075,0.270782,1
15,15,16,3.66847e+06,9.53677,0.93071,0.785424,8.30245e+15,0.000212808,1638.4,0.195782,1.57872e-11,0.075,0.270782,1
15,16,16,3.66847e+06,11.8347,0.850961,0.83314,9.99246e+15,0.000256126,1638.4,0.195782,1.31171e-11,0.075,0.270782,1
15,17,16,3.66847e+06,11.4638,0.904703,0.794173,9.80925e+15,0.00025143,1638.4,0.195782,1.33621e-11,0.075,0.270782,1
15,18,16,3.66847e+06,9.38367,0.905108,0.824976,8.34451e+15,0.000213886,1638.4,0.195782,1.57076e-11,0.075,0.270782,1
15,19,16,3.66847e+06,8.38718,0.869011,0.760953,6.60519e+15,0.000169304,1638.4,0.195782,1.98438e-11,0.075,0.270782,1
15,20,16,3.66847e+06,8.21809,0.870243,0.813076,6.92515e+15,0.000177505,1638.4,0.195782,1.8927e-11,0.075,0.270782,1
15,21,16,3.66847e+06,10.5766,0.946767,0.789077,9.41008e+15,0.000241199,1638.4,0.195782,1.39289e-11,0.075,0.270782,0
15,22,16,3.66847e+06,10.1002,0.895849,0.772516,8.32447e+15,0.000213372,1638.4,0.195782,1.57454e-11,0.075,0.270782,1
15,23,16,3.66847e+06,11.8655,0.8797,0.802366,9.97418e+15,0.000255658,1638.4,0.195782,1.31411e-11,0.075,0.270782,0
15,24,16,3.66847e+06,10.9424,0.872988,0.77835,8.85489e+15,0.000226968,1638.4,0.195782,1.48022e-11,0.075,0.270782,1
15,25,16,3.66847e+06,10.922,0.943676,0.805852,9.89158e+15,0.00025354,1638.4,0.195782,1.32509e-11,0.075,0.270782,1
15,26,16,3.66847e+06,8.92567,0.865082,0.802552,7.38002e+15,0.000189164,1638.4,0.195782,1.77604e-11,0.075,0.270782,1
15,27,16,3.66847e+06,10.6604,0.871517,0.826993,9.15036e+15,0.000234541,1638.4,0.195782,1.43243e-11,0.075,0.270782,0
15,28,16,3.66847e+06,9.95728,0.924577,0.836088,9.16689e+15,0.000234965,1638.4,0.195782,1.42984e-11,0.075,0.270782,1
15,29,16,3.66847e+06,8.74372,0.909618,0.774631,7.3373e+15,0.000188069,1638.4,0.195782,1.78638e-11,0.075,0.270782,1
15,30,16,3.66847e+06,8.68609,0.857234,0.789975,7.00524e+15,0.000179558,1638.4,0.195782,1.87106e-11,0.075,0.270782,0
15,31,16,3.66847e+06,11.2913,0.88624,0.760893,9.06788e+15,0.000232427,1638.4,0.195782,1.44545e-11,0.075,0.270782,1
15,32,16,3.66847e+06,11.4941,0.864208,0.823163,9.73791e+15,0.000249601,1638.4,0.195782,1.346e-11,0.075,0.270782,1
15,33,16,3.66847e+06,9.8523,0.903002,0.847903,8.98377e+15,0.000230271,1638.4,0.195782,1.45899e-11,0.075,0.270782,1
15,34,16,3.66847e+06,8.06393,0.945718,0.844973,7.67428e+15,0.000196707,1638.4,0.195782,1.70794e-11,0.075,0.270782,1
15,35,16,3.66847e+06,9.22759,0.935594,0.783698,8.05769e+15,0.000206534,1638.4,0.195782,1.62667e-11,0.075,0.270782,1
15,36,16,3.66847e+06,11.1603,0.884716,0.840317,9.88122e+15,0.000253275,1638.4,0.195782,1.32648e-11,0.075,0.270782,1
15,37,16,3.66847e+06,9.90421,0.866839,0.796953,8.14849e+15,0.000208862,1638.4,0.195782,1.60854e-11,0.075,0.270782,1
15,38,16,3.66847e+06,10.6717,0.89485,0.82914,9.42969e+15,0.000241701,1638.4,0.195782,1.38999e-11,0.075,0.270782,1
15,39,16,3.66847e+06,11.059,0.872919,0.780531,8.97359e+15,0.00023001,1638.4,0.195782,1.46064e-11,0.075,0.270782,0
15,40,16,3.66847e+06,11.6795,0.879659,0.845734,1.03481e+16,0.000265241,1638.4,0.195782,1.26663e-11,0.075,0.270782,1
15,41,16,3.66847e+06,8.89707,0.875803,0.810124,7.51781e+15,0.000192696,1638.4,0.195782,1.74349e-11,0.075,0.270782,0
15,42,16,3.66847e+06,10.6961,0.876529,0.820862,9.16536e+15,0.000234926,1638.4,0.195782,1.43008e-11,0.075,0.270782,1
15,43,16,3.66847e+06,8.61029,0.850519,0.82115,7.1616e+15,0.000183566,1638.4,0.195782,1.83021e-11,0.075,0.270782,0
15,44,16,3.66847e+06,10.3215,0.893135,0.764802,8.39641e+15,0.000215216,1638.4,0.195782,1.56105e-11,0.075,0.270782,0
15,45,16,3.66847e+06,8.87448,0.885594,0.822773,7.70094e+15,0.00019739,1638.4,0.195782,1.70203e-11,0.075,0.270782,1
15,46,16,3.66847e+06,11.3394,0.911556,0.768485,9.46006e+15,0.00024248,1638.4,0.195782,1.38553e-11,0.075,0.270782,1
15,47,16,3.66847e+06,8.64963,0.906407,0.845601,7.89537e+15,0.000202374,1638.4,0.195782,1.66011e-11,0.075,0.270782,0
15,48,16,3.66847e+06,8.72882,0.850289,0.822975,7.27436e+15,0.000186456,1638.4,0.195782,1.80184e-11,0.075,0.270782,1
15,49,16,3.66847e+06,11.9324,0.899794,0.827424,1.058e+16,0.000271186,1638.4,0.195782,1.23886e-11,0.075,0.270782,1
15,50,16,3.66847e+06,8.34502,0.921876,0.82199,7.531e+15,0.000193034,1638.4,0.195782,1.74043e-11,0.075,0.270782,1
15,51,16,3.66847e+06,8.00019,0.938998,0.830471,7.42978e+15,0.00019044,1638.4,0.195782,1.76414e-11,0.075,0.270782,0
15,52,16,3.66847e+06,10.2738,0.885657,0.758006,8.214e+15,0.000210541,1638.4,0.195782,1.59571e-11,0.075,0.270782,0
15,53,16,3.66847e+06,11.6916,0.894588,0.753102,9.38071e+15,0.000240446,1638.4,0.195782,1.39725e-11,0.075,0.270782,1
15,54,16,3.66847e+06,9.43785,0.887964,0.799458,7.97903e+15,0.000204518,1638.4,0.195782,1.64271e-11,0.075,0.270782,1
15,55,16,3.66847e+06,10.4867,0.858259,0.834435,8.9441e+15,0.000229255,1638.4,0.195782,1.46546e-11,0.075,0.270782,0
15,56,16,3.66847e+06,11.9422,0.869316,0.821663,1.01588e+16,0.00026039,1638.4,0.195782,1.29023e-11,0.075,0.270782,1
15,57,16,3.66847e+06,8.88659,0.900205,0.809475,7.71199e+15,0.000197673,1638.4,0.195782,1.69959e-11,0.075,0.270782,1
15,58,16,3.66847e+06,9.25151,0.850513,0.79726,7.47102e+15,0.000191497,1638.4,0.195782,1.75441e-11,0.075,0.270782,1
15,59,16,3.66847e+06,10.5129,0.854126,0.774511,8.28242e+15,0.000212294,1638.4,0.195782,1.58253e-11,0.075,0.270782,1
15,60,16,3.66847e+06,9.6916,0.916882,0.76894,8.13743e+15,0.000208578,1638.4,0.195782,1.61073e-11,0.075,0.270782,0
15,61,16,3.66847e+06,8.64467,0.93032,0.804179,7.70228e+15,0.000197424,1638.4,0.195782,1.70173e-11,0.075,0.270782,1
15,62,16,3.66847e+06,11.9638,0.915382,0.809907,1.05632e+16,0.000270754,1638.4,0.195782,1.24084e-11,0.075,0.270782,0
15,63,16,3.66847e+06,9.61327,0.928875,0.753115,8.00895e+15,0.000205285,1638.4,0.195782,1.63657e-11,0.075,0.270782,1
15,64,16,3.66847e+06,10.8077,0.934376,0.772921,9.29561e+15,0.000238265,1638.4,0.195782,1.41004e-11,0.075,0.270782,1
15,65,16,3.66847e+06,8.76641,0.858142,0.761113,6.81892e+15,0.000174782,1638.4,0.195782,1.92218e-11,0.075,0.270782,0
15,66,16,3.66847e+06,10.5142,0.943783,0.833154,9.84596e+15,0.000252371,1638.4,0.195782,1.33123e-11,0.075,0.270782,1
15,67,16,3.66847e+06,10.3569,0.887012,0.751214,8.21885e+15,0.000210665,1638.4,0.195782,1.59477e-11,0.075,0.270782,0
15,68,16,3.66847e+06,8.53512,0.90275,0.777284,7.13252e+15,0.00018282,1638.4,0.195782,1.83767e-11,0.075,0.270782,1
15,69,16,3.66847e+06,9.8748,0.945507,0.832653,9.25856e+15,0.000237315,1638.4,0.195782,1.41569e-11,0.075,0.270782,1
15,70,16,3.66847e+06,10.1521,0.913255,0.84585,9.33957e+15,0.000239391,1638.4,0.195782,1.40341e-11,0.075,0.270782,1
15,71,16,3.66847e+06,10.381,0.882619,0.794357,8.66794e+15,0.000222176,1638.4,0.195782,1.51215e-11,0.075,0.270782,1
15,72,16,3.66847e+06,11.9604,0.943547,0.814067,1.09409e+16,0.000280437,1638.4,0.195782,1.198e-11,0.075,0.270782,1
15,73,16,3.66847e+06,11.5521,0.896966,0.812943,1.00319e+16,0.000257137,1638.4,0.195782,1.30655e-11,0.075,0.270782,1
15,74,16,3.66847e+06,11.1491,0.9276,0.804502,9.90862e+15,0.000253977,1638.4,0.195782,1.32281e-11,0.075,0.270782,1
15,75,16,3.66847e+06,10.6646,0.946894,0.780783,9.38997e+15,0.000240683,1638.4,0.195782,1.39587e-11,0.075,0.270782,1
15,76,16,3.66847e+06,10.9118,0.895241,0.76408,8.88917e+15,0.000227847,1638.4,0.195782,1.47451e-11,0.075,0.270782,0
15,77,16,3.66847e+06,9.68508,0.949611,0.848594,9.2947e+15,0.000238241,1638.4,0.195782,1.41018e-11,0.075,0.270782,1
15,78,16,3.66847e+06,9.66326,0.933865,0.796769,8.563e+15,0.000219486,1638.4,0.195782,1.53068e-11,0.075,0.270782,1
15,79,16,3.66847e+06,9.07801,0.918438,0.837817,8.31908e+15,0.000213234,1638.4,0.195782,1.57556e-11,0.075,0.270782,1
15,80,16,3.66847e+06,8.703,0.946449,0.75705,7.42637e+15,0.000190352,1638.4,0.195782,1.76495e-11,0.075,0.270782,1
15,81,16,3.66847e+06,8.36016,0.908269,0.759667,6.86971e+15,0.000176084,1638.4,0.195782,1.90797e-11,0.075,0.270782,0
15,82,16,3.66847e+06,9.92275,0.92465,0.80423,8.78772e+15,0.000225246,1638.4,0.195782,1.49154e-11,0.075,0.270782,1
15,83,16,3.66847e+06,11.433,0.882861,0.808019,9.71312e+15,0.000248966,1638.4,0.195782,1.34943e-11,0.075,0.270782,0
15,84,16,3.66847e+06,10.9634,0.895452,0.840128,9.82244e+15,0.000251768,1638.4,0.195782,1.33441e-11,0.075,0.270782,0
15,85,16,3.66847e+06,9.41207,0.874313,0.762138,7.46916e+15,0.000191449,1638.4,0.195782,1.75484e-11,0.075,0.270782,0
15,86,16,3.66847e+06,11.2956,0.86835,0.802022,9.36868e+15,0.000240137,1638.4,0.195782,1.39904e-11,0.075,0.270782,1
15,87,16,3.66847e+06,9.66022,0.942038,0.821379,8.90196e+15,0.000228174,1638.4,0.195782,1.4724e-11,0.075,0.270782,1
15,88,16,3.66847e+06,10.2844,0.883219,0.806635,8.72593e+15,0.000223663,1638.4,0.195782,1.5021e-11,0.075,0.270782,1
15,89,16,3.66847e+06,9.2532,0.885901,0.822728,8.03193e+15,0.000205874,1638.4,0.195782,1.63189e-11,0.075,0.270782,0
15,90,16,3.66847e+06,11.0602,0.895589,0.770205,9.08578e+15,0.000232886,1638.4,0.195782,1.44261e-11,0.075,0.270782,1
15,91,16,3.66847e+06,10.3581,0.88757,0.838839,9.18434e+15,0.000235413,1638.4,0.195782,1.42712e-11,0.075,0.270782,0
15,92,16,3.66847e+06,11.6722,0.938446,0.803001,1.04753e+16,0.000268502,1638.4,0.195782,1.25125e-11,0.075,0.270782,0
15,93,16,3.66847e+06,9.77626,0.859941,0.786033,7.86989e+15,0.000201721,1638.4,0.195782,1.66549e-11,0.075,0.270782,1
15,94,16,3.66847e+06,9.43245,0.892306,0.755355,7.57139e+15,0.000194069,1638.4,0.195782,1.73115e-11,0.075,0.270782,1
15,95,16,3.66847e+06,9.43243,0.913931,0.78574,8.06682e+15,0.000206768,1638.4,0.195782,1.62483e-11,0.075,0.270782,1
15,96,16,3.66847e+06,11.5182,0.888153,0.835343,1.01771e+16,0.000260859,1638.4,0.195782,1.28791e-11,0.075,0.270782,0
15,97,16,3.66847e+06,10.5688,0.882475,0.751695,8.34943e+15,0.000214012,1638.4,0.195782,1.56983e-11,0.075,0.270782,1
15,98,16,3.66847e+06,9.5959,0.879123,0.836662,8.40565e+15,0.000215453,1638.4,0.195782,1.55933e-11,0.075,0.270782,1
15,99,16,3.66847e+06,11.7217,0.874721,0.845558,1.0325e+16,0.000264649,1638.4,0.195782,1.26947e-11,0.075,0.270782,1
15,100,16,3.66847e+06,10.7062,0.890655,0.772174,8.76894e+15,0.000224765,1638.4,0.195782,1.49473e-11,0.075,0.270782,1
